2026-04-16 16:05:07.572 [[36mbackground-preinit[0;39m] [[34mINFO [0;39m] [[32morg.hibernate.validator.internal.util.Version[0;39m]: HV000001: Hibernate Validator 6.0.22.Final
2026-04-16 16:05:07.585 [[36mmain[0;39m] [[34mINFO [0;39m] [[32mcom.mock.example.WebApplication[0;39m]: Starting WebApplication on DESKTOP-7M1N7N1 with PID 16412 (C:\Users\Tuilg\OneDrive\Desktop\springboot+vue gaokao\后端代码\example\deploy\target\classes started by Tuilg in C:\Users\Tuilg\OneDrive\Desktop\springboot+vue gaokao)
2026-04-16 16:05:07.585 [[36mmain[0;39m] [[34mINFO [0;39m] [[32mcom.mock.example.WebApplication[0;39m]: The following profiles are active: dev
2026-04-16 16:05:08.787 [[36mmain[0;39m] [[34mINFO [0;39m] [[32mo.s.c.s.PostProcessorRegistrationDelegate$BeanPostProcessorChecker[0;39m]: Bean 'org.springframework.security.access.expression.method.DefaultMethodSecurityExpressionHandler@47768e74' of type [org.springframework.security.access.expression.method.DefaultMethodSecurityExpressionHandler] is not eligible for getting processed by all BeanPostProcessors (for example: not eligible for auto-proxying)
2026-04-16 16:05:08.791 [[36mmain[0;39m] [[34mINFO [0;39m] [[32mo.s.c.s.PostProcessorRegistrationDelegate$BeanPostProcessorChecker[0;39m]: Bean 'methodSecurityMetadataSource' of type [org.springframework.security.access.method.DelegatingMethodSecurityMetadataSource] is not eligible for getting processed by all BeanPostProcessors (for example: not eligible for auto-proxying)
2026-04-16 16:05:08.952 [[36mmain[0;39m] [[34mINFO [0;39m] [[32mo.s.boot.web.embedded.tomcat.TomcatWebServer[0;39m]: Tomcat initialized with port(s): 8082 (http)
2026-04-16 16:05:08.958 [[36mmain[0;39m] [[34mINFO [0;39m] [[32morg.apache.coyote.http11.Http11NioProtocol[0;39m]: Initializing ProtocolHandler ["http-nio-8082"]
2026-04-16 16:05:08.958 [[36mmain[0;39m] [[34mINFO [0;39m] [[32morg.apache.catalina.core.StandardService[0;39m]: Starting service [Tomcat]
2026-04-16 16:05:08.958 [[36mmain[0;39m] [[34mINFO [0;39m] [[32morg.apache.catalina.core.StandardEngine[0;39m]: Starting Servlet engine: [Apache Tomcat/9.0.41]
2026-04-16 16:05:09.052 [[36mmain[0;39m] [[34mINFO [0;39m] [[32mo.a.catalina.core.ContainerBase.[Tomcat].[localhost].[/][0;39m]: Initializing Spring embedded WebApplicationContext
2026-04-16 16:05:09.052 [[36mmain[0;39m] [[34mINFO [0;39m] [[32mo.s.b.w.s.context.ServletWebServerApplicationContext[0;39m]: Root WebApplicationContext: initialization completed in 1440 ms
2026-04-16 16:05:09.287 [[36mmain[0;39m] [[34mINFO [0;39m] [[32mc.a.d.s.boot.autoconfigure.DruidDataSourceAutoConfigure[0;39m]: Init DruidDataSource
2026-04-16 16:05:09.398 [[36mmain[0;39m] [[34mINFO [0;39m] [[32mcom.alibaba.druid.pool.DruidDataSource[0;39m]: {dataSource-1} inited
2026-04-16 16:05:11.518 [[36mmain[0;39m] [[34mINFO [0;39m] [[32mo.s.scheduling.concurrent.ThreadPoolTaskExecutor[0;39m]: Initializing ExecutorService 'threadPoolTaskExecutor'
2026-04-16 16:05:11.770 [[36mmain[0;39m] [[34mINFO [0;39m] [[32mo.s.security.web.DefaultSecurityFilterChain[0;39m]: Creating filter chain: any request, [org.springframework.security.web.context.request.async.WebAsyncManagerIntegrationFilter@67f591c2, org.springframework.security.web.context.SecurityContextPersistenceFilter@e7b0bec, org.springframework.security.web.header.HeaderWriterFilter@210635fd, org.springframework.web.filter.CorsFilter@52c9d3d0, org.springframework.web.filter.CorsFilter@52c9d3d0, org.springframework.security.web.authentication.logout.LogoutFilter@1de08775, com.mock.example.common.config.security.filter.JwtAuthenticationTokenFilter@4391a2d8, org.springframework.security.web.savedrequest.RequestCacheAwareFilter@7d90644f, org.springframework.security.web.servletapi.SecurityContextHolderAwareRequestFilter@1a34a51e, org.springframework.security.web.authentication.AnonymousAuthenticationFilter@284c4f02, org.springframework.security.web.session.SessionManagementFilter@3fc1abf, org.springframework.security.web.access.ExceptionTranslationFilter@4d825dbe, org.springframework.security.web.access.intercept.FilterSecurityInterceptor@71b3ba5a]
2026-04-16 16:05:12.347 [[36mmain[0;39m] [[34mINFO [0;39m] [[32morg.apache.coyote.http11.Http11NioProtocol[0;39m]: Starting ProtocolHandler ["http-nio-8082"]
2026-04-16 16:05:12.364 [[36mmain[0;39m] [[34mINFO [0;39m] [[32mo.s.boot.web.embedded.tomcat.TomcatWebServer[0;39m]: Tomcat started on port(s): 8082 (http) with context path ''
2026-04-16 16:05:12.366 [[36mmain[0;39m] [[34mINFO [0;39m] [[32mcom.mock.example.WebApplication[0;39m]: Started WebApplication in 5.104 seconds (JVM running for 6.376)
2026-04-16 16:07:48.814 [[36mhttp-nio-8082-exec-1[0;39m] [[34mINFO [0;39m] [[32mo.a.catalina.core.ContainerBase.[Tomcat].[localhost].[/][0;39m]: Initializing Spring DispatcherServlet 'dispatcherServlet'
2026-04-16 16:07:48.815 [[36mhttp-nio-8082-exec-1[0;39m] [[34mINFO [0;39m] [[32morg.springframework.web.servlet.DispatcherServlet[0;39m]: Initializing Servlet 'dispatcherServlet'
2026-04-16 16:07:48.831 [[36mhttp-nio-8082-exec-1[0;39m] [[34mINFO [0;39m] [[32morg.springframework.web.servlet.DispatcherServlet[0;39m]: Completed initialization in 16 ms
2026-04-16 16:15:24.611 [[36mbackground-preinit[0;39m] [[34mINFO [0;39m] [[32morg.hibernate.validator.internal.util.Version[0;39m]: HV000001: Hibernate Validator 6.0.22.Final
2026-04-16 16:15:24.626 [[36mmain[0;39m] [[34mINFO [0;39m] [[32mcom.mock.example.WebApplication[0;39m]: Starting WebApplication on DESKTOP-7M1N7N1 with PID 29612 (C:\Users\Tuilg\OneDrive\Desktop\springboot+vue gaokao\后端代码\example\deploy\target\classes started by Tuilg in C:\Users\Tuilg\OneDrive\Desktop\springboot+vue gaokao)
2026-04-16 16:15:24.628 [[36mmain[0;39m] [[34mINFO [0;39m] [[32mcom.mock.example.WebApplication[0;39m]: The following profiles are active: dev
2026-04-16 16:15:26.302 [[36mmain[0;39m] [[34mINFO [0;39m] [[32mo.s.c.s.PostProcessorRegistrationDelegate$BeanPostProcessorChecker[0;39m]: Bean 'org.springframework.security.access.expression.method.DefaultMethodSecurityExpressionHandler@21eee94f' of type [org.springframework.security.access.expression.method.DefaultMethodSecurityExpressionHandler] is not eligible for getting processed by all BeanPostProcessors (for example: not eligible for auto-proxying)
2026-04-16 16:15:26.306 [[36mmain[0;39m] [[34mINFO [0;39m] [[32mo.s.c.s.PostProcessorRegistrationDelegate$BeanPostProcessorChecker[0;39m]: Bean 'methodSecurityMetadataSource' of type [org.springframework.security.access.method.DelegatingMethodSecurityMetadataSource] is not eligible for getting processed by all BeanPostProcessors (for example: not eligible for auto-proxying)
2026-04-16 16:15:26.571 [[36mmain[0;39m] [[34mINFO [0;39m] [[32mo.s.boot.web.embedded.tomcat.TomcatWebServer[0;39m]: Tomcat initialized with port(s): 8082 (http)
2026-04-16 16:15:26.580 [[36mmain[0;39m] [[34mINFO [0;39m] [[32morg.apache.coyote.http11.Http11NioProtocol[0;39m]: Initializing ProtocolHandler ["http-nio-8082"]
2026-04-16 16:15:26.580 [[36mmain[0;39m] [[34mINFO [0;39m] [[32morg.apache.catalina.core.StandardService[0;39m]: Starting service [Tomcat]
2026-04-16 16:15:26.582 [[36mmain[0;39m] [[34mINFO [0;39m] [[32morg.apache.catalina.core.StandardEngine[0;39m]: Starting Servlet engine: [Apache Tomcat/9.0.41]
2026-04-16 16:15:26.708 [[36mmain[0;39m] [[34mINFO [0;39m] [[32mo.a.catalina.core.ContainerBase.[Tomcat].[localhost].[/][0;39m]: Initializing Spring embedded WebApplicationContext
2026-04-16 16:15:26.712 [[36mmain[0;39m] [[34mINFO [0;39m] [[32mo.s.b.w.s.context.ServletWebServerApplicationContext[0;39m]: Root WebApplicationContext: initialization completed in 2046 ms
2026-04-16 16:15:27.017 [[36mmain[0;39m] [[34mINFO [0;39m] [[32mc.a.d.s.boot.autoconfigure.DruidDataSourceAutoConfigure[0;39m]: Init DruidDataSource
2026-04-16 16:15:27.199 [[36mmain[0;39m] [[34mINFO [0;39m] [[32mcom.alibaba.druid.pool.DruidDataSource[0;39m]: {dataSource-1} inited
2026-04-16 16:15:30.024 [[36mmain[0;39m] [[34mINFO [0;39m] [[32mo.s.scheduling.concurrent.ThreadPoolTaskExecutor[0;39m]: Initializing ExecutorService 'threadPoolTaskExecutor'
2026-04-16 16:15:30.357 [[36mmain[0;39m] [[34mINFO [0;39m] [[32mo.s.security.web.DefaultSecurityFilterChain[0;39m]: Creating filter chain: any request, [org.springframework.security.web.context.request.async.WebAsyncManagerIntegrationFilter@7db162f2, org.springframework.security.web.context.SecurityContextPersistenceFilter@37986daf, org.springframework.security.web.header.HeaderWriterFilter@61993d18, org.springframework.web.filter.CorsFilter@6f5d0190, org.springframework.web.filter.CorsFilter@6f5d0190, org.springframework.security.web.authentication.logout.LogoutFilter@702f4124, com.mock.example.common.config.security.filter.JwtAuthenticationTokenFilter@18dd5ed3, org.springframework.security.web.savedrequest.RequestCacheAwareFilter@55c03e4, org.springframework.security.web.servletapi.SecurityContextHolderAwareRequestFilter@667a467f, org.springframework.security.web.authentication.AnonymousAuthenticationFilter@64f3991e, org.springframework.security.web.session.SessionManagementFilter@26f5e45d, org.springframework.security.web.access.ExceptionTranslationFilter@79ba0285, org.springframework.security.web.access.intercept.FilterSecurityInterceptor@d1f23a0]
2026-04-16 16:15:31.112 [[36mmain[0;39m] [[34mINFO [0;39m] [[32morg.apache.coyote.http11.Http11NioProtocol[0;39m]: Starting ProtocolHandler ["http-nio-8082"]
2026-04-16 16:15:31.134 [[36mmain[0;39m] [[34mINFO [0;39m] [[32morg.apache.coyote.http11.Http11NioProtocol[0;39m]: Pausing ProtocolHandler ["http-nio-8082"]
2026-04-16 16:15:31.134 [[36mmain[0;39m] [[34mINFO [0;39m] [[32morg.apache.catalina.core.StandardService[0;39m]: Stopping service [Tomcat]
2026-04-16 16:15:31.137 [[36mmain[0;39m] [[34mINFO [0;39m] [[32morg.apache.coyote.http11.Http11NioProtocol[0;39m]: Stopping ProtocolHandler ["http-nio-8082"]
2026-04-16 16:15:31.139 [[36mmain[0;39m] [[34mINFO [0;39m] [[32morg.apache.coyote.http11.Http11NioProtocol[0;39m]: Destroying ProtocolHandler ["http-nio-8082"]
2026-04-16 16:15:31.142 [[36mmain[0;39m] [[34mINFO [0;39m] [[32mo.s.b.a.logging.ConditionEvaluationReportLoggingListener[0;39m]: 

Error starting ApplicationContext. To display the conditions report re-run your application with 'debug' enabled.
2026-04-16 16:15:31.147 [[36mmain[0;39m] [[1;31mERROR[0;39m] [[32mo.s.boot.diagnostics.LoggingFailureAnalysisReporter[0;39m]: 

***************************
APPLICATION FAILED TO START
***************************

Description:

Web server failed to start. Port 8082 was already in use.

Action:

Identify and stop the process that's listening on port 8082 or configure this application to listen on another port.

2026-04-16 16:15:31.152 [[36mmain[0;39m] [[34mINFO [0;39m] [[32mo.s.scheduling.concurrent.ThreadPoolTaskExecutor[0;39m]: Shutting down ExecutorService 'threadPoolTaskExecutor'
2026-04-16 16:15:31.157 [[36mmain[0;39m] [[34mINFO [0;39m] [[32mcom.alibaba.druid.pool.DruidDataSource[0;39m]: {dataSource-1} closed
2026-04-16 16:15:31.157 [[36mmain[0;39m] [[34mINFO [0;39m] [[32msys-user[0;39m]: ====关闭后台任务任务线程池====
2026-04-16 16:15:31.157 [[36mmain[0;39m] [[31mWARN [0;39m] [[32mo.s.context.annotation.CommonAnnotationBeanPostProcessor[0;39m]: Destroy method on bean with name 'shutdownManager' threw an exception: java.lang.ExceptionInInitializerError
2026-04-16 16:58:31.550 [[36mbackground-preinit[0;39m] [[34mINFO [0;39m] [[32morg.hibernate.validator.internal.util.Version[0;39m]: HV000001: Hibernate Validator 6.0.22.Final
2026-04-16 16:58:31.586 [[36mmain[0;39m] [[34mINFO [0;39m] [[32mcom.mock.example.WebApplication[0;39m]: Starting WebApplication on DESKTOP-7M1N7N1 with PID 28464 (C:\Users\Tuilg\OneDrive\Desktop\springboot+vue gaokao\后端代码\example\deploy\target\classes started by Tuilg in C:\Users\Tuilg\OneDrive\Desktop\springboot+vue gaokao)
2026-04-16 16:58:31.587 [[36mmain[0;39m] [[34mINFO [0;39m] [[32mcom.mock.example.WebApplication[0;39m]: The following profiles are active: dev
2026-04-16 16:58:34.440 [[36mmain[0;39m] [[34mINFO [0;39m] [[32mo.s.c.s.PostProcessorRegistrationDelegate$BeanPostProcessorChecker[0;39m]: Bean 'org.springframework.security.access.expression.method.DefaultMethodSecurityExpressionHandler@4bcaa195' of type [org.springframework.security.access.expression.method.DefaultMethodSecurityExpressionHandler] is not eligible for getting processed by all BeanPostProcessors (for example: not eligible for auto-proxying)
2026-04-16 16:58:34.451 [[36mmain[0;39m] [[34mINFO [0;39m] [[32mo.s.c.s.PostProcessorRegistrationDelegate$BeanPostProcessorChecker[0;39m]: Bean 'methodSecurityMetadataSource' of type [org.springframework.security.access.method.DelegatingMethodSecurityMetadataSource] is not eligible for getting processed by all BeanPostProcessors (for example: not eligible for auto-proxying)
2026-04-16 16:58:34.758 [[36mmain[0;39m] [[34mINFO [0;39m] [[32mo.s.boot.web.embedded.tomcat.TomcatWebServer[0;39m]: Tomcat initialized with port(s): 8082 (http)
2026-04-16 16:58:34.768 [[36mmain[0;39m] [[34mINFO [0;39m] [[32morg.apache.coyote.http11.Http11NioProtocol[0;39m]: Initializing ProtocolHandler ["http-nio-8082"]
2026-04-16 16:58:34.768 [[36mmain[0;39m] [[34mINFO [0;39m] [[32morg.apache.catalina.core.StandardService[0;39m]: Starting service [Tomcat]
2026-04-16 16:58:34.768 [[36mmain[0;39m] [[34mINFO [0;39m] [[32morg.apache.catalina.core.StandardEngine[0;39m]: Starting Servlet engine: [Apache Tomcat/9.0.41]
2026-04-16 16:58:34.912 [[36mmain[0;39m] [[34mINFO [0;39m] [[32mo.a.catalina.core.ContainerBase.[Tomcat].[localhost].[/][0;39m]: Initializing Spring embedded WebApplicationContext
2026-04-16 16:58:34.912 [[36mmain[0;39m] [[34mINFO [0;39m] [[32mo.s.b.w.s.context.ServletWebServerApplicationContext[0;39m]: Root WebApplicationContext: initialization completed in 3254 ms
2026-04-16 16:58:35.285 [[36mmain[0;39m] [[34mINFO [0;39m] [[32mc.a.d.s.boot.autoconfigure.DruidDataSourceAutoConfigure[0;39m]: Init DruidDataSource
2026-04-16 16:58:35.464 [[36mmain[0;39m] [[34mINFO [0;39m] [[32mcom.alibaba.druid.pool.DruidDataSource[0;39m]: {dataSource-1} inited
2026-04-16 16:58:38.944 [[36mmain[0;39m] [[34mINFO [0;39m] [[32mo.s.scheduling.concurrent.ThreadPoolTaskExecutor[0;39m]: Initializing ExecutorService 'threadPoolTaskExecutor'
2026-04-16 16:58:39.419 [[36mmain[0;39m] [[34mINFO [0;39m] [[32mo.s.security.web.DefaultSecurityFilterChain[0;39m]: Creating filter chain: any request, [org.springframework.security.web.context.request.async.WebAsyncManagerIntegrationFilter@333a44f2, org.springframework.security.web.context.SecurityContextPersistenceFilter@46a388cc, org.springframework.security.web.header.HeaderWriterFilter@1958c0d9, org.springframework.web.filter.CorsFilter@67f63d26, org.springframework.web.filter.CorsFilter@67f63d26, org.springframework.security.web.authentication.logout.LogoutFilter@710afd47, com.mock.example.common.config.security.filter.JwtAuthenticationTokenFilter@7741d346, org.springframework.security.web.savedrequest.RequestCacheAwareFilter@16e07bae, org.springframework.security.web.servletapi.SecurityContextHolderAwareRequestFilter@154864f8, org.springframework.security.web.authentication.AnonymousAuthenticationFilter@2c668c2a, org.springframework.security.web.session.SessionManagementFilter@61993d18, org.springframework.security.web.access.ExceptionTranslationFilter@1e606f64, org.springframework.security.web.access.intercept.FilterSecurityInterceptor@f810c18]
2026-04-16 16:58:40.439 [[36mmain[0;39m] [[34mINFO [0;39m] [[32morg.apache.coyote.http11.Http11NioProtocol[0;39m]: Starting ProtocolHandler ["http-nio-8082"]
2026-04-16 16:58:40.464 [[36mmain[0;39m] [[34mINFO [0;39m] [[32morg.apache.coyote.http11.Http11NioProtocol[0;39m]: Pausing ProtocolHandler ["http-nio-8082"]
2026-04-16 16:58:40.464 [[36mmain[0;39m] [[34mINFO [0;39m] [[32morg.apache.catalina.core.StandardService[0;39m]: Stopping service [Tomcat]
2026-04-16 16:58:40.468 [[36mmain[0;39m] [[34mINFO [0;39m] [[32morg.apache.coyote.http11.Http11NioProtocol[0;39m]: Stopping ProtocolHandler ["http-nio-8082"]
2026-04-16 16:58:40.468 [[36mmain[0;39m] [[34mINFO [0;39m] [[32morg.apache.coyote.http11.Http11NioProtocol[0;39m]: Destroying ProtocolHandler ["http-nio-8082"]
2026-04-16 16:58:40.474 [[36mmain[0;39m] [[34mINFO [0;39m] [[32mo.s.b.a.logging.ConditionEvaluationReportLoggingListener[0;39m]: 

Error starting ApplicationContext. To display the conditions report re-run your application with 'debug' enabled.
2026-04-16 16:58:40.481 [[36mmain[0;39m] [[1;31mERROR[0;39m] [[32mo.s.boot.diagnostics.LoggingFailureAnalysisReporter[0;39m]: 

***************************
APPLICATION FAILED TO START
***************************

Description:

Web server failed to start. Port 8082 was already in use.

Action:

Identify and stop the process that's listening on port 8082 or configure this application to listen on another port.

2026-04-16 16:58:40.486 [[36mmain[0;39m] [[34mINFO [0;39m] [[32mo.s.scheduling.concurrent.ThreadPoolTaskExecutor[0;39m]: Shutting down ExecutorService 'threadPoolTaskExecutor'
2026-04-16 16:58:40.494 [[36mmain[0;39m] [[34mINFO [0;39m] [[32mcom.alibaba.druid.pool.DruidDataSource[0;39m]: {dataSource-1} closed
2026-04-16 16:58:40.494 [[36mmain[0;39m] [[34mINFO [0;39m] [[32msys-user[0;39m]: ====关闭后台任务任务线程池====
2026-04-16 16:58:40.496 [[36mmain[0;39m] [[31mWARN [0;39m] [[32mo.s.context.annotation.CommonAnnotationBeanPostProcessor[0;39m]: Destroy method on bean with name 'shutdownManager' threw an exception: java.lang.ExceptionInInitializerError
2026-04-16 17:24:45.416 [[36mbackground-preinit[0;39m] [[34mINFO [0;39m] [[32morg.hibernate.validator.internal.util.Version[0;39m]: HV000001: Hibernate Validator 6.0.22.Final
2026-04-16 17:24:45.439 [[36mmain[0;39m] [[34mINFO [0;39m] [[32mcom.mock.example.WebApplication[0;39m]: Starting WebApplication on DESKTOP-7M1N7N1 with PID 19824 (C:\Users\Tuilg\OneDrive\Desktop\springboot+vue gaokao\后端代码\example\deploy\target\classes started by Tuilg in C:\Users\Tuilg\OneDrive\Desktop\springboot+vue gaokao)
2026-04-16 17:24:45.439 [[36mmain[0;39m] [[34mINFO [0;39m] [[32mcom.mock.example.WebApplication[0;39m]: The following profiles are active: dev
2026-04-16 17:24:46.973 [[36mmain[0;39m] [[34mINFO [0;39m] [[32mo.s.c.s.PostProcessorRegistrationDelegate$BeanPostProcessorChecker[0;39m]: Bean 'org.springframework.security.access.expression.method.DefaultMethodSecurityExpressionHandler@724aefc3' of type [org.springframework.security.access.expression.method.DefaultMethodSecurityExpressionHandler] is not eligible for getting processed by all BeanPostProcessors (for example: not eligible for auto-proxying)
2026-04-16 17:24:46.979 [[36mmain[0;39m] [[34mINFO [0;39m] [[32mo.s.c.s.PostProcessorRegistrationDelegate$BeanPostProcessorChecker[0;39m]: Bean 'methodSecurityMetadataSource' of type [org.springframework.security.access.method.DelegatingMethodSecurityMetadataSource] is not eligible for getting processed by all BeanPostProcessors (for example: not eligible for auto-proxying)
2026-04-16 17:24:47.205 [[36mmain[0;39m] [[34mINFO [0;39m] [[32mo.s.boot.web.embedded.tomcat.TomcatWebServer[0;39m]: Tomcat initialized with port(s): 8082 (http)
2026-04-16 17:24:47.216 [[36mmain[0;39m] [[34mINFO [0;39m] [[32morg.apache.coyote.http11.Http11NioProtocol[0;39m]: Initializing ProtocolHandler ["http-nio-8082"]
2026-04-16 17:24:47.217 [[36mmain[0;39m] [[34mINFO [0;39m] [[32morg.apache.catalina.core.StandardService[0;39m]: Starting service [Tomcat]
2026-04-16 17:24:47.218 [[36mmain[0;39m] [[34mINFO [0;39m] [[32morg.apache.catalina.core.StandardEngine[0;39m]: Starting Servlet engine: [Apache Tomcat/9.0.41]
2026-04-16 17:24:47.360 [[36mmain[0;39m] [[34mINFO [0;39m] [[32mo.a.catalina.core.ContainerBase.[Tomcat].[localhost].[/][0;39m]: Initializing Spring embedded WebApplicationContext
2026-04-16 17:24:47.360 [[36mmain[0;39m] [[34mINFO [0;39m] [[32mo.s.b.w.s.context.ServletWebServerApplicationContext[0;39m]: Root WebApplicationContext: initialization completed in 1886 ms
2026-04-16 17:24:47.635 [[36mmain[0;39m] [[34mINFO [0;39m] [[32mc.a.d.s.boot.autoconfigure.DruidDataSourceAutoConfigure[0;39m]: Init DruidDataSource
2026-04-16 17:24:47.762 [[36mmain[0;39m] [[34mINFO [0;39m] [[32mcom.alibaba.druid.pool.DruidDataSource[0;39m]: {dataSource-1} inited
2026-04-16 17:24:50.016 [[36mmain[0;39m] [[34mINFO [0;39m] [[32mo.s.scheduling.concurrent.ThreadPoolTaskExecutor[0;39m]: Initializing ExecutorService 'threadPoolTaskExecutor'
2026-04-16 17:24:50.337 [[36mmain[0;39m] [[34mINFO [0;39m] [[32mo.s.security.web.DefaultSecurityFilterChain[0;39m]: Creating filter chain: any request, [org.springframework.security.web.context.request.async.WebAsyncManagerIntegrationFilter@21a5b599, org.springframework.security.web.context.SecurityContextPersistenceFilter@704c3bdf, org.springframework.security.web.header.HeaderWriterFilter@6df2a206, org.springframework.web.filter.CorsFilter@679dd234, org.springframework.web.filter.CorsFilter@679dd234, org.springframework.security.web.authentication.logout.LogoutFilter@47797401, com.mock.example.common.config.security.filter.JwtAuthenticationTokenFilter@3e33b52e, org.springframework.security.web.savedrequest.RequestCacheAwareFilter@c82d925, org.springframework.security.web.servletapi.SecurityContextHolderAwareRequestFilter@64420e34, org.springframework.security.web.authentication.AnonymousAuthenticationFilter@7db162f2, org.springframework.security.web.session.SessionManagementFilter@6d3ad37a, org.springframework.security.web.access.ExceptionTranslationFilter@596afb2f, org.springframework.security.web.access.intercept.FilterSecurityInterceptor@2e159116]
2026-04-16 17:24:50.962 [[36mmain[0;39m] [[34mINFO [0;39m] [[32morg.apache.coyote.http11.Http11NioProtocol[0;39m]: Starting ProtocolHandler ["http-nio-8082"]
2026-04-16 17:24:50.987 [[36mmain[0;39m] [[34mINFO [0;39m] [[32mo.s.boot.web.embedded.tomcat.TomcatWebServer[0;39m]: Tomcat started on port(s): 8082 (http) with context path ''
2026-04-16 17:24:50.989 [[36mmain[0;39m] [[34mINFO [0;39m] [[32mcom.mock.example.WebApplication[0;39m]: Started WebApplication in 6.023 seconds (JVM running for 7.486)
2026-04-16 17:35:32.866 [[36mhttp-nio-8082-exec-1[0;39m] [[34mINFO [0;39m] [[32mo.a.catalina.core.ContainerBase.[Tomcat].[localhost].[/][0;39m]: Initializing Spring DispatcherServlet 'dispatcherServlet'
2026-04-16 17:35:32.867 [[36mhttp-nio-8082-exec-1[0;39m] [[34mINFO [0;39m] [[32morg.springframework.web.servlet.DispatcherServlet[0;39m]: Initializing Servlet 'dispatcherServlet'
2026-04-16 17:35:32.879 [[36mhttp-nio-8082-exec-1[0;39m] [[34mINFO [0;39m] [[32morg.springframework.web.servlet.DispatcherServlet[0;39m]: Completed initialization in 12 ms
2026-04-16 17:35:42.487 [[36mSpringContextShutdownHook[0;39m] [[34mINFO [0;39m] [[32mo.s.scheduling.concurrent.ThreadPoolTaskExecutor[0;39m]: Shutting down ExecutorService 'threadPoolTaskExecutor'
2026-04-16 17:35:42.495 [[36mSpringContextShutdownHook[0;39m] [[34mINFO [0;39m] [[32mcom.alibaba.druid.pool.DruidDataSource[0;39m]: {dataSource-1} closed
2026-04-16 17:35:42.495 [[36mSpringContextShutdownHook[0;39m] [[34mINFO [0;39m] [[32msys-user[0;39m]: ====关闭后台任务任务线程池====
2026-04-16 17:35:42.500 [[36mSpringContextShutdownHook[0;39m] [[31mWARN [0;39m] [[32mo.s.context.annotation.CommonAnnotationBeanPostProcessor[0;39m]: Destroy method on bean with name 'shutdownManager' threw an exception: java.lang.ExceptionInInitializerError
2026-04-16 17:35:48.419 [[36mbackground-preinit[0;39m] [[34mINFO [0;39m] [[32morg.hibernate.validator.internal.util.Version[0;39m]: HV000001: Hibernate Validator 6.0.22.Final
2026-04-16 17:35:48.447 [[36mmain[0;39m] [[34mINFO [0;39m] [[32mcom.mock.example.WebApplication[0;39m]: Starting WebApplication on DESKTOP-7M1N7N1 with PID 17836 (C:\Users\Tuilg\OneDrive\Desktop\springboot+vue gaokao\后端代码\example\deploy\target\classes started by Tuilg in C:\Users\Tuilg\OneDrive\Desktop\springboot+vue gaokao)
2026-04-16 17:35:48.447 [[36mmain[0;39m] [[34mINFO [0;39m] [[32mcom.mock.example.WebApplication[0;39m]: The following profiles are active: dev
2026-04-16 17:35:50.117 [[36mmain[0;39m] [[34mINFO [0;39m] [[32mo.s.c.s.PostProcessorRegistrationDelegate$BeanPostProcessorChecker[0;39m]: Bean 'org.springframework.security.access.expression.method.DefaultMethodSecurityExpressionHandler@724aefc3' of type [org.springframework.security.access.expression.method.DefaultMethodSecurityExpressionHandler] is not eligible for getting processed by all BeanPostProcessors (for example: not eligible for auto-proxying)
2026-04-16 17:35:50.123 [[36mmain[0;39m] [[34mINFO [0;39m] [[32mo.s.c.s.PostProcessorRegistrationDelegate$BeanPostProcessorChecker[0;39m]: Bean 'methodSecurityMetadataSource' of type [org.springframework.security.access.method.DelegatingMethodSecurityMetadataSource] is not eligible for getting processed by all BeanPostProcessors (for example: not eligible for auto-proxying)
2026-04-16 17:35:50.440 [[36mmain[0;39m] [[34mINFO [0;39m] [[32mo.s.boot.web.embedded.tomcat.TomcatWebServer[0;39m]: Tomcat initialized with port(s): 8082 (http)
2026-04-16 17:35:50.454 [[36mmain[0;39m] [[34mINFO [0;39m] [[32morg.apache.coyote.http11.Http11NioProtocol[0;39m]: Initializing ProtocolHandler ["http-nio-8082"]
2026-04-16 17:35:50.454 [[36mmain[0;39m] [[34mINFO [0;39m] [[32morg.apache.catalina.core.StandardService[0;39m]: Starting service [Tomcat]
2026-04-16 17:35:50.455 [[36mmain[0;39m] [[34mINFO [0;39m] [[32morg.apache.catalina.core.StandardEngine[0;39m]: Starting Servlet engine: [Apache Tomcat/9.0.41]
2026-04-16 17:35:50.590 [[36mmain[0;39m] [[34mINFO [0;39m] [[32mo.a.catalina.core.ContainerBase.[Tomcat].[localhost].[/][0;39m]: Initializing Spring embedded WebApplicationContext
2026-04-16 17:35:50.590 [[36mmain[0;39m] [[34mINFO [0;39m] [[32mo.s.b.w.s.context.ServletWebServerApplicationContext[0;39m]: Root WebApplicationContext: initialization completed in 2095 ms
2026-04-16 17:35:50.869 [[36mmain[0;39m] [[34mINFO [0;39m] [[32mc.a.d.s.boot.autoconfigure.DruidDataSourceAutoConfigure[0;39m]: Init DruidDataSource
2026-04-16 17:35:50.995 [[36mmain[0;39m] [[34mINFO [0;39m] [[32mcom.alibaba.druid.pool.DruidDataSource[0;39m]: {dataSource-1} inited
2026-04-16 17:35:53.648 [[36mmain[0;39m] [[34mINFO [0;39m] [[32mo.s.scheduling.concurrent.ThreadPoolTaskExecutor[0;39m]: Initializing ExecutorService 'threadPoolTaskExecutor'
2026-04-16 17:35:53.994 [[36mmain[0;39m] [[34mINFO [0;39m] [[32mo.s.security.web.DefaultSecurityFilterChain[0;39m]: Creating filter chain: any request, [org.springframework.security.web.context.request.async.WebAsyncManagerIntegrationFilter@39e3ea78, org.springframework.security.web.context.SecurityContextPersistenceFilter@55c03e4, org.springframework.security.web.header.HeaderWriterFilter@46a388cc, org.springframework.web.filter.CorsFilter@679dd234, org.springframework.web.filter.CorsFilter@679dd234, org.springframework.security.web.authentication.logout.LogoutFilter@7221539, com.mock.example.common.config.security.filter.JwtAuthenticationTokenFilter@3e33b52e, org.springframework.security.web.savedrequest.RequestCacheAwareFilter@605eb072, org.springframework.security.web.servletapi.SecurityContextHolderAwareRequestFilter@1488a861, org.springframework.security.web.authentication.AnonymousAuthenticationFilter@35e689a0, org.springframework.security.web.session.SessionManagementFilter@37986daf, org.springframework.security.web.access.ExceptionTranslationFilter@61993d18, org.springframework.security.web.access.intercept.FilterSecurityInterceptor@6b091a92]
2026-04-16 17:35:54.794 [[36mmain[0;39m] [[34mINFO [0;39m] [[32morg.apache.coyote.http11.Http11NioProtocol[0;39m]: Starting ProtocolHandler ["http-nio-8082"]
2026-04-16 17:35:54.831 [[36mmain[0;39m] [[34mINFO [0;39m] [[32mo.s.boot.web.embedded.tomcat.TomcatWebServer[0;39m]: Tomcat started on port(s): 8082 (http) with context path ''
2026-04-16 17:35:54.834 [[36mmain[0;39m] [[34mINFO [0;39m] [[32mcom.mock.example.WebApplication[0;39m]: Started WebApplication in 6.98 seconds (JVM running for 8.729)
2026-04-16 17:35:59.496 [[36mhttp-nio-8082-exec-1[0;39m] [[34mINFO [0;39m] [[32mo.a.catalina.core.ContainerBase.[Tomcat].[localhost].[/][0;39m]: Initializing Spring DispatcherServlet 'dispatcherServlet'
2026-04-16 17:35:59.497 [[36mhttp-nio-8082-exec-1[0;39m] [[34mINFO [0;39m] [[32morg.springframework.web.servlet.DispatcherServlet[0;39m]: Initializing Servlet 'dispatcherServlet'
2026-04-16 17:35:59.507 [[36mhttp-nio-8082-exec-1[0;39m] [[34mINFO [0;39m] [[32morg.springframework.web.servlet.DispatcherServlet[0;39m]: Completed initialization in 9 ms
2026-04-16 17:37:36.349 [[36mSpringContextShutdownHook[0;39m] [[34mINFO [0;39m] [[32mo.s.scheduling.concurrent.ThreadPoolTaskExecutor[0;39m]: Shutting down ExecutorService 'threadPoolTaskExecutor'
2026-04-16 17:37:36.357 [[36mSpringContextShutdownHook[0;39m] [[34mINFO [0;39m] [[32mcom.alibaba.druid.pool.DruidDataSource[0;39m]: {dataSource-1} closed
2026-04-16 17:37:36.357 [[36mSpringContextShutdownHook[0;39m] [[34mINFO [0;39m] [[32msys-user[0;39m]: ====关闭后台任务任务线程池====
2026-04-16 17:37:36.360 [[36mSpringContextShutdownHook[0;39m] [[31mWARN [0;39m] [[32mo.s.context.annotation.CommonAnnotationBeanPostProcessor[0;39m]: Destroy method on bean with name 'shutdownManager' threw an exception: java.lang.ExceptionInInitializerError
2026-04-16 17:39:13.964 [[36mbackground-preinit[0;39m] [[34mINFO [0;39m] [[32morg.hibernate.validator.internal.util.Version[0;39m]: HV000001: Hibernate Validator 6.0.22.Final
2026-04-16 17:39:13.979 [[36mmain[0;39m] [[34mINFO [0;39m] [[32mcom.mock.example.WebApplication[0;39m]: Starting WebApplication on DESKTOP-7M1N7N1 with PID 3828 (C:\Users\Tuilg\OneDrive\Desktop\springboot+vue gaokao\后端代码\example\deploy\target\classes started by Tuilg in C:\Users\Tuilg\OneDrive\Desktop\springboot+vue gaokao)
2026-04-16 17:39:13.979 [[36mmain[0;39m] [[34mINFO [0;39m] [[32mcom.mock.example.WebApplication[0;39m]: The following profiles are active: dev
2026-04-16 17:39:15.188 [[36mmain[0;39m] [[34mINFO [0;39m] [[32mo.s.c.s.PostProcessorRegistrationDelegate$BeanPostProcessorChecker[0;39m]: Bean 'org.springframework.security.access.expression.method.DefaultMethodSecurityExpressionHandler@31b7d869' of type [org.springframework.security.access.expression.method.DefaultMethodSecurityExpressionHandler] is not eligible for getting processed by all BeanPostProcessors (for example: not eligible for auto-proxying)
2026-04-16 17:39:15.191 [[36mmain[0;39m] [[34mINFO [0;39m] [[32mo.s.c.s.PostProcessorRegistrationDelegate$BeanPostProcessorChecker[0;39m]: Bean 'methodSecurityMetadataSource' of type [org.springframework.security.access.method.DelegatingMethodSecurityMetadataSource] is not eligible for getting processed by all BeanPostProcessors (for example: not eligible for auto-proxying)
2026-04-16 17:39:15.362 [[36mmain[0;39m] [[34mINFO [0;39m] [[32mo.s.boot.web.embedded.tomcat.TomcatWebServer[0;39m]: Tomcat initialized with port(s): 8082 (http)
2026-04-16 17:39:15.368 [[36mmain[0;39m] [[34mINFO [0;39m] [[32morg.apache.coyote.http11.Http11NioProtocol[0;39m]: Initializing ProtocolHandler ["http-nio-8082"]
2026-04-16 17:39:15.369 [[36mmain[0;39m] [[34mINFO [0;39m] [[32morg.apache.catalina.core.StandardService[0;39m]: Starting service [Tomcat]
2026-04-16 17:39:15.369 [[36mmain[0;39m] [[34mINFO [0;39m] [[32morg.apache.catalina.core.StandardEngine[0;39m]: Starting Servlet engine: [Apache Tomcat/9.0.41]
2026-04-16 17:39:15.464 [[36mmain[0;39m] [[34mINFO [0;39m] [[32mo.a.catalina.core.ContainerBase.[Tomcat].[localhost].[/][0;39m]: Initializing Spring embedded WebApplicationContext
2026-04-16 17:39:15.464 [[36mmain[0;39m] [[34mINFO [0;39m] [[32mo.s.b.w.s.context.ServletWebServerApplicationContext[0;39m]: Root WebApplicationContext: initialization completed in 1457 ms
2026-04-16 17:39:15.702 [[36mmain[0;39m] [[34mINFO [0;39m] [[32mc.a.d.s.boot.autoconfigure.DruidDataSourceAutoConfigure[0;39m]: Init DruidDataSource
2026-04-16 17:39:15.808 [[36mmain[0;39m] [[34mINFO [0;39m] [[32mcom.alibaba.druid.pool.DruidDataSource[0;39m]: {dataSource-1} inited
2026-04-16 17:39:17.961 [[36mmain[0;39m] [[34mINFO [0;39m] [[32mo.s.scheduling.concurrent.ThreadPoolTaskExecutor[0;39m]: Initializing ExecutorService 'threadPoolTaskExecutor'
2026-04-16 17:39:18.241 [[36mmain[0;39m] [[34mINFO [0;39m] [[32mo.s.security.web.DefaultSecurityFilterChain[0;39m]: Creating filter chain: any request, [org.springframework.security.web.context.request.async.WebAsyncManagerIntegrationFilter@21a5b599, org.springframework.security.web.context.SecurityContextPersistenceFilter@704c3bdf, org.springframework.security.web.header.HeaderWriterFilter@6df2a206, org.springframework.web.filter.CorsFilter@74b86971, org.springframework.web.filter.CorsFilter@74b86971, org.springframework.security.web.authentication.logout.LogoutFilter@47797401, com.mock.example.common.config.security.filter.JwtAuthenticationTokenFilter@2287395, org.springframework.security.web.savedrequest.RequestCacheAwareFilter@c82d925, org.springframework.security.web.servletapi.SecurityContextHolderAwareRequestFilter@64420e34, org.springframework.security.web.authentication.AnonymousAuthenticationFilter@7db162f2, org.springframework.security.web.session.SessionManagementFilter@6d3ad37a, org.springframework.security.web.access.ExceptionTranslationFilter@596afb2f, org.springframework.security.web.access.intercept.FilterSecurityInterceptor@2e159116]
2026-04-16 17:39:18.853 [[36mmain[0;39m] [[34mINFO [0;39m] [[32morg.apache.coyote.http11.Http11NioProtocol[0;39m]: Starting ProtocolHandler ["http-nio-8082"]
2026-04-16 17:39:18.871 [[36mmain[0;39m] [[34mINFO [0;39m] [[32mo.s.boot.web.embedded.tomcat.TomcatWebServer[0;39m]: Tomcat started on port(s): 8082 (http) with context path ''
2026-04-16 17:39:18.874 [[36mmain[0;39m] [[34mINFO [0;39m] [[32mcom.mock.example.WebApplication[0;39m]: Started WebApplication in 5.2 seconds (JVM running for 6.357)
2026-04-16 17:39:31.211 [[36mhttp-nio-8082-exec-1[0;39m] [[34mINFO [0;39m] [[32mo.a.catalina.core.ContainerBase.[Tomcat].[localhost].[/][0;39m]: Initializing Spring DispatcherServlet 'dispatcherServlet'
2026-04-16 17:39:31.212 [[36mhttp-nio-8082-exec-1[0;39m] [[34mINFO [0;39m] [[32morg.springframework.web.servlet.DispatcherServlet[0;39m]: Initializing Servlet 'dispatcherServlet'
2026-04-16 17:39:31.218 [[36mhttp-nio-8082-exec-1[0;39m] [[34mINFO [0;39m] [[32morg.springframework.web.servlet.DispatcherServlet[0;39m]: Completed initialization in 6 ms
2026-04-17 09:01:05.079 [[36mSpringContextShutdownHook[0;39m] [[34mINFO [0;39m] [[32mo.s.scheduling.concurrent.ThreadPoolTaskExecutor[0;39m]: Shutting down ExecutorService 'threadPoolTaskExecutor'
2026-04-17 09:01:05.091 [[36mSpringContextShutdownHook[0;39m] [[34mINFO [0;39m] [[32mcom.alibaba.druid.pool.DruidDataSource[0;39m]: {dataSource-1} closed
2026-04-17 09:01:05.092 [[36mSpringContextShutdownHook[0;39m] [[34mINFO [0;39m] [[32msys-user[0;39m]: ====关闭后台任务任务线程池====
2026-04-17 09:01:05.107 [[36mSpringContextShutdownHook[0;39m] [[31mWARN [0;39m] [[32mo.s.context.annotation.CommonAnnotationBeanPostProcessor[0;39m]: Destroy method on bean with name 'shutdownManager' threw an exception: java.lang.ExceptionInInitializerError
2026-04-17 09:01:15.162 [[36mbackground-preinit[0;39m] [[34mINFO [0;39m] [[32morg.hibernate.validator.internal.util.Version[0;39m]: HV000001: Hibernate Validator 6.0.22.Final
2026-04-17 09:01:15.186 [[36mmain[0;39m] [[34mINFO [0;39m] [[32mcom.mock.example.WebApplication[0;39m]: Starting WebApplication on DESKTOP-7M1N7N1 with PID 24804 (C:\Users\Tuilg\OneDrive\Desktop\springboot+vue gaokao\后端代码\example\deploy\target\classes started by Tuilg in C:\Users\Tuilg\OneDrive\Desktop\springboot+vue gaokao)
2026-04-17 09:01:15.187 [[36mmain[0;39m] [[34mINFO [0;39m] [[32mcom.mock.example.WebApplication[0;39m]: The following profiles are active: dev
2026-04-17 09:01:16.764 [[36mmain[0;39m] [[34mINFO [0;39m] [[32mo.s.c.s.PostProcessorRegistrationDelegate$BeanPostProcessorChecker[0;39m]: Bean 'org.springframework.security.access.expression.method.DefaultMethodSecurityExpressionHandler@3f362135' of type [org.springframework.security.access.expression.method.DefaultMethodSecurityExpressionHandler] is not eligible for getting processed by all BeanPostProcessors (for example: not eligible for auto-proxying)
2026-04-17 09:01:16.767 [[36mmain[0;39m] [[34mINFO [0;39m] [[32mo.s.c.s.PostProcessorRegistrationDelegate$BeanPostProcessorChecker[0;39m]: Bean 'methodSecurityMetadataSource' of type [org.springframework.security.access.method.DelegatingMethodSecurityMetadataSource] is not eligible for getting processed by all BeanPostProcessors (for example: not eligible for auto-proxying)
2026-04-17 09:01:17.016 [[36mmain[0;39m] [[34mINFO [0;39m] [[32mo.s.boot.web.embedded.tomcat.TomcatWebServer[0;39m]: Tomcat initialized with port(s): 8082 (http)
2026-04-17 09:01:17.026 [[36mmain[0;39m] [[34mINFO [0;39m] [[32morg.apache.coyote.http11.Http11NioProtocol[0;39m]: Initializing ProtocolHandler ["http-nio-8082"]
2026-04-17 09:01:17.026 [[36mmain[0;39m] [[34mINFO [0;39m] [[32morg.apache.catalina.core.StandardService[0;39m]: Starting service [Tomcat]
2026-04-17 09:01:17.026 [[36mmain[0;39m] [[34mINFO [0;39m] [[32morg.apache.catalina.core.StandardEngine[0;39m]: Starting Servlet engine: [Apache Tomcat/9.0.41]
2026-04-17 09:01:17.167 [[36mmain[0;39m] [[34mINFO [0;39m] [[32mo.a.catalina.core.ContainerBase.[Tomcat].[localhost].[/][0;39m]: Initializing Spring embedded WebApplicationContext
2026-04-17 09:01:17.167 [[36mmain[0;39m] [[34mINFO [0;39m] [[32mo.s.b.w.s.context.ServletWebServerApplicationContext[0;39m]: Root WebApplicationContext: initialization completed in 1941 ms
2026-04-17 09:01:17.398 [[36mmain[0;39m] [[34mINFO [0;39m] [[32mc.a.d.s.boot.autoconfigure.DruidDataSourceAutoConfigure[0;39m]: Init DruidDataSource
2026-04-17 09:01:17.510 [[36mmain[0;39m] [[34mINFO [0;39m] [[32mcom.alibaba.druid.pool.DruidDataSource[0;39m]: {dataSource-1} inited
2026-04-17 09:01:19.882 [[36mmain[0;39m] [[34mINFO [0;39m] [[32mo.s.scheduling.concurrent.ThreadPoolTaskExecutor[0;39m]: Initializing ExecutorService 'threadPoolTaskExecutor'
2026-04-17 09:01:20.183 [[36mmain[0;39m] [[34mINFO [0;39m] [[32mo.s.security.web.DefaultSecurityFilterChain[0;39m]: Creating filter chain: any request, [org.springframework.security.web.context.request.async.WebAsyncManagerIntegrationFilter@43b6cb1c, org.springframework.security.web.context.SecurityContextPersistenceFilter@605eb072, org.springframework.security.web.header.HeaderWriterFilter@16e07bae, org.springframework.web.filter.CorsFilter@39941489, org.springframework.web.filter.CorsFilter@39941489, org.springframework.security.web.authentication.logout.LogoutFilter@15be68b, com.mock.example.common.config.security.filter.JwtAuthenticationTokenFilter@61ff6a49, org.springframework.security.web.savedrequest.RequestCacheAwareFilter@1fa9692b, org.springframework.security.web.servletapi.SecurityContextHolderAwareRequestFilter@5432dca2, org.springframework.security.web.authentication.AnonymousAuthenticationFilter@3bf5911d, org.springframework.security.web.session.SessionManagementFilter@55c03e4, org.springframework.security.web.access.ExceptionTranslationFilter@46a388cc, org.springframework.security.web.access.intercept.FilterSecurityInterceptor@1de08775]
2026-04-17 09:01:20.852 [[36mmain[0;39m] [[34mINFO [0;39m] [[32morg.apache.coyote.http11.Http11NioProtocol[0;39m]: Starting ProtocolHandler ["http-nio-8082"]
2026-04-17 09:01:20.869 [[36mmain[0;39m] [[34mINFO [0;39m] [[32mo.s.boot.web.embedded.tomcat.TomcatWebServer[0;39m]: Tomcat started on port(s): 8082 (http) with context path ''
2026-04-17 09:01:20.875 [[36mmain[0;39m] [[34mINFO [0;39m] [[32mcom.mock.example.WebApplication[0;39m]: Started WebApplication in 6.167 seconds (JVM running for 7.588)
2026-04-17 09:01:28.234 [[36mhttp-nio-8082-exec-1[0;39m] [[34mINFO [0;39m] [[32mo.a.catalina.core.ContainerBase.[Tomcat].[localhost].[/][0;39m]: Initializing Spring DispatcherServlet 'dispatcherServlet'
2026-04-17 09:01:28.234 [[36mhttp-nio-8082-exec-1[0;39m] [[34mINFO [0;39m] [[32morg.springframework.web.servlet.DispatcherServlet[0;39m]: Initializing Servlet 'dispatcherServlet'
2026-04-17 09:01:28.242 [[36mhttp-nio-8082-exec-1[0;39m] [[34mINFO [0;39m] [[32morg.springframework.web.servlet.DispatcherServlet[0;39m]: Completed initialization in 8 ms
2026-04-17 09:05:15.078 [[36mSpringContextShutdownHook[0;39m] [[34mINFO [0;39m] [[32mo.s.scheduling.concurrent.ThreadPoolTaskExecutor[0;39m]: Shutting down ExecutorService 'threadPoolTaskExecutor'
2026-04-17 09:05:15.093 [[36mSpringContextShutdownHook[0;39m] [[34mINFO [0;39m] [[32mcom.alibaba.druid.pool.DruidDataSource[0;39m]: {dataSource-1} closed
2026-04-17 09:05:15.093 [[36mSpringContextShutdownHook[0;39m] [[34mINFO [0;39m] [[32msys-user[0;39m]: ====关闭后台任务任务线程池====
2026-04-17 09:05:15.100 [[36mSpringContextShutdownHook[0;39m] [[31mWARN [0;39m] [[32mo.s.context.annotation.CommonAnnotationBeanPostProcessor[0;39m]: Destroy method on bean with name 'shutdownManager' threw an exception: java.lang.ExceptionInInitializerError
2026-04-17 09:05:24.887 [[36mbackground-preinit[0;39m] [[34mINFO [0;39m] [[32morg.hibernate.validator.internal.util.Version[0;39m]: HV000001: Hibernate Validator 6.0.22.Final
2026-04-17 09:05:24.902 [[36mmain[0;39m] [[34mINFO [0;39m] [[32mcom.mock.example.WebApplication[0;39m]: Starting WebApplication on DESKTOP-7M1N7N1 with PID 26484 (C:\Users\Tuilg\OneDrive\Desktop\springboot+vue gaokao\后端代码\example\deploy\target\classes started by Tuilg in C:\Users\Tuilg\OneDrive\Desktop\springboot+vue gaokao)
2026-04-17 09:05:24.902 [[36mmain[0;39m] [[34mINFO [0;39m] [[32mcom.mock.example.WebApplication[0;39m]: The following profiles are active: dev
2026-04-17 09:05:26.167 [[36mmain[0;39m] [[34mINFO [0;39m] [[32mo.s.c.s.PostProcessorRegistrationDelegate$BeanPostProcessorChecker[0;39m]: Bean 'org.springframework.security.access.expression.method.DefaultMethodSecurityExpressionHandler@47768e74' of type [org.springframework.security.access.expression.method.DefaultMethodSecurityExpressionHandler] is not eligible for getting processed by all BeanPostProcessors (for example: not eligible for auto-proxying)
2026-04-17 09:05:26.171 [[36mmain[0;39m] [[34mINFO [0;39m] [[32mo.s.c.s.PostProcessorRegistrationDelegate$BeanPostProcessorChecker[0;39m]: Bean 'methodSecurityMetadataSource' of type [org.springframework.security.access.method.DelegatingMethodSecurityMetadataSource] is not eligible for getting processed by all BeanPostProcessors (for example: not eligible for auto-proxying)
2026-04-17 09:05:26.357 [[36mmain[0;39m] [[34mINFO [0;39m] [[32mo.s.boot.web.embedded.tomcat.TomcatWebServer[0;39m]: Tomcat initialized with port(s): 8082 (http)
2026-04-17 09:05:26.363 [[36mmain[0;39m] [[34mINFO [0;39m] [[32morg.apache.coyote.http11.Http11NioProtocol[0;39m]: Initializing ProtocolHandler ["http-nio-8082"]
2026-04-17 09:05:26.364 [[36mmain[0;39m] [[34mINFO [0;39m] [[32morg.apache.catalina.core.StandardService[0;39m]: Starting service [Tomcat]
2026-04-17 09:05:26.364 [[36mmain[0;39m] [[34mINFO [0;39m] [[32morg.apache.catalina.core.StandardEngine[0;39m]: Starting Servlet engine: [Apache Tomcat/9.0.41]
2026-04-17 09:05:26.473 [[36mmain[0;39m] [[34mINFO [0;39m] [[32mo.a.catalina.core.ContainerBase.[Tomcat].[localhost].[/][0;39m]: Initializing Spring embedded WebApplicationContext
2026-04-17 09:05:26.473 [[36mmain[0;39m] [[34mINFO [0;39m] [[32mo.s.b.w.s.context.ServletWebServerApplicationContext[0;39m]: Root WebApplicationContext: initialization completed in 1541 ms
2026-04-17 09:05:26.698 [[36mmain[0;39m] [[34mINFO [0;39m] [[32mc.a.d.s.boot.autoconfigure.DruidDataSourceAutoConfigure[0;39m]: Init DruidDataSource
2026-04-17 09:05:26.845 [[36mmain[0;39m] [[34mINFO [0;39m] [[32mcom.alibaba.druid.pool.DruidDataSource[0;39m]: {dataSource-1} inited
2026-04-17 09:05:28.987 [[36mmain[0;39m] [[34mINFO [0;39m] [[32mo.s.scheduling.concurrent.ThreadPoolTaskExecutor[0;39m]: Initializing ExecutorService 'threadPoolTaskExecutor'
2026-04-17 09:05:29.253 [[36mmain[0;39m] [[34mINFO [0;39m] [[32mo.s.security.web.DefaultSecurityFilterChain[0;39m]: Creating filter chain: any request, [org.springframework.security.web.context.request.async.WebAsyncManagerIntegrationFilter@709d6de5, org.springframework.security.web.context.SecurityContextPersistenceFilter@7d90644f, org.springframework.security.web.header.HeaderWriterFilter@3cb195dd, org.springframework.web.filter.CorsFilter@52c9d3d0, org.springframework.web.filter.CorsFilter@52c9d3d0, org.springframework.security.web.authentication.logout.LogoutFilter@21a5b599, com.mock.example.common.config.security.filter.JwtAuthenticationTokenFilter@4391a2d8, org.springframework.security.web.savedrequest.RequestCacheAwareFilter@59f3426f, org.springframework.security.web.servletapi.SecurityContextHolderAwareRequestFilter@2c668c2a, org.springframework.security.web.authentication.AnonymousAuthenticationFilter@1a43a88e, org.springframework.security.web.session.SessionManagementFilter@e7b0bec, org.springframework.security.web.access.ExceptionTranslationFilter@210635fd, org.springframework.security.web.access.intercept.FilterSecurityInterceptor@a047bdb]
2026-04-17 09:05:29.865 [[36mmain[0;39m] [[34mINFO [0;39m] [[32morg.apache.coyote.http11.Http11NioProtocol[0;39m]: Starting ProtocolHandler ["http-nio-8082"]
2026-04-17 09:05:29.894 [[36mmain[0;39m] [[34mINFO [0;39m] [[32mo.s.boot.web.embedded.tomcat.TomcatWebServer[0;39m]: Tomcat started on port(s): 8082 (http) with context path ''
2026-04-17 09:05:29.896 [[36mmain[0;39m] [[34mINFO [0;39m] [[32mcom.mock.example.WebApplication[0;39m]: Started WebApplication in 5.314 seconds (JVM running for 6.423)
2026-04-17 09:06:27.018 [[36mhttp-nio-8082-exec-1[0;39m] [[34mINFO [0;39m] [[32mo.a.catalina.core.ContainerBase.[Tomcat].[localhost].[/][0;39m]: Initializing Spring DispatcherServlet 'dispatcherServlet'
2026-04-17 09:06:27.018 [[36mhttp-nio-8082-exec-1[0;39m] [[34mINFO [0;39m] [[32morg.springframework.web.servlet.DispatcherServlet[0;39m]: Initializing Servlet 'dispatcherServlet'
2026-04-17 09:06:27.026 [[36mhttp-nio-8082-exec-1[0;39m] [[34mINFO [0;39m] [[32morg.springframework.web.servlet.DispatcherServlet[0;39m]: Completed initialization in 7 ms
2026-04-17 09:06:49.329 [[36mhttp-nio-8082-exec-6[0;39m] [[34mINFO [0;39m] [[32mc.m.e.interfaces.controller.entrance.CeCollegeController[0;39m]: 【上传接收】文件名: 1776323443287院校导入模板.xlsx, 大小: 9258607 bytes, 内容类型: application/vnd.openxmlformats-officedocument.spreadsheetml.sheet
2026-04-17 10:32:52.279 [[36mhttp-nio-8082-exec-6[0;39m] [[34mINFO [0;39m] [[32mc.m.e.interfaces.controller.entrance.CeCollegeController[0;39m]: Excel 解析成功，共 91900 条数据
2026-04-17 10:34:26.134 [[36mhttp-nio-8082-exec-4[0;39m] [[34mINFO [0;39m] [[32mc.m.e.interfaces.controller.entrance.CeCollegeController[0;39m]: 【上传接收】文件名: 1776323443287院校导入模板.xlsx, 大小: 9258607 bytes, 内容类型: application/vnd.openxmlformats-officedocument.spreadsheetml.sheet
2026-04-17 10:34:38.723 [[36mhttp-nio-8082-exec-6[0;39m] [[34mINFO [0;39m] [[32mc.m.e.interfaces.controller.entrance.CeCollegeController[0;39m]: 【上传接收】文件名: 1776310571870院校导入模板.xlsx, 大小: 1003948 bytes, 内容类型: application/vnd.openxmlformats-officedocument.spreadsheetml.sheet
2026-04-17 10:36:08.006 [[36mhttp-nio-8082-exec-6[0;39m] [[34mINFO [0;39m] [[32mc.m.e.interfaces.controller.entrance.CeCollegeController[0;39m]: Excel 解析成功，共 9998 条数据
2026-04-17 10:40:05.360 [[36mSpringContextShutdownHook[0;39m] [[34mINFO [0;39m] [[32mo.s.scheduling.concurrent.ThreadPoolTaskExecutor[0;39m]: Shutting down ExecutorService 'threadPoolTaskExecutor'
2026-04-17 10:40:05.370 [[36mSpringContextShutdownHook[0;39m] [[34mINFO [0;39m] [[32mcom.alibaba.druid.pool.DruidDataSource[0;39m]: {dataSource-1} closed
2026-04-17 10:40:05.371 [[36mSpringContextShutdownHook[0;39m] [[34mINFO [0;39m] [[32msys-user[0;39m]: ====关闭后台任务任务线程池====
2026-04-17 10:40:05.383 [[36mSpringContextShutdownHook[0;39m] [[31mWARN [0;39m] [[32mo.s.context.annotation.CommonAnnotationBeanPostProcessor[0;39m]: Destroy method on bean with name 'shutdownManager' threw an exception: java.lang.ExceptionInInitializerError
2026-04-17 10:41:14.387 [[36mbackground-preinit[0;39m] [[34mINFO [0;39m] [[32morg.hibernate.validator.internal.util.Version[0;39m]: HV000001: Hibernate Validator 6.0.22.Final
2026-04-17 10:41:14.414 [[36mmain[0;39m] [[34mINFO [0;39m] [[32mcom.mock.example.WebApplication[0;39m]: Starting WebApplication on DESKTOP-7M1N7N1 with PID 27404 (C:\Users\Tuilg\OneDrive\Desktop\springboot+vue gaokao\后端代码\example\deploy\target\classes started by Tuilg in C:\Users\Tuilg\OneDrive\Desktop\springboot+vue gaokao)
2026-04-17 10:41:14.415 [[36mmain[0;39m] [[34mINFO [0;39m] [[32mcom.mock.example.WebApplication[0;39m]: The following profiles are active: dev
2026-04-17 10:41:16.372 [[36mmain[0;39m] [[34mINFO [0;39m] [[32mo.s.c.s.PostProcessorRegistrationDelegate$BeanPostProcessorChecker[0;39m]: Bean 'org.springframework.security.access.expression.method.DefaultMethodSecurityExpressionHandler@1a8b81e8' of type [org.springframework.security.access.expression.method.DefaultMethodSecurityExpressionHandler] is not eligible for getting processed by all BeanPostProcessors (for example: not eligible for auto-proxying)
2026-04-17 10:41:16.378 [[36mmain[0;39m] [[34mINFO [0;39m] [[32mo.s.c.s.PostProcessorRegistrationDelegate$BeanPostProcessorChecker[0;39m]: Bean 'methodSecurityMetadataSource' of type [org.springframework.security.access.method.DelegatingMethodSecurityMetadataSource] is not eligible for getting processed by all BeanPostProcessors (for example: not eligible for auto-proxying)
2026-04-17 10:41:16.608 [[36mmain[0;39m] [[34mINFO [0;39m] [[32mo.s.boot.web.embedded.tomcat.TomcatWebServer[0;39m]: Tomcat initialized with port(s): 8082 (http)
2026-04-17 10:41:16.618 [[36mmain[0;39m] [[34mINFO [0;39m] [[32morg.apache.coyote.http11.Http11NioProtocol[0;39m]: Initializing ProtocolHandler ["http-nio-8082"]
2026-04-17 10:41:16.618 [[36mmain[0;39m] [[34mINFO [0;39m] [[32morg.apache.catalina.core.StandardService[0;39m]: Starting service [Tomcat]
2026-04-17 10:41:16.618 [[36mmain[0;39m] [[34mINFO [0;39m] [[32morg.apache.catalina.core.StandardEngine[0;39m]: Starting Servlet engine: [Apache Tomcat/9.0.41]
2026-04-17 10:41:16.735 [[36mmain[0;39m] [[34mINFO [0;39m] [[32mo.a.catalina.core.ContainerBase.[Tomcat].[localhost].[/][0;39m]: Initializing Spring embedded WebApplicationContext
2026-04-17 10:41:16.735 [[36mmain[0;39m] [[34mINFO [0;39m] [[32mo.s.b.w.s.context.ServletWebServerApplicationContext[0;39m]: Root WebApplicationContext: initialization completed in 2279 ms
2026-04-17 10:41:16.985 [[36mmain[0;39m] [[34mINFO [0;39m] [[32mc.a.d.s.boot.autoconfigure.DruidDataSourceAutoConfigure[0;39m]: Init DruidDataSource
2026-04-17 10:41:17.103 [[36mmain[0;39m] [[34mINFO [0;39m] [[32mcom.alibaba.druid.pool.DruidDataSource[0;39m]: {dataSource-1} inited
2026-04-17 10:41:19.272 [[36mmain[0;39m] [[34mINFO [0;39m] [[32mo.s.scheduling.concurrent.ThreadPoolTaskExecutor[0;39m]: Initializing ExecutorService 'threadPoolTaskExecutor'
2026-04-17 10:41:19.601 [[36mmain[0;39m] [[34mINFO [0;39m] [[32mo.s.security.web.DefaultSecurityFilterChain[0;39m]: Creating filter chain: any request, [org.springframework.security.web.context.request.async.WebAsyncManagerIntegrationFilter@ac417a2, org.springframework.security.web.context.SecurityContextPersistenceFilter@356341c9, org.springframework.security.web.header.HeaderWriterFilter@1488a861, org.springframework.web.filter.CorsFilter@da4cf09, org.springframework.web.filter.CorsFilter@da4cf09, org.springframework.security.web.authentication.logout.LogoutFilter@1ad1b737, com.mock.example.common.config.security.filter.JwtAuthenticationTokenFilter@15d0d6c9, org.springframework.security.web.savedrequest.RequestCacheAwareFilter@5d96d434, org.springframework.security.web.servletapi.SecurityContextHolderAwareRequestFilter@3cbfdf5c, org.springframework.security.web.authentication.AnonymousAuthenticationFilter@64c95480, org.springframework.security.web.session.SessionManagementFilter@15be68b, org.springframework.security.web.access.ExceptionTranslationFilter@667a467f, org.springframework.security.web.access.intercept.FilterSecurityInterceptor@ca2cd5e]
2026-04-17 10:41:20.190 [[36mmain[0;39m] [[34mINFO [0;39m] [[32morg.apache.coyote.http11.Http11NioProtocol[0;39m]: Starting ProtocolHandler ["http-nio-8082"]
2026-04-17 10:41:20.208 [[36mmain[0;39m] [[34mINFO [0;39m] [[32mo.s.boot.web.embedded.tomcat.TomcatWebServer[0;39m]: Tomcat started on port(s): 8082 (http) with context path ''
2026-04-17 10:41:20.211 [[36mmain[0;39m] [[34mINFO [0;39m] [[32mcom.mock.example.WebApplication[0;39m]: Started WebApplication in 6.262 seconds (JVM running for 7.805)
2026-04-17 10:41:23.272 [[36mhttp-nio-8082-exec-1[0;39m] [[34mINFO [0;39m] [[32mo.a.catalina.core.ContainerBase.[Tomcat].[localhost].[/][0;39m]: Initializing Spring DispatcherServlet 'dispatcherServlet'
2026-04-17 10:41:23.272 [[36mhttp-nio-8082-exec-1[0;39m] [[34mINFO [0;39m] [[32morg.springframework.web.servlet.DispatcherServlet[0;39m]: Initializing Servlet 'dispatcherServlet'
2026-04-17 10:41:23.281 [[36mhttp-nio-8082-exec-1[0;39m] [[34mINFO [0;39m] [[32morg.springframework.web.servlet.DispatcherServlet[0;39m]: Completed initialization in 9 ms
2026-04-17 10:41:37.124 [[36mhttp-nio-8082-exec-2[0;39m] [[34mINFO [0;39m] [[32mc.m.e.interfaces.controller.entrance.CeCollegeController[0;39m]: 【上传接收】文件名: 1776323443287院校导入模板.xlsx, 大小: 9258607 bytes, 内容类型: application/vnd.openxmlformats-officedocument.spreadsheetml.sheet
2026-04-17 10:52:06.161 [[36mSpringContextShutdownHook[0;39m] [[34mINFO [0;39m] [[32mo.s.scheduling.concurrent.ThreadPoolTaskExecutor[0;39m]: Shutting down ExecutorService 'threadPoolTaskExecutor'
2026-04-17 10:52:06.178 [[36mSpringContextShutdownHook[0;39m] [[34mINFO [0;39m] [[32mcom.alibaba.druid.pool.DruidDataSource[0;39m]: {dataSource-1} closed
2026-04-17 10:52:06.179 [[36mSpringContextShutdownHook[0;39m] [[34mINFO [0;39m] [[32msys-user[0;39m]: ====关闭后台任务任务线程池====
2026-04-17 10:52:06.184 [[36mSpringContextShutdownHook[0;39m] [[31mWARN [0;39m] [[32mo.s.context.annotation.CommonAnnotationBeanPostProcessor[0;39m]: Destroy method on bean with name 'shutdownManager' threw an exception: java.lang.ExceptionInInitializerError
2026-04-17 10:54:11.522 [[36mbackground-preinit[0;39m] [[34mINFO [0;39m] [[32morg.hibernate.validator.internal.util.Version[0;39m]: HV000001: Hibernate Validator 6.0.22.Final
2026-04-17 10:54:11.545 [[36mmain[0;39m] [[34mINFO [0;39m] [[32mcom.mock.example.WebApplication[0;39m]: Starting WebApplication on DESKTOP-7M1N7N1 with PID 10444 (C:\Users\Tuilg\OneDrive\Desktop\springboot+vue gaokao\后端代码\example\deploy\target\classes started by Tuilg in C:\Users\Tuilg\OneDrive\Desktop\springboot+vue gaokao)
2026-04-17 10:54:11.545 [[36mmain[0;39m] [[34mINFO [0;39m] [[32mcom.mock.example.WebApplication[0;39m]: The following profiles are active: dev
2026-04-17 10:54:12.947 [[36mmain[0;39m] [[34mINFO [0;39m] [[32mo.s.c.s.PostProcessorRegistrationDelegate$BeanPostProcessorChecker[0;39m]: Bean 'org.springframework.security.access.expression.method.DefaultMethodSecurityExpressionHandler@69cd1085' of type [org.springframework.security.access.expression.method.DefaultMethodSecurityExpressionHandler] is not eligible for getting processed by all BeanPostProcessors (for example: not eligible for auto-proxying)
2026-04-17 10:54:12.953 [[36mmain[0;39m] [[34mINFO [0;39m] [[32mo.s.c.s.PostProcessorRegistrationDelegate$BeanPostProcessorChecker[0;39m]: Bean 'methodSecurityMetadataSource' of type [org.springframework.security.access.method.DelegatingMethodSecurityMetadataSource] is not eligible for getting processed by all BeanPostProcessors (for example: not eligible for auto-proxying)
2026-04-17 10:54:13.159 [[36mmain[0;39m] [[34mINFO [0;39m] [[32mo.s.boot.web.embedded.tomcat.TomcatWebServer[0;39m]: Tomcat initialized with port(s): 8082 (http)
2026-04-17 10:54:13.168 [[36mmain[0;39m] [[34mINFO [0;39m] [[32morg.apache.coyote.http11.Http11NioProtocol[0;39m]: Initializing ProtocolHandler ["http-nio-8082"]
2026-04-17 10:54:13.169 [[36mmain[0;39m] [[34mINFO [0;39m] [[32morg.apache.catalina.core.StandardService[0;39m]: Starting service [Tomcat]
2026-04-17 10:54:13.169 [[36mmain[0;39m] [[34mINFO [0;39m] [[32morg.apache.catalina.core.StandardEngine[0;39m]: Starting Servlet engine: [Apache Tomcat/9.0.41]
2026-04-17 10:54:13.279 [[36mmain[0;39m] [[34mINFO [0;39m] [[32mo.a.catalina.core.ContainerBase.[Tomcat].[localhost].[/][0;39m]: Initializing Spring embedded WebApplicationContext
2026-04-17 10:54:13.279 [[36mmain[0;39m] [[34mINFO [0;39m] [[32mo.s.b.w.s.context.ServletWebServerApplicationContext[0;39m]: Root WebApplicationContext: initialization completed in 1701 ms
2026-04-17 10:54:13.530 [[36mmain[0;39m] [[34mINFO [0;39m] [[32mc.a.d.s.boot.autoconfigure.DruidDataSourceAutoConfigure[0;39m]: Init DruidDataSource
2026-04-17 10:54:13.655 [[36mmain[0;39m] [[34mINFO [0;39m] [[32mcom.alibaba.druid.pool.DruidDataSource[0;39m]: {dataSource-1} inited
2026-04-17 10:54:15.905 [[36mmain[0;39m] [[34mINFO [0;39m] [[32mo.s.scheduling.concurrent.ThreadPoolTaskExecutor[0;39m]: Initializing ExecutorService 'threadPoolTaskExecutor'
2026-04-17 10:54:16.225 [[36mmain[0;39m] [[34mINFO [0;39m] [[32mo.s.security.web.DefaultSecurityFilterChain[0;39m]: Creating filter chain: any request, [org.springframework.security.web.context.request.async.WebAsyncManagerIntegrationFilter@563263a, org.springframework.security.web.context.SecurityContextPersistenceFilter@7b79ff1c, org.springframework.security.web.header.HeaderWriterFilter@a120b9, org.springframework.web.filter.CorsFilter@575cabf0, org.springframework.web.filter.CorsFilter@575cabf0, org.springframework.security.web.authentication.logout.LogoutFilter@1a43a88e, com.mock.example.common.config.security.filter.JwtAuthenticationTokenFilter@1eb9a3ef, org.springframework.security.web.savedrequest.RequestCacheAwareFilter@194037f9, org.springframework.security.web.servletapi.SecurityContextHolderAwareRequestFilter@1c43df76, org.springframework.security.web.authentication.AnonymousAuthenticationFilter@53e28097, org.springframework.security.web.session.SessionManagementFilter@246de37e, org.springframework.security.web.access.ExceptionTranslationFilter@6f1d799, org.springframework.security.web.access.intercept.FilterSecurityInterceptor@1ff463bb]
2026-04-17 10:54:16.845 [[36mmain[0;39m] [[34mINFO [0;39m] [[32morg.apache.coyote.http11.Http11NioProtocol[0;39m]: Starting ProtocolHandler ["http-nio-8082"]
2026-04-17 10:54:16.864 [[36mmain[0;39m] [[34mINFO [0;39m] [[32mo.s.boot.web.embedded.tomcat.TomcatWebServer[0;39m]: Tomcat started on port(s): 8082 (http) with context path ''
2026-04-17 10:54:16.866 [[36mmain[0;39m] [[34mINFO [0;39m] [[32mcom.mock.example.WebApplication[0;39m]: Started WebApplication in 5.715 seconds (JVM running for 6.92)
2026-04-17 10:54:32.379 [[36mhttp-nio-8082-exec-1[0;39m] [[34mINFO [0;39m] [[32mo.a.catalina.core.ContainerBase.[Tomcat].[localhost].[/][0;39m]: Initializing Spring DispatcherServlet 'dispatcherServlet'
2026-04-17 10:54:32.380 [[36mhttp-nio-8082-exec-1[0;39m] [[34mINFO [0;39m] [[32morg.springframework.web.servlet.DispatcherServlet[0;39m]: Initializing Servlet 'dispatcherServlet'
2026-04-17 10:54:32.390 [[36mhttp-nio-8082-exec-1[0;39m] [[34mINFO [0;39m] [[32morg.springframework.web.servlet.DispatcherServlet[0;39m]: Completed initialization in 10 ms
2026-04-17 10:56:47.076 [[36mthreadPoolTaskExecutor-1[0;39m] [[1;31mERROR[0;39m] [[32mc.mock.example.modules.entrance.service.CeCollegeService[0;39m]: 异步导入任务异常
com.mock.example.common.exception.BizException: 获取用户账户异常
	at com.mock.example.common.utils.SecurityUtil.getUsername(SecurityUtil.java:58)
	at com.mock.example.modules.entrance.service.CeCollegeService.importCollegeDataWithTaskId(CeCollegeService.java:132)
	at com.mock.example.modules.entrance.service.CeCollegeService.importCollegeDataAsync(CeCollegeService.java:108)
	at com.mock.example.modules.entrance.service.CeCollegeService$$FastClassBySpringCGLIB$$f1f9cc0f.invoke(<generated>)
	at org.springframework.cglib.proxy.MethodProxy.invoke(MethodProxy.java:218)
	at org.springframework.aop.framework.CglibAopProxy$CglibMethodInvocation.invokeJoinpoint(CglibAopProxy.java:771)
	at org.springframework.aop.framework.ReflectiveMethodInvocation.proceed(ReflectiveMethodInvocation.java:163)
	at org.springframework.aop.framework.CglibAopProxy$CglibMethodInvocation.proceed(CglibAopProxy.java:749)
	at org.springframework.transaction.interceptor.TransactionAspectSupport.invokeWithinTransaction(TransactionAspectSupport.java:367)
	at org.springframework.transaction.interceptor.TransactionInterceptor.invoke(TransactionInterceptor.java:118)
	at org.springframework.aop.framework.ReflectiveMethodInvocation.proceed(ReflectiveMethodInvocation.java:186)
	at org.springframework.aop.framework.CglibAopProxy$CglibMethodInvocation.proceed(CglibAopProxy.java:749)
	at org.springframework.aop.interceptor.AsyncExecutionInterceptor.lambda$invoke$0(AsyncExecutionInterceptor.java:115)
	at java.util.concurrent.FutureTask.run(FutureTask.java:266)
	at java.util.concurrent.ThreadPoolExecutor.runWorker(ThreadPoolExecutor.java:1149)
	at java.util.concurrent.ThreadPoolExecutor$Worker.run(ThreadPoolExecutor.java:624)
	at java.lang.Thread.run(Thread.java:750)
2026-04-17 10:59:24.534 [[36mthreadPoolTaskExecutor-2[0;39m] [[1;31mERROR[0;39m] [[32mc.mock.example.modules.entrance.service.CeCollegeService[0;39m]: 异步导入任务异常
com.mock.example.common.exception.BizException: 获取用户账户异常
	at com.mock.example.common.utils.SecurityUtil.getUsername(SecurityUtil.java:58)
	at com.mock.example.modules.entrance.service.CeCollegeService.importCollegeDataWithTaskId(CeCollegeService.java:132)
	at com.mock.example.modules.entrance.service.CeCollegeService.importCollegeDataAsync(CeCollegeService.java:108)
	at com.mock.example.modules.entrance.service.CeCollegeService$$FastClassBySpringCGLIB$$f1f9cc0f.invoke(<generated>)
	at org.springframework.cglib.proxy.MethodProxy.invoke(MethodProxy.java:218)
	at org.springframework.aop.framework.CglibAopProxy$CglibMethodInvocation.invokeJoinpoint(CglibAopProxy.java:771)
	at org.springframework.aop.framework.ReflectiveMethodInvocation.proceed(ReflectiveMethodInvocation.java:163)
	at org.springframework.aop.framework.CglibAopProxy$CglibMethodInvocation.proceed(CglibAopProxy.java:749)
	at org.springframework.transaction.interceptor.TransactionAspectSupport.invokeWithinTransaction(TransactionAspectSupport.java:367)
	at org.springframework.transaction.interceptor.TransactionInterceptor.invoke(TransactionInterceptor.java:118)
	at org.springframework.aop.framework.ReflectiveMethodInvocation.proceed(ReflectiveMethodInvocation.java:186)
	at org.springframework.aop.framework.CglibAopProxy$CglibMethodInvocation.proceed(CglibAopProxy.java:749)
	at org.springframework.aop.interceptor.AsyncExecutionInterceptor.lambda$invoke$0(AsyncExecutionInterceptor.java:115)
	at java.util.concurrent.FutureTask.run(FutureTask.java:266)
	at java.util.concurrent.ThreadPoolExecutor.runWorker(ThreadPoolExecutor.java:1149)
	at java.util.concurrent.ThreadPoolExecutor$Worker.run(ThreadPoolExecutor.java:624)
	at java.lang.Thread.run(Thread.java:750)
2026-04-17 11:00:18.628 [[36mSpringContextShutdownHook[0;39m] [[34mINFO [0;39m] [[32mo.s.scheduling.concurrent.ThreadPoolTaskExecutor[0;39m]: Shutting down ExecutorService 'threadPoolTaskExecutor'
2026-04-17 11:00:18.643 [[36mSpringContextShutdownHook[0;39m] [[34mINFO [0;39m] [[32mcom.alibaba.druid.pool.DruidDataSource[0;39m]: {dataSource-1} closed
2026-04-17 11:00:18.644 [[36mSpringContextShutdownHook[0;39m] [[34mINFO [0;39m] [[32msys-user[0;39m]: ====关闭后台任务任务线程池====
2026-04-17 11:00:18.647 [[36mSpringContextShutdownHook[0;39m] [[31mWARN [0;39m] [[32mo.s.context.annotation.CommonAnnotationBeanPostProcessor[0;39m]: Destroy method on bean with name 'shutdownManager' threw an exception: java.lang.ExceptionInInitializerError
2026-04-17 11:00:38.024 [[36mbackground-preinit[0;39m] [[34mINFO [0;39m] [[32morg.hibernate.validator.internal.util.Version[0;39m]: HV000001: Hibernate Validator 6.0.22.Final
2026-04-17 11:00:38.045 [[36mmain[0;39m] [[34mINFO [0;39m] [[32mcom.mock.example.WebApplication[0;39m]: Starting WebApplication on DESKTOP-7M1N7N1 with PID 26344 (C:\Users\Tuilg\OneDrive\Desktop\springboot+vue gaokao\后端代码\example\deploy\target\classes started by Tuilg in C:\Users\Tuilg\OneDrive\Desktop\springboot+vue gaokao)
2026-04-17 11:00:38.047 [[36mmain[0;39m] [[34mINFO [0;39m] [[32mcom.mock.example.WebApplication[0;39m]: The following profiles are active: dev
2026-04-17 11:00:39.564 [[36mmain[0;39m] [[34mINFO [0;39m] [[32mo.s.c.s.PostProcessorRegistrationDelegate$BeanPostProcessorChecker[0;39m]: Bean 'org.springframework.security.access.expression.method.DefaultMethodSecurityExpressionHandler@4f2d995e' of type [org.springframework.security.access.expression.method.DefaultMethodSecurityExpressionHandler] is not eligible for getting processed by all BeanPostProcessors (for example: not eligible for auto-proxying)
2026-04-17 11:00:39.571 [[36mmain[0;39m] [[34mINFO [0;39m] [[32mo.s.c.s.PostProcessorRegistrationDelegate$BeanPostProcessorChecker[0;39m]: Bean 'methodSecurityMetadataSource' of type [org.springframework.security.access.method.DelegatingMethodSecurityMetadataSource] is not eligible for getting processed by all BeanPostProcessors (for example: not eligible for auto-proxying)
2026-04-17 11:00:39.834 [[36mmain[0;39m] [[34mINFO [0;39m] [[32mo.s.boot.web.embedded.tomcat.TomcatWebServer[0;39m]: Tomcat initialized with port(s): 8082 (http)
2026-04-17 11:00:39.842 [[36mmain[0;39m] [[34mINFO [0;39m] [[32morg.apache.coyote.http11.Http11NioProtocol[0;39m]: Initializing ProtocolHandler ["http-nio-8082"]
2026-04-17 11:00:39.843 [[36mmain[0;39m] [[34mINFO [0;39m] [[32morg.apache.catalina.core.StandardService[0;39m]: Starting service [Tomcat]
2026-04-17 11:00:39.843 [[36mmain[0;39m] [[34mINFO [0;39m] [[32morg.apache.catalina.core.StandardEngine[0;39m]: Starting Servlet engine: [Apache Tomcat/9.0.41]
2026-04-17 11:00:39.953 [[36mmain[0;39m] [[34mINFO [0;39m] [[32mo.a.catalina.core.ContainerBase.[Tomcat].[localhost].[/][0;39m]: Initializing Spring embedded WebApplicationContext
2026-04-17 11:00:39.953 [[36mmain[0;39m] [[34mINFO [0;39m] [[32mo.s.b.w.s.context.ServletWebServerApplicationContext[0;39m]: Root WebApplicationContext: initialization completed in 1865 ms
2026-04-17 11:00:40.207 [[36mmain[0;39m] [[34mINFO [0;39m] [[32mc.a.d.s.boot.autoconfigure.DruidDataSourceAutoConfigure[0;39m]: Init DruidDataSource
2026-04-17 11:00:40.329 [[36mmain[0;39m] [[34mINFO [0;39m] [[32mcom.alibaba.druid.pool.DruidDataSource[0;39m]: {dataSource-1} inited
2026-04-17 11:00:42.954 [[36mmain[0;39m] [[34mINFO [0;39m] [[32mo.s.scheduling.concurrent.ThreadPoolTaskExecutor[0;39m]: Initializing ExecutorService 'threadPoolTaskExecutor'
2026-04-17 11:00:43.347 [[36mmain[0;39m] [[34mINFO [0;39m] [[32mo.s.security.web.DefaultSecurityFilterChain[0;39m]: Creating filter chain: any request, [org.springframework.security.web.context.request.async.WebAsyncManagerIntegrationFilter@7878bbdb, org.springframework.security.web.context.SecurityContextPersistenceFilter@2f038d3c, org.springframework.security.web.header.HeaderWriterFilter@69069866, org.springframework.web.filter.CorsFilter@6002e944, org.springframework.web.filter.CorsFilter@6002e944, org.springframework.security.web.authentication.logout.LogoutFilter@4c50cd7d, com.mock.example.common.config.security.filter.JwtAuthenticationTokenFilter@5f0bab7e, org.springframework.security.web.savedrequest.RequestCacheAwareFilter@39a8e2fa, org.springframework.security.web.servletapi.SecurityContextHolderAwareRequestFilter@14dbfdb1, org.springframework.security.web.authentication.AnonymousAuthenticationFilter@25f7cc38, org.springframework.security.web.session.SessionManagementFilter@2335aef2, org.springframework.security.web.access.ExceptionTranslationFilter@21a9f95b, org.springframework.security.web.access.intercept.FilterSecurityInterceptor@636e4bf8]
2026-04-17 11:00:44.154 [[36mmain[0;39m] [[34mINFO [0;39m] [[32morg.apache.coyote.http11.Http11NioProtocol[0;39m]: Starting ProtocolHandler ["http-nio-8082"]
2026-04-17 11:00:44.176 [[36mmain[0;39m] [[34mINFO [0;39m] [[32mo.s.boot.web.embedded.tomcat.TomcatWebServer[0;39m]: Tomcat started on port(s): 8082 (http) with context path ''
2026-04-17 11:00:44.180 [[36mmain[0;39m] [[34mINFO [0;39m] [[32mcom.mock.example.WebApplication[0;39m]: Started WebApplication in 6.594 seconds (JVM running for 8.138)
2026-04-17 11:02:03.904 [[36mhttp-nio-8082-exec-1[0;39m] [[34mINFO [0;39m] [[32mo.a.catalina.core.ContainerBase.[Tomcat].[localhost].[/][0;39m]: Initializing Spring DispatcherServlet 'dispatcherServlet'
2026-04-17 11:02:03.904 [[36mhttp-nio-8082-exec-1[0;39m] [[34mINFO [0;39m] [[32morg.springframework.web.servlet.DispatcherServlet[0;39m]: Initializing Servlet 'dispatcherServlet'
2026-04-17 11:02:03.913 [[36mhttp-nio-8082-exec-1[0;39m] [[34mINFO [0;39m] [[32morg.springframework.web.servlet.DispatcherServlet[0;39m]: Completed initialization in 8 ms
2026-04-17 11:05:47.105 [[36mSpringContextShutdownHook[0;39m] [[34mINFO [0;39m] [[32mo.s.scheduling.concurrent.ThreadPoolTaskExecutor[0;39m]: Shutting down ExecutorService 'threadPoolTaskExecutor'
2026-04-17 11:05:47.110 [[36mSpringContextShutdownHook[0;39m] [[34mINFO [0;39m] [[32mcom.alibaba.druid.pool.DruidDataSource[0;39m]: {dataSource-1} closed
2026-04-17 11:05:47.111 [[36mSpringContextShutdownHook[0;39m] [[34mINFO [0;39m] [[32msys-user[0;39m]: ====关闭后台任务任务线程池====
2026-04-17 11:05:47.114 [[36mSpringContextShutdownHook[0;39m] [[31mWARN [0;39m] [[32mo.s.context.annotation.CommonAnnotationBeanPostProcessor[0;39m]: Destroy method on bean with name 'shutdownManager' threw an exception: java.lang.ExceptionInInitializerError
2026-04-17 11:10:01.265 [[36mbackground-preinit[0;39m] [[34mINFO [0;39m] [[32morg.hibernate.validator.internal.util.Version[0;39m]: HV000001: Hibernate Validator 6.0.22.Final
2026-04-17 11:10:01.284 [[36mmain[0;39m] [[34mINFO [0;39m] [[32mcom.mock.example.WebApplication[0;39m]: Starting WebApplication on DESKTOP-7M1N7N1 with PID 7368 (C:\Users\Tuilg\OneDrive\Desktop\springboot+vue gaokao\后端代码\example\deploy\target\classes started by Tuilg in C:\Users\Tuilg\OneDrive\Desktop\springboot+vue gaokao)
2026-04-17 11:10:01.284 [[36mmain[0;39m] [[34mINFO [0;39m] [[32mcom.mock.example.WebApplication[0;39m]: The following profiles are active: dev
2026-04-17 11:10:02.580 [[36mmain[0;39m] [[34mINFO [0;39m] [[32mo.s.c.s.PostProcessorRegistrationDelegate$BeanPostProcessorChecker[0;39m]: Bean 'org.springframework.security.access.expression.method.DefaultMethodSecurityExpressionHandler@abbe000' of type [org.springframework.security.access.expression.method.DefaultMethodSecurityExpressionHandler] is not eligible for getting processed by all BeanPostProcessors (for example: not eligible for auto-proxying)
2026-04-17 11:10:02.585 [[36mmain[0;39m] [[34mINFO [0;39m] [[32mo.s.c.s.PostProcessorRegistrationDelegate$BeanPostProcessorChecker[0;39m]: Bean 'methodSecurityMetadataSource' of type [org.springframework.security.access.method.DelegatingMethodSecurityMetadataSource] is not eligible for getting processed by all BeanPostProcessors (for example: not eligible for auto-proxying)
2026-04-17 11:10:02.764 [[36mmain[0;39m] [[34mINFO [0;39m] [[32mo.s.boot.web.embedded.tomcat.TomcatWebServer[0;39m]: Tomcat initialized with port(s): 8082 (http)
2026-04-17 11:10:02.772 [[36mmain[0;39m] [[34mINFO [0;39m] [[32morg.apache.coyote.http11.Http11NioProtocol[0;39m]: Initializing ProtocolHandler ["http-nio-8082"]
2026-04-17 11:10:02.772 [[36mmain[0;39m] [[34mINFO [0;39m] [[32morg.apache.catalina.core.StandardService[0;39m]: Starting service [Tomcat]
2026-04-17 11:10:02.773 [[36mmain[0;39m] [[34mINFO [0;39m] [[32morg.apache.catalina.core.StandardEngine[0;39m]: Starting Servlet engine: [Apache Tomcat/9.0.41]
2026-04-17 11:10:02.887 [[36mmain[0;39m] [[34mINFO [0;39m] [[32mo.a.catalina.core.ContainerBase.[Tomcat].[localhost].[/][0;39m]: Initializing Spring embedded WebApplicationContext
2026-04-17 11:10:02.887 [[36mmain[0;39m] [[34mINFO [0;39m] [[32mo.s.b.w.s.context.ServletWebServerApplicationContext[0;39m]: Root WebApplicationContext: initialization completed in 1572 ms
2026-04-17 11:10:03.105 [[36mmain[0;39m] [[34mINFO [0;39m] [[32mc.a.d.s.boot.autoconfigure.DruidDataSourceAutoConfigure[0;39m]: Init DruidDataSource
2026-04-17 11:10:03.229 [[36mmain[0;39m] [[34mINFO [0;39m] [[32mcom.alibaba.druid.pool.DruidDataSource[0;39m]: {dataSource-1} inited
2026-04-17 11:10:05.680 [[36mmain[0;39m] [[34mINFO [0;39m] [[32mo.s.scheduling.concurrent.ThreadPoolTaskExecutor[0;39m]: Initializing ExecutorService 'threadPoolTaskExecutor'
2026-04-17 11:10:06.002 [[36mmain[0;39m] [[34mINFO [0;39m] [[32mo.s.security.web.DefaultSecurityFilterChain[0;39m]: Creating filter chain: any request, [org.springframework.security.web.context.request.async.WebAsyncManagerIntegrationFilter@6591f8ea, org.springframework.security.web.context.SecurityContextPersistenceFilter@7b3feb26, org.springframework.security.web.header.HeaderWriterFilter@2976ca51, org.springframework.web.filter.CorsFilter@5190010f, org.springframework.web.filter.CorsFilter@5190010f, org.springframework.security.web.authentication.logout.LogoutFilter@1e0294a7, com.mock.example.common.config.security.filter.JwtAuthenticationTokenFilter@15a3b42, org.springframework.security.web.savedrequest.RequestCacheAwareFilter@503a7990, org.springframework.security.web.servletapi.SecurityContextHolderAwareRequestFilter@6f1d799, org.springframework.security.web.authentication.AnonymousAuthenticationFilter@5273143e, org.springframework.security.web.session.SessionManagementFilter@69d2fb0a, org.springframework.security.web.access.ExceptionTranslationFilter@2e159116, org.springframework.security.web.access.intercept.FilterSecurityInterceptor@225e09f0]
2026-04-17 11:10:06.827 [[36mmain[0;39m] [[34mINFO [0;39m] [[32morg.apache.coyote.http11.Http11NioProtocol[0;39m]: Starting ProtocolHandler ["http-nio-8082"]
2026-04-17 11:10:06.864 [[36mmain[0;39m] [[34mINFO [0;39m] [[32mo.s.boot.web.embedded.tomcat.TomcatWebServer[0;39m]: Tomcat started on port(s): 8082 (http) with context path ''
2026-04-17 11:10:06.866 [[36mmain[0;39m] [[34mINFO [0;39m] [[32mcom.mock.example.WebApplication[0;39m]: Started WebApplication in 5.936 seconds (JVM running for 7.12)
2026-04-17 11:10:26.641 [[36mhttp-nio-8082-exec-1[0;39m] [[34mINFO [0;39m] [[32mo.a.catalina.core.ContainerBase.[Tomcat].[localhost].[/][0;39m]: Initializing Spring DispatcherServlet 'dispatcherServlet'
2026-04-17 11:10:26.642 [[36mhttp-nio-8082-exec-1[0;39m] [[34mINFO [0;39m] [[32morg.springframework.web.servlet.DispatcherServlet[0;39m]: Initializing Servlet 'dispatcherServlet'
2026-04-17 11:10:26.651 [[36mhttp-nio-8082-exec-1[0;39m] [[34mINFO [0;39m] [[32morg.springframework.web.servlet.DispatcherServlet[0;39m]: Completed initialization in 9 ms
2026-04-17 11:13:41.723 [[36mSpringContextShutdownHook[0;39m] [[34mINFO [0;39m] [[32mo.s.scheduling.concurrent.ThreadPoolTaskExecutor[0;39m]: Shutting down ExecutorService 'threadPoolTaskExecutor'
2026-04-17 11:13:41.733 [[36mSpringContextShutdownHook[0;39m] [[34mINFO [0;39m] [[32mcom.alibaba.druid.pool.DruidDataSource[0;39m]: {dataSource-1} closed
2026-04-17 11:13:41.733 [[36mSpringContextShutdownHook[0;39m] [[34mINFO [0;39m] [[32msys-user[0;39m]: ====关闭后台任务任务线程池====
2026-04-17 11:13:41.736 [[36mSpringContextShutdownHook[0;39m] [[31mWARN [0;39m] [[32mo.s.context.annotation.CommonAnnotationBeanPostProcessor[0;39m]: Destroy method on bean with name 'shutdownManager' threw an exception: java.lang.ExceptionInInitializerError
2026-04-17 11:13:49.863 [[36mbackground-preinit[0;39m] [[34mINFO [0;39m] [[32morg.hibernate.validator.internal.util.Version[0;39m]: HV000001: Hibernate Validator 6.0.22.Final
2026-04-17 11:13:49.884 [[36mmain[0;39m] [[34mINFO [0;39m] [[32mcom.mock.example.WebApplication[0;39m]: Starting WebApplication on DESKTOP-7M1N7N1 with PID 24412 (C:\Users\Tuilg\OneDrive\Desktop\springboot+vue gaokao\后端代码\example\deploy\target\classes started by Tuilg in C:\Users\Tuilg\OneDrive\Desktop\springboot+vue gaokao)
2026-04-17 11:13:49.884 [[36mmain[0;39m] [[34mINFO [0;39m] [[32mcom.mock.example.WebApplication[0;39m]: The following profiles are active: dev
2026-04-17 11:13:51.181 [[36mmain[0;39m] [[34mINFO [0;39m] [[32mo.s.c.s.PostProcessorRegistrationDelegate$BeanPostProcessorChecker[0;39m]: Bean 'org.springframework.security.access.expression.method.DefaultMethodSecurityExpressionHandler@37e69c43' of type [org.springframework.security.access.expression.method.DefaultMethodSecurityExpressionHandler] is not eligible for getting processed by all BeanPostProcessors (for example: not eligible for auto-proxying)
2026-04-17 11:13:51.186 [[36mmain[0;39m] [[34mINFO [0;39m] [[32mo.s.c.s.PostProcessorRegistrationDelegate$BeanPostProcessorChecker[0;39m]: Bean 'methodSecurityMetadataSource' of type [org.springframework.security.access.method.DelegatingMethodSecurityMetadataSource] is not eligible for getting processed by all BeanPostProcessors (for example: not eligible for auto-proxying)
2026-04-17 11:13:51.380 [[36mmain[0;39m] [[34mINFO [0;39m] [[32mo.s.boot.web.embedded.tomcat.TomcatWebServer[0;39m]: Tomcat initialized with port(s): 8082 (http)
2026-04-17 11:13:51.386 [[36mmain[0;39m] [[34mINFO [0;39m] [[32morg.apache.coyote.http11.Http11NioProtocol[0;39m]: Initializing ProtocolHandler ["http-nio-8082"]
2026-04-17 11:13:51.387 [[36mmain[0;39m] [[34mINFO [0;39m] [[32morg.apache.catalina.core.StandardService[0;39m]: Starting service [Tomcat]
2026-04-17 11:13:51.387 [[36mmain[0;39m] [[34mINFO [0;39m] [[32morg.apache.catalina.core.StandardEngine[0;39m]: Starting Servlet engine: [Apache Tomcat/9.0.41]
2026-04-17 11:13:51.494 [[36mmain[0;39m] [[34mINFO [0;39m] [[32mo.a.catalina.core.ContainerBase.[Tomcat].[localhost].[/][0;39m]: Initializing Spring embedded WebApplicationContext
2026-04-17 11:13:51.494 [[36mmain[0;39m] [[34mINFO [0;39m] [[32mo.s.b.w.s.context.ServletWebServerApplicationContext[0;39m]: Root WebApplicationContext: initialization completed in 1577 ms
2026-04-17 11:13:51.701 [[36mmain[0;39m] [[34mINFO [0;39m] [[32mc.a.d.s.boot.autoconfigure.DruidDataSourceAutoConfigure[0;39m]: Init DruidDataSource
2026-04-17 11:13:51.804 [[36mmain[0;39m] [[34mINFO [0;39m] [[32mcom.alibaba.druid.pool.DruidDataSource[0;39m]: {dataSource-1} inited
2026-04-17 11:13:53.985 [[36mmain[0;39m] [[34mINFO [0;39m] [[32mo.s.scheduling.concurrent.ThreadPoolTaskExecutor[0;39m]: Initializing ExecutorService 'threadPoolTaskExecutor'
2026-04-17 11:13:54.259 [[36mmain[0;39m] [[34mINFO [0;39m] [[32mo.s.security.web.DefaultSecurityFilterChain[0;39m]: Creating filter chain: any request, [org.springframework.security.web.context.request.async.WebAsyncManagerIntegrationFilter@22cd8ec2, org.springframework.security.web.context.SecurityContextPersistenceFilter@2fa212df, org.springframework.security.web.header.HeaderWriterFilter@986b619, org.springframework.web.filter.CorsFilter@5403799b, org.springframework.web.filter.CorsFilter@5403799b, org.springframework.security.web.authentication.logout.LogoutFilter@1d2046bb, com.mock.example.common.config.security.filter.JwtAuthenticationTokenFilter@3b24087d, org.springframework.security.web.savedrequest.RequestCacheAwareFilter@6e3b2dd3, org.springframework.security.web.servletapi.SecurityContextHolderAwareRequestFilter@59f7c106, org.springframework.security.web.authentication.AnonymousAuthenticationFilter@7d977a20, org.springframework.security.web.session.SessionManagementFilter@225e09f0, org.springframework.security.web.access.ExceptionTranslationFilter@3fd33f48, org.springframework.security.web.access.intercept.FilterSecurityInterceptor@7462ba4b]
2026-04-17 11:13:54.837 [[36mmain[0;39m] [[34mINFO [0;39m] [[32morg.apache.coyote.http11.Http11NioProtocol[0;39m]: Starting ProtocolHandler ["http-nio-8082"]
2026-04-17 11:13:54.855 [[36mmain[0;39m] [[34mINFO [0;39m] [[32mo.s.boot.web.embedded.tomcat.TomcatWebServer[0;39m]: Tomcat started on port(s): 8082 (http) with context path ''
2026-04-17 11:13:54.857 [[36mmain[0;39m] [[34mINFO [0;39m] [[32mcom.mock.example.WebApplication[0;39m]: Started WebApplication in 5.288 seconds (JVM running for 6.368)
2026-04-17 11:14:09.742 [[36mhttp-nio-8082-exec-1[0;39m] [[34mINFO [0;39m] [[32mo.a.catalina.core.ContainerBase.[Tomcat].[localhost].[/][0;39m]: Initializing Spring DispatcherServlet 'dispatcherServlet'
2026-04-17 11:14:09.742 [[36mhttp-nio-8082-exec-1[0;39m] [[34mINFO [0;39m] [[32morg.springframework.web.servlet.DispatcherServlet[0;39m]: Initializing Servlet 'dispatcherServlet'
2026-04-17 11:14:09.749 [[36mhttp-nio-8082-exec-1[0;39m] [[34mINFO [0;39m] [[32morg.springframework.web.servlet.DispatcherServlet[0;39m]: Completed initialization in 7 ms
2026-04-17 11:19:26.087 [[36mSpringContextShutdownHook[0;39m] [[34mINFO [0;39m] [[32mo.s.scheduling.concurrent.ThreadPoolTaskExecutor[0;39m]: Shutting down ExecutorService 'threadPoolTaskExecutor'
2026-04-17 11:19:26.100 [[36mSpringContextShutdownHook[0;39m] [[34mINFO [0;39m] [[32mcom.alibaba.druid.pool.DruidDataSource[0;39m]: {dataSource-1} closed
2026-04-17 11:19:26.101 [[36mSpringContextShutdownHook[0;39m] [[34mINFO [0;39m] [[32msys-user[0;39m]: ====关闭后台任务任务线程池====
2026-04-17 11:19:26.103 [[36mSpringContextShutdownHook[0;39m] [[31mWARN [0;39m] [[32mo.s.context.annotation.CommonAnnotationBeanPostProcessor[0;39m]: Destroy method on bean with name 'shutdownManager' threw an exception: java.lang.ExceptionInInitializerError
2026-04-17 11:19:36.601 [[36mbackground-preinit[0;39m] [[34mINFO [0;39m] [[32morg.hibernate.validator.internal.util.Version[0;39m]: HV000001: Hibernate Validator 6.0.22.Final
2026-04-17 11:19:36.624 [[36mmain[0;39m] [[34mINFO [0;39m] [[32mcom.mock.example.WebApplication[0;39m]: Starting WebApplication on DESKTOP-7M1N7N1 with PID 21168 (C:\Users\Tuilg\OneDrive\Desktop\springboot+vue gaokao\后端代码\example\deploy\target\classes started by Tuilg in C:\Users\Tuilg\OneDrive\Desktop\springboot+vue gaokao)
2026-04-17 11:19:36.625 [[36mmain[0;39m] [[34mINFO [0;39m] [[32mcom.mock.example.WebApplication[0;39m]: The following profiles are active: dev
2026-04-17 11:19:37.935 [[36mmain[0;39m] [[34mINFO [0;39m] [[32mo.s.c.s.PostProcessorRegistrationDelegate$BeanPostProcessorChecker[0;39m]: Bean 'org.springframework.security.access.expression.method.DefaultMethodSecurityExpressionHandler@506aabf6' of type [org.springframework.security.access.expression.method.DefaultMethodSecurityExpressionHandler] is not eligible for getting processed by all BeanPostProcessors (for example: not eligible for auto-proxying)
2026-04-17 11:19:37.939 [[36mmain[0;39m] [[34mINFO [0;39m] [[32mo.s.c.s.PostProcessorRegistrationDelegate$BeanPostProcessorChecker[0;39m]: Bean 'methodSecurityMetadataSource' of type [org.springframework.security.access.method.DelegatingMethodSecurityMetadataSource] is not eligible for getting processed by all BeanPostProcessors (for example: not eligible for auto-proxying)
2026-04-17 11:19:38.133 [[36mmain[0;39m] [[34mINFO [0;39m] [[32mo.s.boot.web.embedded.tomcat.TomcatWebServer[0;39m]: Tomcat initialized with port(s): 8082 (http)
2026-04-17 11:19:38.140 [[36mmain[0;39m] [[34mINFO [0;39m] [[32morg.apache.coyote.http11.Http11NioProtocol[0;39m]: Initializing ProtocolHandler ["http-nio-8082"]
2026-04-17 11:19:38.141 [[36mmain[0;39m] [[34mINFO [0;39m] [[32morg.apache.catalina.core.StandardService[0;39m]: Starting service [Tomcat]
2026-04-17 11:19:38.141 [[36mmain[0;39m] [[34mINFO [0;39m] [[32morg.apache.catalina.core.StandardEngine[0;39m]: Starting Servlet engine: [Apache Tomcat/9.0.41]
2026-04-17 11:19:38.251 [[36mmain[0;39m] [[34mINFO [0;39m] [[32mo.a.catalina.core.ContainerBase.[Tomcat].[localhost].[/][0;39m]: Initializing Spring embedded WebApplicationContext
2026-04-17 11:19:38.251 [[36mmain[0;39m] [[34mINFO [0;39m] [[32mo.s.b.w.s.context.ServletWebServerApplicationContext[0;39m]: Root WebApplicationContext: initialization completed in 1586 ms
2026-04-17 11:19:38.464 [[36mmain[0;39m] [[34mINFO [0;39m] [[32mc.a.d.s.boot.autoconfigure.DruidDataSourceAutoConfigure[0;39m]: Init DruidDataSource
2026-04-17 11:19:38.573 [[36mmain[0;39m] [[34mINFO [0;39m] [[32mcom.alibaba.druid.pool.DruidDataSource[0;39m]: {dataSource-1} inited
2026-04-17 11:19:40.767 [[36mmain[0;39m] [[34mINFO [0;39m] [[32mo.s.scheduling.concurrent.ThreadPoolTaskExecutor[0;39m]: Initializing ExecutorService 'threadPoolTaskExecutor'
2026-04-17 11:19:41.042 [[36mmain[0;39m] [[34mINFO [0;39m] [[32mo.s.security.web.DefaultSecurityFilterChain[0;39m]: Creating filter chain: any request, [org.springframework.security.web.context.request.async.WebAsyncManagerIntegrationFilter@1ff463bb, org.springframework.security.web.context.SecurityContextPersistenceFilter@3451fc88, org.springframework.security.web.header.HeaderWriterFilter@6dcbbb49, org.springframework.web.filter.CorsFilter@469a7575, org.springframework.web.filter.CorsFilter@469a7575, org.springframework.security.web.authentication.logout.LogoutFilter@14dbfdb1, com.mock.example.common.config.security.filter.JwtAuthenticationTokenFilter@384fda47, org.springframework.security.web.savedrequest.RequestCacheAwareFilter@3041beb3, org.springframework.security.web.servletapi.SecurityContextHolderAwareRequestFilter@194037f9, org.springframework.security.web.authentication.AnonymousAuthenticationFilter@3b9c9b8b, org.springframework.security.web.session.SessionManagementFilter@64c95480, org.springframework.security.web.access.ExceptionTranslationFilter@503a7990, org.springframework.security.web.access.intercept.FilterSecurityInterceptor@500ec769]
2026-04-17 11:19:41.637 [[36mmain[0;39m] [[34mINFO [0;39m] [[32morg.apache.coyote.http11.Http11NioProtocol[0;39m]: Starting ProtocolHandler ["http-nio-8082"]
2026-04-17 11:19:41.657 [[36mmain[0;39m] [[34mINFO [0;39m] [[32mo.s.boot.web.embedded.tomcat.TomcatWebServer[0;39m]: Tomcat started on port(s): 8082 (http) with context path ''
2026-04-17 11:19:41.659 [[36mmain[0;39m] [[34mINFO [0;39m] [[32mcom.mock.example.WebApplication[0;39m]: Started WebApplication in 5.397 seconds (JVM running for 6.55)
2026-04-17 11:19:52.367 [[36mhttp-nio-8082-exec-1[0;39m] [[34mINFO [0;39m] [[32mo.a.catalina.core.ContainerBase.[Tomcat].[localhost].[/][0;39m]: Initializing Spring DispatcherServlet 'dispatcherServlet'
2026-04-17 11:19:52.367 [[36mhttp-nio-8082-exec-1[0;39m] [[34mINFO [0;39m] [[32morg.springframework.web.servlet.DispatcherServlet[0;39m]: Initializing Servlet 'dispatcherServlet'
2026-04-17 11:19:52.373 [[36mhttp-nio-8082-exec-1[0;39m] [[34mINFO [0;39m] [[32morg.springframework.web.servlet.DispatcherServlet[0;39m]: Completed initialization in 6 ms
2026-04-17 11:21:03.805 [[36mthreadPoolTaskExecutor-1[0;39m] [[34mINFO [0;39m] [[32mc.mock.example.modules.entrance.service.CeCollegeService[0;39m]: 【异步任务】开始解析文件: D:\uploadPath\import\0d4b73e9-5fd7-4f54-9218-7ae2957913e4_1776308205989院校导入模板.xlsx, 大小: 9230878 bytes
2026-04-17 14:27:11.150 [[36mthreadPoolTaskExecutor-1[0;39m] [[34mINFO [0;39m] [[32mc.mock.example.modules.entrance.service.CeCollegeService[0;39m]: 【异步任务】Excel 解析完成，得到数据: 91900 条
2026-04-17 14:27:31.831 [[36mthreadPoolTaskExecutor-1[0;39m] [[1;31mERROR[0;39m] [[32mc.mock.example.modules.entrance.service.CeCollegeService[0;39m]: 异步导入任务异常
org.springframework.dao.DataIntegrityViolationException: com.mock.example.modules.entrance.mapper.CeProfessionMapper.insert (batch index #1) failed. Cause: java.sql.BatchUpdateException: Data truncation: Data too long for column 'profession_name' at row 1
; Data truncation: Data too long for column 'profession_name' at row 1; nested exception is java.sql.BatchUpdateException: Data truncation: Data too long for column 'profession_name' at row 1
	at org.springframework.jdbc.support.SQLStateSQLExceptionTranslator.doTranslate(SQLStateSQLExceptionTranslator.java:104)
	at org.springframework.jdbc.support.AbstractFallbackSQLExceptionTranslator.translate(AbstractFallbackSQLExceptionTranslator.java:72)
	at org.springframework.jdbc.support.AbstractFallbackSQLExceptionTranslator.translate(AbstractFallbackSQLExceptionTranslator.java:81)
	at org.springframework.jdbc.support.AbstractFallbackSQLExceptionTranslator.translate(AbstractFallbackSQLExceptionTranslator.java:81)
	at org.mybatis.spring.MyBatisExceptionTranslator.translateExceptionIfPossible(MyBatisExceptionTranslator.java:88)
	at com.baomidou.mybatisplus.extension.toolkit.SqlHelper.executeBatch(SqlHelper.java:189)
	at com.baomidou.mybatisplus.extension.toolkit.SqlHelper.executeBatch(SqlHelper.java:211)
	at com.baomidou.mybatisplus.extension.service.impl.ServiceImpl.executeBatch(ServiceImpl.java:234)
	at com.baomidou.mybatisplus.extension.service.impl.ServiceImpl.saveBatch(ServiceImpl.java:130)
	at com.baomidou.mybatisplus.extension.service.impl.ServiceImpl$$FastClassBySpringCGLIB$$76535273.invoke(<generated>)
	at org.springframework.cglib.proxy.MethodProxy.invoke(MethodProxy.java:218)
	at org.springframework.aop.framework.CglibAopProxy$CglibMethodInvocation.invokeJoinpoint(CglibAopProxy.java:771)
	at org.springframework.aop.framework.ReflectiveMethodInvocation.proceed(ReflectiveMethodInvocation.java:163)
	at org.springframework.aop.framework.CglibAopProxy$CglibMethodInvocation.proceed(CglibAopProxy.java:749)
	at org.springframework.dao.support.PersistenceExceptionTranslationInterceptor.invoke(PersistenceExceptionTranslationInterceptor.java:139)
	at org.springframework.aop.framework.ReflectiveMethodInvocation.proceed(ReflectiveMethodInvocation.java:186)
	at org.springframework.aop.framework.CglibAopProxy$CglibMethodInvocation.proceed(CglibAopProxy.java:749)
	at org.springframework.transaction.interceptor.TransactionAspectSupport.invokeWithinTransaction(TransactionAspectSupport.java:367)
	at org.springframework.transaction.interceptor.TransactionInterceptor.invoke(TransactionInterceptor.java:118)
	at org.springframework.aop.framework.ReflectiveMethodInvocation.proceed(ReflectiveMethodInvocation.java:186)
	at org.springframework.aop.framework.CglibAopProxy$CglibMethodInvocation.proceed(CglibAopProxy.java:749)
	at org.springframework.aop.framework.CglibAopProxy$DynamicAdvisedInterceptor.intercept(CglibAopProxy.java:691)
	at com.mock.example.modules.entrance.repository.impl.CeProfessionRepoImpl$$EnhancerBySpringCGLIB$$7b746107.saveBatch(<generated>)
	at com.mock.example.modules.entrance.service.CeCollegeService.importCollegeDataWithTaskId(CeCollegeService.java:245)
	at com.mock.example.modules.entrance.service.CeCollegeService.importCollegeDataAsync(CeCollegeService.java:123)
	at com.mock.example.modules.entrance.service.CeCollegeService$$FastClassBySpringCGLIB$$f1f9cc0f.invoke(<generated>)
	at org.springframework.cglib.proxy.MethodProxy.invoke(MethodProxy.java:218)
	at org.springframework.aop.framework.CglibAopProxy$CglibMethodInvocation.invokeJoinpoint(CglibAopProxy.java:771)
	at org.springframework.aop.framework.ReflectiveMethodInvocation.proceed(ReflectiveMethodInvocation.java:163)
	at org.springframework.aop.framework.CglibAopProxy$CglibMethodInvocation.proceed(CglibAopProxy.java:749)
	at org.springframework.transaction.interceptor.TransactionAspectSupport.invokeWithinTransaction(TransactionAspectSupport.java:367)
	at org.springframework.transaction.interceptor.TransactionInterceptor.invoke(TransactionInterceptor.java:118)
	at org.springframework.aop.framework.ReflectiveMethodInvocation.proceed(ReflectiveMethodInvocation.java:186)
	at org.springframework.aop.framework.CglibAopProxy$CglibMethodInvocation.proceed(CglibAopProxy.java:749)
	at org.springframework.aop.interceptor.AsyncExecutionInterceptor.lambda$invoke$0(AsyncExecutionInterceptor.java:115)
	at java.util.concurrent.FutureTask.run(FutureTask.java:266)
	at java.util.concurrent.ThreadPoolExecutor.runWorker(ThreadPoolExecutor.java:1149)
	at java.util.concurrent.ThreadPoolExecutor$Worker.run(ThreadPoolExecutor.java:624)
	at java.lang.Thread.run(Thread.java:750)
Caused by: java.sql.BatchUpdateException: Data truncation: Data too long for column 'profession_name' at row 1
	at sun.reflect.NativeConstructorAccessorImpl.newInstance0(Native Method)
	at sun.reflect.NativeConstructorAccessorImpl.newInstance(NativeConstructorAccessorImpl.java:62)
	at sun.reflect.DelegatingConstructorAccessorImpl.newInstance(DelegatingConstructorAccessorImpl.java:45)
	at java.lang.reflect.Constructor.newInstance(Constructor.java:423)
	at com.mysql.cj.util.Util.handleNewInstance(Util.java:192)
	at com.mysql.cj.util.Util.getInstance(Util.java:167)
	at com.mysql.cj.util.Util.getInstance(Util.java:174)
	at com.mysql.cj.jdbc.exceptions.SQLError.createBatchUpdateException(SQLError.java:224)
	at com.mysql.cj.jdbc.ClientPreparedStatement.executeBatchedInserts(ClientPreparedStatement.java:755)
	at com.mysql.cj.jdbc.ClientPreparedStatement.executeBatchInternal(ClientPreparedStatement.java:426)
	at com.mysql.cj.jdbc.StatementImpl.executeBatch(StatementImpl.java:796)
	at com.alibaba.druid.filter.FilterChainImpl.statement_executeBatch(FilterChainImpl.java:3066)
	at com.alibaba.druid.filter.FilterAdapter.statement_executeBatch(FilterAdapter.java:2496)
	at com.alibaba.druid.filter.FilterEventAdapter.statement_executeBatch(FilterEventAdapter.java:279)
	at com.alibaba.druid.filter.FilterChainImpl.statement_executeBatch(FilterChainImpl.java:3064)
	at com.alibaba.druid.proxy.jdbc.StatementProxyImpl.executeBatch(StatementProxyImpl.java:202)
	at com.alibaba.druid.pool.DruidPooledPreparedStatement.executeBatch(DruidPooledPreparedStatement.java:566)
	at sun.reflect.GeneratedMethodAccessor202.invoke(Unknown Source)
	at sun.reflect.DelegatingMethodAccessorImpl.invoke(DelegatingMethodAccessorImpl.java:43)
	at java.lang.reflect.Method.invoke(Method.java:498)
	at org.apache.ibatis.logging.jdbc.PreparedStatementLogger.invoke(PreparedStatementLogger.java:78)
	at com.sun.proxy.$Proxy151.executeBatch(Unknown Source)
	at com.baomidou.mybatisplus.core.executor.MybatisBatchExecutor.doFlushStatements(MybatisBatchExecutor.java:135)
	at org.apache.ibatis.executor.BaseExecutor.flushStatements(BaseExecutor.java:129)
	at org.apache.ibatis.executor.BaseExecutor.flushStatements(BaseExecutor.java:122)
	at com.baomidou.mybatisplus.core.executor.MybatisCachingExecutor.flushStatements(MybatisCachingExecutor.java:218)
	at sun.reflect.GeneratedMethodAccessor203.invoke(Unknown Source)
	at sun.reflect.DelegatingMethodAccessorImpl.invoke(DelegatingMethodAccessorImpl.java:43)
	at java.lang.reflect.Method.invoke(Method.java:498)
	at org.apache.ibatis.plugin.Plugin.invoke(Plugin.java:64)
	at com.sun.proxy.$Proxy148.flushStatements(Unknown Source)
	at sun.reflect.GeneratedMethodAccessor203.invoke(Unknown Source)
	at sun.reflect.DelegatingMethodAccessorImpl.invoke(DelegatingMethodAccessorImpl.java:43)
	at java.lang.reflect.Method.invoke(Method.java:498)
	at org.apache.ibatis.plugin.Plugin.invoke(Plugin.java:64)
	at com.sun.proxy.$Proxy148.flushStatements(Unknown Source)
	at org.apache.ibatis.session.defaults.DefaultSqlSession.flushStatements(DefaultSqlSession.java:249)
	at com.baomidou.mybatisplus.extension.toolkit.SqlHelper.lambda$executeBatch$0(SqlHelper.java:217)
	at com.baomidou.mybatisplus.extension.toolkit.SqlHelper.executeBatch(SqlHelper.java:179)
	... 33 common frames omitted
Caused by: com.mysql.cj.jdbc.exceptions.MysqlDataTruncation: Data truncation: Data too long for column 'profession_name' at row 1
	at com.mysql.cj.jdbc.exceptions.SQLExceptionsMapping.translateException(SQLExceptionsMapping.java:104)
	at com.mysql.cj.jdbc.ClientPreparedStatement.executeInternal(ClientPreparedStatement.java:953)
	at com.mysql.cj.jdbc.ClientPreparedStatement.executeUpdateInternal(ClientPreparedStatement.java:1092)
	at com.mysql.cj.jdbc.ClientPreparedStatement.executeUpdateInternal(ClientPreparedStatement.java:1040)
	at com.mysql.cj.jdbc.ClientPreparedStatement.executeLargeUpdate(ClientPreparedStatement.java:1347)
	at com.mysql.cj.jdbc.ClientPreparedStatement.executeBatchedInserts(ClientPreparedStatement.java:716)
	... 63 common frames omitted
2026-04-17 14:27:31.877 [[36mthreadPoolTaskExecutor-1[0;39m] [[1;31mERROR[0;39m] [[32mo.s.aop.interceptor.SimpleAsyncUncaughtExceptionHandler[0;39m]: Unexpected exception occurred invoking async method: public void com.mock.example.modules.entrance.service.CeCollegeService.importCollegeDataAsync(java.lang.String,boolean,java.lang.String,java.lang.String)
org.springframework.transaction.UnexpectedRollbackException: Transaction rolled back because it has been marked as rollback-only
	at org.springframework.transaction.support.AbstractPlatformTransactionManager.processRollback(AbstractPlatformTransactionManager.java:870)
	at org.springframework.transaction.support.AbstractPlatformTransactionManager.commit(AbstractPlatformTransactionManager.java:707)
	at org.springframework.transaction.interceptor.TransactionAspectSupport.commitTransactionAfterReturning(TransactionAspectSupport.java:633)
	at org.springframework.transaction.interceptor.TransactionAspectSupport.invokeWithinTransaction(TransactionAspectSupport.java:386)
	at org.springframework.transaction.interceptor.TransactionInterceptor.invoke(TransactionInterceptor.java:118)
	at org.springframework.aop.framework.ReflectiveMethodInvocation.proceed(ReflectiveMethodInvocation.java:186)
	at org.springframework.aop.framework.CglibAopProxy$CglibMethodInvocation.proceed(CglibAopProxy.java:749)
	at org.springframework.aop.interceptor.AsyncExecutionInterceptor.lambda$invoke$0(AsyncExecutionInterceptor.java:115)
	at java.util.concurrent.FutureTask.run(FutureTask.java:266)
	at java.util.concurrent.ThreadPoolExecutor.runWorker(ThreadPoolExecutor.java:1149)
	at java.util.concurrent.ThreadPoolExecutor$Worker.run(ThreadPoolExecutor.java:624)
	at java.lang.Thread.run(Thread.java:750)
2026-04-17 14:32:21.894 [[36mSpringContextShutdownHook[0;39m] [[34mINFO [0;39m] [[32mo.s.scheduling.concurrent.ThreadPoolTaskExecutor[0;39m]: Shutting down ExecutorService 'threadPoolTaskExecutor'
2026-04-17 14:32:21.971 [[36mSpringContextShutdownHook[0;39m] [[34mINFO [0;39m] [[32mcom.alibaba.druid.pool.DruidDataSource[0;39m]: {dataSource-1} closed
2026-04-17 14:32:21.972 [[36mSpringContextShutdownHook[0;39m] [[34mINFO [0;39m] [[32msys-user[0;39m]: ====关闭后台任务任务线程池====
2026-04-17 14:32:21.978 [[36mSpringContextShutdownHook[0;39m] [[31mWARN [0;39m] [[32mo.s.context.annotation.CommonAnnotationBeanPostProcessor[0;39m]: Destroy method on bean with name 'shutdownManager' threw an exception: java.lang.ExceptionInInitializerError
2026-04-17 14:32:34.056 [[36mbackground-preinit[0;39m] [[34mINFO [0;39m] [[32morg.hibernate.validator.internal.util.Version[0;39m]: HV000001: Hibernate Validator 6.0.22.Final
2026-04-17 14:32:34.087 [[36mmain[0;39m] [[34mINFO [0;39m] [[32mcom.mock.example.WebApplication[0;39m]: Starting WebApplication on DESKTOP-7M1N7N1 with PID 22160 (C:\Users\Tuilg\OneDrive\Desktop\springboot+vue gaokao\后端代码\example\deploy\target\classes started by Tuilg in C:\Users\Tuilg\OneDrive\Desktop\springboot+vue gaokao)
2026-04-17 14:32:34.088 [[36mmain[0;39m] [[34mINFO [0;39m] [[32mcom.mock.example.WebApplication[0;39m]: The following profiles are active: dev
2026-04-17 14:32:35.584 [[36mmain[0;39m] [[34mINFO [0;39m] [[32mo.s.c.s.PostProcessorRegistrationDelegate$BeanPostProcessorChecker[0;39m]: Bean 'org.springframework.security.access.expression.method.DefaultMethodSecurityExpressionHandler@75babb67' of type [org.springframework.security.access.expression.method.DefaultMethodSecurityExpressionHandler] is not eligible for getting processed by all BeanPostProcessors (for example: not eligible for auto-proxying)
2026-04-17 14:32:35.589 [[36mmain[0;39m] [[34mINFO [0;39m] [[32mo.s.c.s.PostProcessorRegistrationDelegate$BeanPostProcessorChecker[0;39m]: Bean 'methodSecurityMetadataSource' of type [org.springframework.security.access.method.DelegatingMethodSecurityMetadataSource] is not eligible for getting processed by all BeanPostProcessors (for example: not eligible for auto-proxying)
2026-04-17 14:32:35.840 [[36mmain[0;39m] [[34mINFO [0;39m] [[32mo.s.boot.web.embedded.tomcat.TomcatWebServer[0;39m]: Tomcat initialized with port(s): 8082 (http)
2026-04-17 14:32:35.851 [[36mmain[0;39m] [[34mINFO [0;39m] [[32morg.apache.coyote.http11.Http11NioProtocol[0;39m]: Initializing ProtocolHandler ["http-nio-8082"]
2026-04-17 14:32:35.851 [[36mmain[0;39m] [[34mINFO [0;39m] [[32morg.apache.catalina.core.StandardService[0;39m]: Starting service [Tomcat]
2026-04-17 14:32:35.852 [[36mmain[0;39m] [[34mINFO [0;39m] [[32morg.apache.catalina.core.StandardEngine[0;39m]: Starting Servlet engine: [Apache Tomcat/9.0.41]
2026-04-17 14:32:35.971 [[36mmain[0;39m] [[34mINFO [0;39m] [[32mo.a.catalina.core.ContainerBase.[Tomcat].[localhost].[/][0;39m]: Initializing Spring embedded WebApplicationContext
2026-04-17 14:32:35.971 [[36mmain[0;39m] [[34mINFO [0;39m] [[32mo.s.b.w.s.context.ServletWebServerApplicationContext[0;39m]: Root WebApplicationContext: initialization completed in 1847 ms
2026-04-17 14:32:36.230 [[36mmain[0;39m] [[34mINFO [0;39m] [[32mc.a.d.s.boot.autoconfigure.DruidDataSourceAutoConfigure[0;39m]: Init DruidDataSource
2026-04-17 14:32:36.350 [[36mmain[0;39m] [[34mINFO [0;39m] [[32mcom.alibaba.druid.pool.DruidDataSource[0;39m]: {dataSource-1} inited
2026-04-17 14:32:38.628 [[36mmain[0;39m] [[34mINFO [0;39m] [[32mo.s.scheduling.concurrent.ThreadPoolTaskExecutor[0;39m]: Initializing ExecutorService 'threadPoolTaskExecutor'
2026-04-17 14:32:38.948 [[36mmain[0;39m] [[34mINFO [0;39m] [[32mo.s.security.web.DefaultSecurityFilterChain[0;39m]: Creating filter chain: any request, [org.springframework.security.web.context.request.async.WebAsyncManagerIntegrationFilter@225e09f0, org.springframework.security.web.context.SecurityContextPersistenceFilter@35e689a0, org.springframework.security.web.header.HeaderWriterFilter@2c668c2a, org.springframework.web.filter.CorsFilter@384fda47, org.springframework.web.filter.CorsFilter@384fda47, org.springframework.security.web.authentication.logout.LogoutFilter@21a9f95b, com.mock.example.common.config.security.filter.JwtAuthenticationTokenFilter@5af5d76f, org.springframework.security.web.savedrequest.RequestCacheAwareFilter@3bf5911d, org.springframework.security.web.servletapi.SecurityContextHolderAwareRequestFilter@503a7990, org.springframework.security.web.authentication.AnonymousAuthenticationFilter@bc8d68b, org.springframework.security.web.session.SessionManagementFilter@64f3991e, org.springframework.security.web.access.ExceptionTranslationFilter@1a34a51e, org.springframework.security.web.access.intercept.FilterSecurityInterceptor@448086ab]
2026-04-17 14:32:39.544 [[36mmain[0;39m] [[34mINFO [0;39m] [[32morg.apache.coyote.http11.Http11NioProtocol[0;39m]: Starting ProtocolHandler ["http-nio-8082"]
2026-04-17 14:32:39.561 [[36mmain[0;39m] [[34mINFO [0;39m] [[32mo.s.boot.web.embedded.tomcat.TomcatWebServer[0;39m]: Tomcat started on port(s): 8082 (http) with context path ''
2026-04-17 14:32:39.564 [[36mmain[0;39m] [[34mINFO [0;39m] [[32mcom.mock.example.WebApplication[0;39m]: Started WebApplication in 5.859 seconds (JVM running for 7.08)
2026-04-17 14:32:43.895 [[36mhttp-nio-8082-exec-1[0;39m] [[34mINFO [0;39m] [[32mo.a.catalina.core.ContainerBase.[Tomcat].[localhost].[/][0;39m]: Initializing Spring DispatcherServlet 'dispatcherServlet'
2026-04-17 14:32:43.895 [[36mhttp-nio-8082-exec-1[0;39m] [[34mINFO [0;39m] [[32morg.springframework.web.servlet.DispatcherServlet[0;39m]: Initializing Servlet 'dispatcherServlet'
2026-04-17 14:32:43.901 [[36mhttp-nio-8082-exec-1[0;39m] [[34mINFO [0;39m] [[32morg.springframework.web.servlet.DispatcherServlet[0;39m]: Completed initialization in 6 ms
2026-04-17 14:33:58.796 [[36mthreadPoolTaskExecutor-1[0;39m] [[34mINFO [0;39m] [[32mc.mock.example.modules.entrance.service.CeCollegeService[0;39m]: 【异步任务】开始解析文件: D:\uploadPath\import\343836e4-1b5f-4c14-814c-0f22cee784e3_1776310571870院校导入模板.xlsx, 大小: 1003014 bytes
2026-04-17 14:36:15.499 [[36mthreadPoolTaskExecutor-1[0;39m] [[34mINFO [0;39m] [[32mc.mock.example.modules.entrance.service.CeCollegeService[0;39m]: 【异步任务】Excel 解析完成，得到数据: 9998 条
2026-04-17 14:36:19.020 [[36mthreadPoolTaskExecutor-1[0;39m] [[1;31mERROR[0;39m] [[32mc.mock.example.modules.entrance.service.CeCollegeService[0;39m]: 异步导入任务异常
org.springframework.dao.DataIntegrityViolationException: com.mock.example.modules.entrance.mapper.CeProfessionMapper.insert (batch index #1) failed. Cause: java.sql.BatchUpdateException: Data truncation: Data too long for column 'profession_name' at row 1
; Data truncation: Data too long for column 'profession_name' at row 1; nested exception is java.sql.BatchUpdateException: Data truncation: Data too long for column 'profession_name' at row 1
	at org.springframework.jdbc.support.SQLStateSQLExceptionTranslator.doTranslate(SQLStateSQLExceptionTranslator.java:104)
	at org.springframework.jdbc.support.AbstractFallbackSQLExceptionTranslator.translate(AbstractFallbackSQLExceptionTranslator.java:72)
	at org.springframework.jdbc.support.AbstractFallbackSQLExceptionTranslator.translate(AbstractFallbackSQLExceptionTranslator.java:81)
	at org.springframework.jdbc.support.AbstractFallbackSQLExceptionTranslator.translate(AbstractFallbackSQLExceptionTranslator.java:81)
	at org.mybatis.spring.MyBatisExceptionTranslator.translateExceptionIfPossible(MyBatisExceptionTranslator.java:88)
	at com.baomidou.mybatisplus.extension.toolkit.SqlHelper.executeBatch(SqlHelper.java:189)
	at com.baomidou.mybatisplus.extension.toolkit.SqlHelper.executeBatch(SqlHelper.java:211)
	at com.baomidou.mybatisplus.extension.service.impl.ServiceImpl.executeBatch(ServiceImpl.java:234)
	at com.baomidou.mybatisplus.extension.service.impl.ServiceImpl.saveBatch(ServiceImpl.java:130)
	at com.baomidou.mybatisplus.extension.service.impl.ServiceImpl$$FastClassBySpringCGLIB$$76535273.invoke(<generated>)
	at org.springframework.cglib.proxy.MethodProxy.invoke(MethodProxy.java:218)
	at org.springframework.aop.framework.CglibAopProxy$CglibMethodInvocation.invokeJoinpoint(CglibAopProxy.java:771)
	at org.springframework.aop.framework.ReflectiveMethodInvocation.proceed(ReflectiveMethodInvocation.java:163)
	at org.springframework.aop.framework.CglibAopProxy$CglibMethodInvocation.proceed(CglibAopProxy.java:749)
	at org.springframework.dao.support.PersistenceExceptionTranslationInterceptor.invoke(PersistenceExceptionTranslationInterceptor.java:139)
	at org.springframework.aop.framework.ReflectiveMethodInvocation.proceed(ReflectiveMethodInvocation.java:186)
	at org.springframework.aop.framework.CglibAopProxy$CglibMethodInvocation.proceed(CglibAopProxy.java:749)
	at org.springframework.transaction.interceptor.TransactionAspectSupport.invokeWithinTransaction(TransactionAspectSupport.java:367)
	at org.springframework.transaction.interceptor.TransactionInterceptor.invoke(TransactionInterceptor.java:118)
	at org.springframework.aop.framework.ReflectiveMethodInvocation.proceed(ReflectiveMethodInvocation.java:186)
	at org.springframework.aop.framework.CglibAopProxy$CglibMethodInvocation.proceed(CglibAopProxy.java:749)
	at org.springframework.aop.framework.CglibAopProxy$DynamicAdvisedInterceptor.intercept(CglibAopProxy.java:691)
	at com.mock.example.modules.entrance.repository.impl.CeProfessionRepoImpl$$EnhancerBySpringCGLIB$$bb4f5d0f.saveBatch(<generated>)
	at com.mock.example.modules.entrance.service.CeCollegeService.importCollegeDataWithTaskId(CeCollegeService.java:257)
	at com.mock.example.modules.entrance.service.CeCollegeService.importCollegeDataAsync(CeCollegeService.java:123)
	at com.mock.example.modules.entrance.service.CeCollegeService$$FastClassBySpringCGLIB$$f1f9cc0f.invoke(<generated>)
	at org.springframework.cglib.proxy.MethodProxy.invoke(MethodProxy.java:218)
	at org.springframework.aop.framework.CglibAopProxy$CglibMethodInvocation.invokeJoinpoint(CglibAopProxy.java:771)
	at org.springframework.aop.framework.ReflectiveMethodInvocation.proceed(ReflectiveMethodInvocation.java:163)
	at org.springframework.aop.framework.CglibAopProxy$CglibMethodInvocation.proceed(CglibAopProxy.java:749)
	at org.springframework.transaction.interceptor.TransactionAspectSupport.invokeWithinTransaction(TransactionAspectSupport.java:367)
	at org.springframework.transaction.interceptor.TransactionInterceptor.invoke(TransactionInterceptor.java:118)
	at org.springframework.aop.framework.ReflectiveMethodInvocation.proceed(ReflectiveMethodInvocation.java:186)
	at org.springframework.aop.framework.CglibAopProxy$CglibMethodInvocation.proceed(CglibAopProxy.java:749)
	at org.springframework.aop.interceptor.AsyncExecutionInterceptor.lambda$invoke$0(AsyncExecutionInterceptor.java:115)
	at java.util.concurrent.FutureTask.run(FutureTask.java:266)
	at java.util.concurrent.ThreadPoolExecutor.runWorker(ThreadPoolExecutor.java:1149)
	at java.util.concurrent.ThreadPoolExecutor$Worker.run(ThreadPoolExecutor.java:624)
	at java.lang.Thread.run(Thread.java:750)
Caused by: java.sql.BatchUpdateException: Data truncation: Data too long for column 'profession_name' at row 1
	at sun.reflect.NativeConstructorAccessorImpl.newInstance0(Native Method)
	at sun.reflect.NativeConstructorAccessorImpl.newInstance(NativeConstructorAccessorImpl.java:62)
	at sun.reflect.DelegatingConstructorAccessorImpl.newInstance(DelegatingConstructorAccessorImpl.java:45)
	at java.lang.reflect.Constructor.newInstance(Constructor.java:423)
	at com.mysql.cj.util.Util.handleNewInstance(Util.java:192)
	at com.mysql.cj.util.Util.getInstance(Util.java:167)
	at com.mysql.cj.util.Util.getInstance(Util.java:174)
	at com.mysql.cj.jdbc.exceptions.SQLError.createBatchUpdateException(SQLError.java:224)
	at com.mysql.cj.jdbc.ClientPreparedStatement.executeBatchedInserts(ClientPreparedStatement.java:755)
	at com.mysql.cj.jdbc.ClientPreparedStatement.executeBatchInternal(ClientPreparedStatement.java:426)
	at com.mysql.cj.jdbc.StatementImpl.executeBatch(StatementImpl.java:796)
	at com.alibaba.druid.filter.FilterChainImpl.statement_executeBatch(FilterChainImpl.java:3066)
	at com.alibaba.druid.filter.FilterAdapter.statement_executeBatch(FilterAdapter.java:2496)
	at com.alibaba.druid.filter.FilterEventAdapter.statement_executeBatch(FilterEventAdapter.java:279)
	at com.alibaba.druid.filter.FilterChainImpl.statement_executeBatch(FilterChainImpl.java:3064)
	at com.alibaba.druid.proxy.jdbc.StatementProxyImpl.executeBatch(StatementProxyImpl.java:202)
	at com.alibaba.druid.pool.DruidPooledPreparedStatement.executeBatch(DruidPooledPreparedStatement.java:566)
	at sun.reflect.GeneratedMethodAccessor207.invoke(Unknown Source)
	at sun.reflect.DelegatingMethodAccessorImpl.invoke(DelegatingMethodAccessorImpl.java:43)
	at java.lang.reflect.Method.invoke(Method.java:498)
	at org.apache.ibatis.logging.jdbc.PreparedStatementLogger.invoke(PreparedStatementLogger.java:78)
	at com.sun.proxy.$Proxy151.executeBatch(Unknown Source)
	at com.baomidou.mybatisplus.core.executor.MybatisBatchExecutor.doFlushStatements(MybatisBatchExecutor.java:135)
	at org.apache.ibatis.executor.BaseExecutor.flushStatements(BaseExecutor.java:129)
	at org.apache.ibatis.executor.BaseExecutor.flushStatements(BaseExecutor.java:122)
	at com.baomidou.mybatisplus.core.executor.MybatisCachingExecutor.flushStatements(MybatisCachingExecutor.java:218)
	at sun.reflect.GeneratedMethodAccessor206.invoke(Unknown Source)
	at sun.reflect.DelegatingMethodAccessorImpl.invoke(DelegatingMethodAccessorImpl.java:43)
	at java.lang.reflect.Method.invoke(Method.java:498)
	at org.apache.ibatis.plugin.Plugin.invoke(Plugin.java:64)
	at com.sun.proxy.$Proxy148.flushStatements(Unknown Source)
	at sun.reflect.GeneratedMethodAccessor206.invoke(Unknown Source)
	at sun.reflect.DelegatingMethodAccessorImpl.invoke(DelegatingMethodAccessorImpl.java:43)
	at java.lang.reflect.Method.invoke(Method.java:498)
	at org.apache.ibatis.plugin.Plugin.invoke(Plugin.java:64)
	at com.sun.proxy.$Proxy148.flushStatements(Unknown Source)
	at org.apache.ibatis.session.defaults.DefaultSqlSession.flushStatements(DefaultSqlSession.java:249)
	at com.baomidou.mybatisplus.extension.toolkit.SqlHelper.lambda$executeBatch$0(SqlHelper.java:217)
	at com.baomidou.mybatisplus.extension.toolkit.SqlHelper.executeBatch(SqlHelper.java:179)
	... 33 common frames omitted
Caused by: com.mysql.cj.jdbc.exceptions.MysqlDataTruncation: Data truncation: Data too long for column 'profession_name' at row 1
	at com.mysql.cj.jdbc.exceptions.SQLExceptionsMapping.translateException(SQLExceptionsMapping.java:104)
	at com.mysql.cj.jdbc.ClientPreparedStatement.executeInternal(ClientPreparedStatement.java:953)
	at com.mysql.cj.jdbc.ClientPreparedStatement.executeUpdateInternal(ClientPreparedStatement.java:1092)
	at com.mysql.cj.jdbc.ClientPreparedStatement.executeUpdateInternal(ClientPreparedStatement.java:1040)
	at com.mysql.cj.jdbc.ClientPreparedStatement.executeLargeUpdate(ClientPreparedStatement.java:1347)
	at com.mysql.cj.jdbc.ClientPreparedStatement.executeBatchedInserts(ClientPreparedStatement.java:716)
	... 63 common frames omitted
2026-04-17 14:36:19.023 [[36mthreadPoolTaskExecutor-1[0;39m] [[1;31mERROR[0;39m] [[32mo.s.aop.interceptor.SimpleAsyncUncaughtExceptionHandler[0;39m]: Unexpected exception occurred invoking async method: public void com.mock.example.modules.entrance.service.CeCollegeService.importCollegeDataAsync(java.lang.String,boolean,java.lang.String,java.lang.String)
org.springframework.transaction.UnexpectedRollbackException: Transaction rolled back because it has been marked as rollback-only
	at org.springframework.transaction.support.AbstractPlatformTransactionManager.processRollback(AbstractPlatformTransactionManager.java:870)
	at org.springframework.transaction.support.AbstractPlatformTransactionManager.commit(AbstractPlatformTransactionManager.java:707)
	at org.springframework.transaction.interceptor.TransactionAspectSupport.commitTransactionAfterReturning(TransactionAspectSupport.java:633)
	at org.springframework.transaction.interceptor.TransactionAspectSupport.invokeWithinTransaction(TransactionAspectSupport.java:386)
	at org.springframework.transaction.interceptor.TransactionInterceptor.invoke(TransactionInterceptor.java:118)
	at org.springframework.aop.framework.ReflectiveMethodInvocation.proceed(ReflectiveMethodInvocation.java:186)
	at org.springframework.aop.framework.CglibAopProxy$CglibMethodInvocation.proceed(CglibAopProxy.java:749)
	at org.springframework.aop.interceptor.AsyncExecutionInterceptor.lambda$invoke$0(AsyncExecutionInterceptor.java:115)
	at java.util.concurrent.FutureTask.run(FutureTask.java:266)
	at java.util.concurrent.ThreadPoolExecutor.runWorker(ThreadPoolExecutor.java:1149)
	at java.util.concurrent.ThreadPoolExecutor$Worker.run(ThreadPoolExecutor.java:624)
	at java.lang.Thread.run(Thread.java:750)
2026-04-17 14:41:39.006 [[36mSpringContextShutdownHook[0;39m] [[34mINFO [0;39m] [[32mo.s.scheduling.concurrent.ThreadPoolTaskExecutor[0;39m]: Shutting down ExecutorService 'threadPoolTaskExecutor'
2026-04-17 14:41:39.025 [[36mSpringContextShutdownHook[0;39m] [[34mINFO [0;39m] [[32mcom.alibaba.druid.pool.DruidDataSource[0;39m]: {dataSource-1} closed
2026-04-17 14:41:39.025 [[36mSpringContextShutdownHook[0;39m] [[34mINFO [0;39m] [[32msys-user[0;39m]: ====关闭后台任务任务线程池====
2026-04-17 14:41:39.030 [[36mSpringContextShutdownHook[0;39m] [[31mWARN [0;39m] [[32mo.s.context.annotation.CommonAnnotationBeanPostProcessor[0;39m]: Destroy method on bean with name 'shutdownManager' threw an exception: java.lang.ExceptionInInitializerError
2026-04-17 14:41:49.439 [[36mbackground-preinit[0;39m] [[34mINFO [0;39m] [[32morg.hibernate.validator.internal.util.Version[0;39m]: HV000001: Hibernate Validator 6.0.22.Final
2026-04-17 14:41:49.473 [[36mmain[0;39m] [[34mINFO [0;39m] [[32mcom.mock.example.WebApplication[0;39m]: Starting WebApplication on DESKTOP-7M1N7N1 with PID 25372 (C:\Users\Tuilg\OneDrive\Desktop\springboot+vue gaokao\后端代码\example\deploy\target\classes started by Tuilg in C:\Users\Tuilg\OneDrive\Desktop\springboot+vue gaokao)
2026-04-17 14:41:49.473 [[36mmain[0;39m] [[34mINFO [0;39m] [[32mcom.mock.example.WebApplication[0;39m]: The following profiles are active: dev
2026-04-17 14:41:50.881 [[36mmain[0;39m] [[34mINFO [0;39m] [[32mo.s.c.s.PostProcessorRegistrationDelegate$BeanPostProcessorChecker[0;39m]: Bean 'org.springframework.security.access.expression.method.DefaultMethodSecurityExpressionHandler@3c6c4689' of type [org.springframework.security.access.expression.method.DefaultMethodSecurityExpressionHandler] is not eligible for getting processed by all BeanPostProcessors (for example: not eligible for auto-proxying)
2026-04-17 14:41:50.887 [[36mmain[0;39m] [[34mINFO [0;39m] [[32mo.s.c.s.PostProcessorRegistrationDelegate$BeanPostProcessorChecker[0;39m]: Bean 'methodSecurityMetadataSource' of type [org.springframework.security.access.method.DelegatingMethodSecurityMetadataSource] is not eligible for getting processed by all BeanPostProcessors (for example: not eligible for auto-proxying)
2026-04-17 14:41:51.089 [[36mmain[0;39m] [[34mINFO [0;39m] [[32mo.s.boot.web.embedded.tomcat.TomcatWebServer[0;39m]: Tomcat initialized with port(s): 8082 (http)
2026-04-17 14:41:51.097 [[36mmain[0;39m] [[34mINFO [0;39m] [[32morg.apache.coyote.http11.Http11NioProtocol[0;39m]: Initializing ProtocolHandler ["http-nio-8082"]
2026-04-17 14:41:51.097 [[36mmain[0;39m] [[34mINFO [0;39m] [[32morg.apache.catalina.core.StandardService[0;39m]: Starting service [Tomcat]
2026-04-17 14:41:51.098 [[36mmain[0;39m] [[34mINFO [0;39m] [[32morg.apache.catalina.core.StandardEngine[0;39m]: Starting Servlet engine: [Apache Tomcat/9.0.41]
2026-04-17 14:41:51.207 [[36mmain[0;39m] [[34mINFO [0;39m] [[32mo.a.catalina.core.ContainerBase.[Tomcat].[localhost].[/][0;39m]: Initializing Spring embedded WebApplicationContext
2026-04-17 14:41:51.207 [[36mmain[0;39m] [[34mINFO [0;39m] [[32mo.s.b.w.s.context.ServletWebServerApplicationContext[0;39m]: Root WebApplicationContext: initialization completed in 1702 ms
2026-04-17 14:41:51.451 [[36mmain[0;39m] [[34mINFO [0;39m] [[32mc.a.d.s.boot.autoconfigure.DruidDataSourceAutoConfigure[0;39m]: Init DruidDataSource
2026-04-17 14:41:51.566 [[36mmain[0;39m] [[34mINFO [0;39m] [[32mcom.alibaba.druid.pool.DruidDataSource[0;39m]: {dataSource-1} inited
2026-04-17 14:41:53.769 [[36mmain[0;39m] [[34mINFO [0;39m] [[32mo.s.scheduling.concurrent.ThreadPoolTaskExecutor[0;39m]: Initializing ExecutorService 'threadPoolTaskExecutor'
2026-04-17 14:41:54.092 [[36mmain[0;39m] [[34mINFO [0;39m] [[32mo.s.security.web.DefaultSecurityFilterChain[0;39m]: Creating filter chain: any request, [org.springframework.security.web.context.request.async.WebAsyncManagerIntegrationFilter@448086ab, org.springframework.security.web.context.SecurityContextPersistenceFilter@6996bbc4, org.springframework.security.web.header.HeaderWriterFilter@59f3426f, org.springframework.web.filter.CorsFilter@17207f5b, org.springframework.web.filter.CorsFilter@17207f5b, org.springframework.security.web.authentication.logout.LogoutFilter@17136390, com.mock.example.common.config.security.filter.JwtAuthenticationTokenFilter@47b269c4, org.springframework.security.web.savedrequest.RequestCacheAwareFilter@2dbf2da, org.springframework.security.web.servletapi.SecurityContextHolderAwareRequestFilter@3bf5911d, org.springframework.security.web.authentication.AnonymousAuthenticationFilter@16e907b6, org.springframework.security.web.session.SessionManagementFilter@2976ca51, org.springframework.security.web.access.ExceptionTranslationFilter@7d90644f, org.springframework.security.web.access.intercept.FilterSecurityInterceptor@986b619]
2026-04-17 14:41:54.741 [[36mmain[0;39m] [[34mINFO [0;39m] [[32morg.apache.coyote.http11.Http11NioProtocol[0;39m]: Starting ProtocolHandler ["http-nio-8082"]
2026-04-17 14:41:54.760 [[36mmain[0;39m] [[34mINFO [0;39m] [[32mo.s.boot.web.embedded.tomcat.TomcatWebServer[0;39m]: Tomcat started on port(s): 8082 (http) with context path ''
2026-04-17 14:41:54.762 [[36mmain[0;39m] [[34mINFO [0;39m] [[32mcom.mock.example.WebApplication[0;39m]: Started WebApplication in 5.677 seconds (JVM running for 6.895)
2026-04-17 14:42:11.763 [[36mhttp-nio-8082-exec-1[0;39m] [[34mINFO [0;39m] [[32mo.a.catalina.core.ContainerBase.[Tomcat].[localhost].[/][0;39m]: Initializing Spring DispatcherServlet 'dispatcherServlet'
2026-04-17 14:42:11.763 [[36mhttp-nio-8082-exec-1[0;39m] [[34mINFO [0;39m] [[32morg.springframework.web.servlet.DispatcherServlet[0;39m]: Initializing Servlet 'dispatcherServlet'
2026-04-17 14:42:11.772 [[36mhttp-nio-8082-exec-1[0;39m] [[34mINFO [0;39m] [[32morg.springframework.web.servlet.DispatcherServlet[0;39m]: Completed initialization in 8 ms
2026-04-17 14:42:31.405 [[36mthreadPoolTaskExecutor-1[0;39m] [[34mINFO [0;39m] [[32mc.mock.example.modules.entrance.service.CeCollegeService[0;39m]: 【异步任务】开始解析文件: D:\uploadPath\import\53ff2fcf-1cac-43e2-8cd7-69d016790f11_1776310571870院校导入模板.xlsx, 大小: 1003014 bytes
2026-04-17 14:44:26.834 [[36mthreadPoolTaskExecutor-2[0;39m] [[34mINFO [0;39m] [[32mc.mock.example.modules.entrance.service.CeCollegeService[0;39m]: 【异步任务】开始解析文件: D:\uploadPath\import\d9377ef1-65ab-4f7f-a009-4b48d981e674_1776310098005院校导入模板.xlsx, 大小: 9827 bytes
2026-04-17 14:44:26.900 [[36mthreadPoolTaskExecutor-2[0;39m] [[34mINFO [0;39m] [[32mc.mock.example.modules.entrance.service.CeCollegeService[0;39m]: 【异步任务】Excel 解析完成，得到数据: 13 条
2026-04-17 14:44:42.391 [[36mthreadPoolTaskExecutor-1[0;39m] [[34mINFO [0;39m] [[32mc.mock.example.modules.entrance.service.CeCollegeService[0;39m]: 【异步任务】Excel 解析完成，得到数据: 9998 条
2026-04-17 14:44:45.869 [[36mthreadPoolTaskExecutor-1[0;39m] [[1;31mERROR[0;39m] [[32mc.mock.example.modules.entrance.service.CeCollegeService[0;39m]: 异步导入任务异常
org.springframework.dao.DataIntegrityViolationException: com.mock.example.modules.entrance.mapper.CeProfessionMapper.insert (batch index #1) failed. Cause: java.sql.BatchUpdateException: Data truncation: Data too long for column 'profession_name' at row 1
; Data truncation: Data too long for column 'profession_name' at row 1; nested exception is java.sql.BatchUpdateException: Data truncation: Data too long for column 'profession_name' at row 1
	at org.springframework.jdbc.support.SQLStateSQLExceptionTranslator.doTranslate(SQLStateSQLExceptionTranslator.java:104)
	at org.springframework.jdbc.support.AbstractFallbackSQLExceptionTranslator.translate(AbstractFallbackSQLExceptionTranslator.java:72)
	at org.springframework.jdbc.support.AbstractFallbackSQLExceptionTranslator.translate(AbstractFallbackSQLExceptionTranslator.java:81)
	at org.springframework.jdbc.support.AbstractFallbackSQLExceptionTranslator.translate(AbstractFallbackSQLExceptionTranslator.java:81)
	at org.mybatis.spring.MyBatisExceptionTranslator.translateExceptionIfPossible(MyBatisExceptionTranslator.java:88)
	at com.baomidou.mybatisplus.extension.toolkit.SqlHelper.executeBatch(SqlHelper.java:189)
	at com.baomidou.mybatisplus.extension.toolkit.SqlHelper.executeBatch(SqlHelper.java:211)
	at com.baomidou.mybatisplus.extension.service.impl.ServiceImpl.executeBatch(ServiceImpl.java:234)
	at com.baomidou.mybatisplus.extension.service.impl.ServiceImpl.saveBatch(ServiceImpl.java:130)
	at com.baomidou.mybatisplus.extension.service.impl.ServiceImpl$$FastClassBySpringCGLIB$$76535273.invoke(<generated>)
	at org.springframework.cglib.proxy.MethodProxy.invoke(MethodProxy.java:218)
	at org.springframework.aop.framework.CglibAopProxy$CglibMethodInvocation.invokeJoinpoint(CglibAopProxy.java:771)
	at org.springframework.aop.framework.ReflectiveMethodInvocation.proceed(ReflectiveMethodInvocation.java:163)
	at org.springframework.aop.framework.CglibAopProxy$CglibMethodInvocation.proceed(CglibAopProxy.java:749)
	at org.springframework.dao.support.PersistenceExceptionTranslationInterceptor.invoke(PersistenceExceptionTranslationInterceptor.java:139)
	at org.springframework.aop.framework.ReflectiveMethodInvocation.proceed(ReflectiveMethodInvocation.java:186)
	at org.springframework.aop.framework.CglibAopProxy$CglibMethodInvocation.proceed(CglibAopProxy.java:749)
	at org.springframework.transaction.interceptor.TransactionAspectSupport.invokeWithinTransaction(TransactionAspectSupport.java:367)
	at org.springframework.transaction.interceptor.TransactionInterceptor.invoke(TransactionInterceptor.java:118)
	at org.springframework.aop.framework.ReflectiveMethodInvocation.proceed(ReflectiveMethodInvocation.java:186)
	at org.springframework.aop.framework.CglibAopProxy$CglibMethodInvocation.proceed(CglibAopProxy.java:749)
	at org.springframework.aop.framework.CglibAopProxy$DynamicAdvisedInterceptor.intercept(CglibAopProxy.java:691)
	at com.mock.example.modules.entrance.repository.impl.CeProfessionRepoImpl$$EnhancerBySpringCGLIB$$ac1bf4e2.saveBatch(<generated>)
	at com.mock.example.modules.entrance.service.CeCollegeService.importCollegeDataWithTaskId(CeCollegeService.java:283)
	at com.mock.example.modules.entrance.service.CeCollegeService.importCollegeDataAsync(CeCollegeService.java:123)
	at com.mock.example.modules.entrance.service.CeCollegeService$$FastClassBySpringCGLIB$$f1f9cc0f.invoke(<generated>)
	at org.springframework.cglib.proxy.MethodProxy.invoke(MethodProxy.java:218)
	at org.springframework.aop.framework.CglibAopProxy$CglibMethodInvocation.invokeJoinpoint(CglibAopProxy.java:771)
	at org.springframework.aop.framework.ReflectiveMethodInvocation.proceed(ReflectiveMethodInvocation.java:163)
	at org.springframework.aop.framework.CglibAopProxy$CglibMethodInvocation.proceed(CglibAopProxy.java:749)
	at org.springframework.transaction.interceptor.TransactionAspectSupport.invokeWithinTransaction(TransactionAspectSupport.java:367)
	at org.springframework.transaction.interceptor.TransactionInterceptor.invoke(TransactionInterceptor.java:118)
	at org.springframework.aop.framework.ReflectiveMethodInvocation.proceed(ReflectiveMethodInvocation.java:186)
	at org.springframework.aop.framework.CglibAopProxy$CglibMethodInvocation.proceed(CglibAopProxy.java:749)
	at org.springframework.aop.interceptor.AsyncExecutionInterceptor.lambda$invoke$0(AsyncExecutionInterceptor.java:115)
	at java.util.concurrent.FutureTask.run(FutureTask.java:266)
	at java.util.concurrent.ThreadPoolExecutor.runWorker(ThreadPoolExecutor.java:1149)
	at java.util.concurrent.ThreadPoolExecutor$Worker.run(ThreadPoolExecutor.java:624)
	at java.lang.Thread.run(Thread.java:750)
Caused by: java.sql.BatchUpdateException: Data truncation: Data too long for column 'profession_name' at row 1
	at sun.reflect.NativeConstructorAccessorImpl.newInstance0(Native Method)
	at sun.reflect.NativeConstructorAccessorImpl.newInstance(NativeConstructorAccessorImpl.java:62)
	at sun.reflect.DelegatingConstructorAccessorImpl.newInstance(DelegatingConstructorAccessorImpl.java:45)
	at java.lang.reflect.Constructor.newInstance(Constructor.java:423)
	at com.mysql.cj.util.Util.handleNewInstance(Util.java:192)
	at com.mysql.cj.util.Util.getInstance(Util.java:167)
	at com.mysql.cj.util.Util.getInstance(Util.java:174)
	at com.mysql.cj.jdbc.exceptions.SQLError.createBatchUpdateException(SQLError.java:224)
	at com.mysql.cj.jdbc.ClientPreparedStatement.executeBatchedInserts(ClientPreparedStatement.java:755)
	at com.mysql.cj.jdbc.ClientPreparedStatement.executeBatchInternal(ClientPreparedStatement.java:426)
	at com.mysql.cj.jdbc.StatementImpl.executeBatch(StatementImpl.java:796)
	at com.alibaba.druid.filter.FilterChainImpl.statement_executeBatch(FilterChainImpl.java:3066)
	at com.alibaba.druid.filter.FilterAdapter.statement_executeBatch(FilterAdapter.java:2496)
	at com.alibaba.druid.filter.FilterEventAdapter.statement_executeBatch(FilterEventAdapter.java:279)
	at com.alibaba.druid.filter.FilterChainImpl.statement_executeBatch(FilterChainImpl.java:3064)
	at com.alibaba.druid.proxy.jdbc.StatementProxyImpl.executeBatch(StatementProxyImpl.java:202)
	at com.alibaba.druid.pool.DruidPooledPreparedStatement.executeBatch(DruidPooledPreparedStatement.java:566)
	at sun.reflect.GeneratedMethodAccessor215.invoke(Unknown Source)
	at sun.reflect.DelegatingMethodAccessorImpl.invoke(DelegatingMethodAccessorImpl.java:43)
	at java.lang.reflect.Method.invoke(Method.java:498)
	at org.apache.ibatis.logging.jdbc.PreparedStatementLogger.invoke(PreparedStatementLogger.java:78)
	at com.sun.proxy.$Proxy151.executeBatch(Unknown Source)
	at com.baomidou.mybatisplus.core.executor.MybatisBatchExecutor.doFlushStatements(MybatisBatchExecutor.java:135)
	at org.apache.ibatis.executor.BaseExecutor.flushStatements(BaseExecutor.java:129)
	at org.apache.ibatis.executor.BaseExecutor.flushStatements(BaseExecutor.java:122)
	at com.baomidou.mybatisplus.core.executor.MybatisCachingExecutor.flushStatements(MybatisCachingExecutor.java:218)
	at sun.reflect.GeneratedMethodAccessor214.invoke(Unknown Source)
	at sun.reflect.DelegatingMethodAccessorImpl.invoke(DelegatingMethodAccessorImpl.java:43)
	at java.lang.reflect.Method.invoke(Method.java:498)
	at org.apache.ibatis.plugin.Plugin.invoke(Plugin.java:64)
	at com.sun.proxy.$Proxy148.flushStatements(Unknown Source)
	at sun.reflect.GeneratedMethodAccessor214.invoke(Unknown Source)
	at sun.reflect.DelegatingMethodAccessorImpl.invoke(DelegatingMethodAccessorImpl.java:43)
	at java.lang.reflect.Method.invoke(Method.java:498)
	at org.apache.ibatis.plugin.Plugin.invoke(Plugin.java:64)
	at com.sun.proxy.$Proxy148.flushStatements(Unknown Source)
	at org.apache.ibatis.session.defaults.DefaultSqlSession.flushStatements(DefaultSqlSession.java:249)
	at com.baomidou.mybatisplus.extension.toolkit.SqlHelper.lambda$executeBatch$0(SqlHelper.java:217)
	at com.baomidou.mybatisplus.extension.toolkit.SqlHelper.executeBatch(SqlHelper.java:179)
	... 33 common frames omitted
Caused by: com.mysql.cj.jdbc.exceptions.MysqlDataTruncation: Data truncation: Data too long for column 'profession_name' at row 1
	at com.mysql.cj.jdbc.exceptions.SQLExceptionsMapping.translateException(SQLExceptionsMapping.java:104)
	at com.mysql.cj.jdbc.ClientPreparedStatement.executeInternal(ClientPreparedStatement.java:953)
	at com.mysql.cj.jdbc.ClientPreparedStatement.executeUpdateInternal(ClientPreparedStatement.java:1092)
	at com.mysql.cj.jdbc.ClientPreparedStatement.executeUpdateInternal(ClientPreparedStatement.java:1040)
	at com.mysql.cj.jdbc.ClientPreparedStatement.executeLargeUpdate(ClientPreparedStatement.java:1347)
	at com.mysql.cj.jdbc.ClientPreparedStatement.executeBatchedInserts(ClientPreparedStatement.java:716)
	... 63 common frames omitted
2026-04-17 14:44:45.873 [[36mthreadPoolTaskExecutor-1[0;39m] [[1;31mERROR[0;39m] [[32mo.s.aop.interceptor.SimpleAsyncUncaughtExceptionHandler[0;39m]: Unexpected exception occurred invoking async method: public void com.mock.example.modules.entrance.service.CeCollegeService.importCollegeDataAsync(java.lang.String,boolean,java.lang.String,java.lang.String)
org.springframework.transaction.UnexpectedRollbackException: Transaction rolled back because it has been marked as rollback-only
	at org.springframework.transaction.support.AbstractPlatformTransactionManager.processRollback(AbstractPlatformTransactionManager.java:870)
	at org.springframework.transaction.support.AbstractPlatformTransactionManager.commit(AbstractPlatformTransactionManager.java:707)
	at org.springframework.transaction.interceptor.TransactionAspectSupport.commitTransactionAfterReturning(TransactionAspectSupport.java:633)
	at org.springframework.transaction.interceptor.TransactionAspectSupport.invokeWithinTransaction(TransactionAspectSupport.java:386)
	at org.springframework.transaction.interceptor.TransactionInterceptor.invoke(TransactionInterceptor.java:118)
	at org.springframework.aop.framework.ReflectiveMethodInvocation.proceed(ReflectiveMethodInvocation.java:186)
	at org.springframework.aop.framework.CglibAopProxy$CglibMethodInvocation.proceed(CglibAopProxy.java:749)
	at org.springframework.aop.interceptor.AsyncExecutionInterceptor.lambda$invoke$0(AsyncExecutionInterceptor.java:115)
	at java.util.concurrent.FutureTask.run(FutureTask.java:266)
	at java.util.concurrent.ThreadPoolExecutor.runWorker(ThreadPoolExecutor.java:1149)
	at java.util.concurrent.ThreadPoolExecutor$Worker.run(ThreadPoolExecutor.java:624)
	at java.lang.Thread.run(Thread.java:750)
2026-04-17 14:45:01.627 [[36mthreadPoolTaskExecutor-3[0;39m] [[34mINFO [0;39m] [[32mc.mock.example.modules.entrance.service.CeCollegeService[0;39m]: 【异步任务】开始解析文件: D:\uploadPath\import\6a2d397d-8a1c-4119-902c-f5978afdbb8f_1776310098005院校导入模板.xlsx, 大小: 9912 bytes
2026-04-17 14:45:01.653 [[36mthreadPoolTaskExecutor-3[0;39m] [[34mINFO [0;39m] [[32mc.mock.example.modules.entrance.service.CeCollegeService[0;39m]: 【异步任务】Excel 解析完成，得到数据: 13 条
2026-04-17 14:46:12.258 [[36mSpringContextShutdownHook[0;39m] [[34mINFO [0;39m] [[32mo.s.scheduling.concurrent.ThreadPoolTaskExecutor[0;39m]: Shutting down ExecutorService 'threadPoolTaskExecutor'
2026-04-17 14:46:12.268 [[36mSpringContextShutdownHook[0;39m] [[34mINFO [0;39m] [[32mcom.alibaba.druid.pool.DruidDataSource[0;39m]: {dataSource-1} closed
2026-04-17 14:46:12.268 [[36mSpringContextShutdownHook[0;39m] [[34mINFO [0;39m] [[32msys-user[0;39m]: ====关闭后台任务任务线程池====
2026-04-17 14:46:12.270 [[36mSpringContextShutdownHook[0;39m] [[31mWARN [0;39m] [[32mo.s.context.annotation.CommonAnnotationBeanPostProcessor[0;39m]: Destroy method on bean with name 'shutdownManager' threw an exception: java.lang.ExceptionInInitializerError
2026-04-17 14:46:21.500 [[36mbackground-preinit[0;39m] [[34mINFO [0;39m] [[32morg.hibernate.validator.internal.util.Version[0;39m]: HV000001: Hibernate Validator 6.0.22.Final
2026-04-17 14:46:21.524 [[36mmain[0;39m] [[34mINFO [0;39m] [[32mcom.mock.example.WebApplication[0;39m]: Starting WebApplication on DESKTOP-7M1N7N1 with PID 30496 (C:\Users\Tuilg\OneDrive\Desktop\springboot+vue gaokao\后端代码\example\deploy\target\classes started by Tuilg in C:\Users\Tuilg\OneDrive\Desktop\springboot+vue gaokao)
2026-04-17 14:46:21.526 [[36mmain[0;39m] [[34mINFO [0;39m] [[32mcom.mock.example.WebApplication[0;39m]: The following profiles are active: dev
2026-04-17 14:46:22.711 [[36mmain[0;39m] [[34mINFO [0;39m] [[32mo.s.c.s.PostProcessorRegistrationDelegate$BeanPostProcessorChecker[0;39m]: Bean 'org.springframework.security.access.expression.method.DefaultMethodSecurityExpressionHandler@61514735' of type [org.springframework.security.access.expression.method.DefaultMethodSecurityExpressionHandler] is not eligible for getting processed by all BeanPostProcessors (for example: not eligible for auto-proxying)
2026-04-17 14:46:22.716 [[36mmain[0;39m] [[34mINFO [0;39m] [[32mo.s.c.s.PostProcessorRegistrationDelegate$BeanPostProcessorChecker[0;39m]: Bean 'methodSecurityMetadataSource' of type [org.springframework.security.access.method.DelegatingMethodSecurityMetadataSource] is not eligible for getting processed by all BeanPostProcessors (for example: not eligible for auto-proxying)
2026-04-17 14:46:22.889 [[36mmain[0;39m] [[34mINFO [0;39m] [[32mo.s.boot.web.embedded.tomcat.TomcatWebServer[0;39m]: Tomcat initialized with port(s): 8082 (http)
2026-04-17 14:46:22.895 [[36mmain[0;39m] [[34mINFO [0;39m] [[32morg.apache.coyote.http11.Http11NioProtocol[0;39m]: Initializing ProtocolHandler ["http-nio-8082"]
2026-04-17 14:46:22.895 [[36mmain[0;39m] [[34mINFO [0;39m] [[32morg.apache.catalina.core.StandardService[0;39m]: Starting service [Tomcat]
2026-04-17 14:46:22.895 [[36mmain[0;39m] [[34mINFO [0;39m] [[32morg.apache.catalina.core.StandardEngine[0;39m]: Starting Servlet engine: [Apache Tomcat/9.0.41]
2026-04-17 14:46:22.994 [[36mmain[0;39m] [[34mINFO [0;39m] [[32mo.a.catalina.core.ContainerBase.[Tomcat].[localhost].[/][0;39m]: Initializing Spring embedded WebApplicationContext
2026-04-17 14:46:22.994 [[36mmain[0;39m] [[34mINFO [0;39m] [[32mo.s.b.w.s.context.ServletWebServerApplicationContext[0;39m]: Root WebApplicationContext: initialization completed in 1435 ms
2026-04-17 14:46:23.192 [[36mmain[0;39m] [[34mINFO [0;39m] [[32mc.a.d.s.boot.autoconfigure.DruidDataSourceAutoConfigure[0;39m]: Init DruidDataSource
2026-04-17 14:46:23.305 [[36mmain[0;39m] [[34mINFO [0;39m] [[32mcom.alibaba.druid.pool.DruidDataSource[0;39m]: {dataSource-1} inited
2026-04-17 14:46:26.170 [[36mmain[0;39m] [[34mINFO [0;39m] [[32mo.s.scheduling.concurrent.ThreadPoolTaskExecutor[0;39m]: Initializing ExecutorService 'threadPoolTaskExecutor'
2026-04-17 14:46:26.514 [[36mmain[0;39m] [[34mINFO [0;39m] [[32mo.s.security.web.DefaultSecurityFilterChain[0;39m]: Creating filter chain: any request, [org.springframework.security.web.context.request.async.WebAsyncManagerIntegrationFilter@7645b7d, org.springframework.security.web.context.SecurityContextPersistenceFilter@6b2e9db2, org.springframework.security.web.header.HeaderWriterFilter@58636b50, org.springframework.web.filter.CorsFilter@6579cdbb, org.springframework.web.filter.CorsFilter@6579cdbb, org.springframework.security.web.authentication.logout.LogoutFilter@43b6cb1c, com.mock.example.common.config.security.filter.JwtAuthenticationTokenFilter@1ca610a0, org.springframework.security.web.savedrequest.RequestCacheAwareFilter@1a34a51e, org.springframework.security.web.servletapi.SecurityContextHolderAwareRequestFilter@2e159116, org.springframework.security.web.authentication.AnonymousAuthenticationFilter@4c50cd7d, org.springframework.security.web.session.SessionManagementFilter@120411ec, org.springframework.security.web.access.ExceptionTranslationFilter@144e36ae, org.springframework.security.web.access.intercept.FilterSecurityInterceptor@67f591c2]
2026-04-17 14:46:27.359 [[36mmain[0;39m] [[34mINFO [0;39m] [[32morg.apache.coyote.http11.Http11NioProtocol[0;39m]: Starting ProtocolHandler ["http-nio-8082"]
2026-04-17 14:46:27.384 [[36mmain[0;39m] [[34mINFO [0;39m] [[32mo.s.boot.web.embedded.tomcat.TomcatWebServer[0;39m]: Tomcat started on port(s): 8082 (http) with context path ''
2026-04-17 14:46:27.386 [[36mmain[0;39m] [[34mINFO [0;39m] [[32mcom.mock.example.WebApplication[0;39m]: Started WebApplication in 6.198 seconds (JVM running for 7.495)
2026-04-17 14:46:44.966 [[36mhttp-nio-8082-exec-1[0;39m] [[34mINFO [0;39m] [[32mo.a.catalina.core.ContainerBase.[Tomcat].[localhost].[/][0;39m]: Initializing Spring DispatcherServlet 'dispatcherServlet'
2026-04-17 14:46:44.966 [[36mhttp-nio-8082-exec-1[0;39m] [[34mINFO [0;39m] [[32morg.springframework.web.servlet.DispatcherServlet[0;39m]: Initializing Servlet 'dispatcherServlet'
2026-04-17 14:46:44.976 [[36mhttp-nio-8082-exec-1[0;39m] [[34mINFO [0;39m] [[32morg.springframework.web.servlet.DispatcherServlet[0;39m]: Completed initialization in 10 ms
2026-04-17 14:46:57.116 [[36mthreadPoolTaskExecutor-1[0;39m] [[34mINFO [0;39m] [[32mc.mock.example.modules.entrance.service.CeCollegeService[0;39m]: 【异步任务】开始解析文件: D:\uploadPath\import\9c3fc4ad-3708-469f-b91c-757b7e64c034_1776310098005院校导入模板.xlsx, 大小: 9912 bytes
2026-04-17 14:46:57.424 [[36mthreadPoolTaskExecutor-1[0;39m] [[34mINFO [0;39m] [[32mc.mock.example.modules.entrance.service.CeCollegeService[0;39m]: 【异步任务】Excel 解析完成，得到数据: 13 条
2026-04-17 14:47:10.456 [[36mthreadPoolTaskExecutor-2[0;39m] [[34mINFO [0;39m] [[32mc.mock.example.modules.entrance.service.CeCollegeService[0;39m]: 【异步任务】开始解析文件: D:\uploadPath\import\afea9b82-919f-440d-8e5a-38dd66e6c2a2_1776323443287院校导入模板.xlsx, 大小: 9258607 bytes
2026-04-17 16:02:10.383 [[36mthreadPoolTaskExecutor-2[0;39m] [[34mINFO [0;39m] [[32mc.mock.example.modules.entrance.service.CeCollegeService[0;39m]: 【异步任务】Excel 解析完成，得到数据: 91900 条
2026-04-17 16:22:10.712 [[36mhttp-nio-8082-exec-1[0;39m] [[31mWARN [0;39m] [[32morg.apache.catalina.connector.Request[0;39m]: Creating the temporary upload location [C:\Users\Tuilg\AppData\Local\Temp\tomcat.8082.7603004204736972626\work\Tomcat\localhost\ROOT] as it is required by the servlet [dispatcherServlet]
2026-04-17 16:22:10.913 [[36mthreadPoolTaskExecutor-3[0;39m] [[34mINFO [0;39m] [[32mc.mock.example.modules.entrance.service.CeCollegeService[0;39m]: 【异步任务】开始解析文件: D:\uploadPath\import\57df5bff-413a-416f-b622-f4fe7c13967d_1776323443287院校导入模板.xlsx, 大小: 9260495 bytes
2026-04-17 17:00:16.020 [[36mSpringContextShutdownHook[0;39m] [[34mINFO [0;39m] [[32mo.s.scheduling.concurrent.ThreadPoolTaskExecutor[0;39m]: Shutting down ExecutorService 'threadPoolTaskExecutor'
2026-04-17 17:00:16.080 [[36mSpringContextShutdownHook[0;39m] [[34mINFO [0;39m] [[32mcom.alibaba.druid.pool.DruidDataSource[0;39m]: {dataSource-1} closed
2026-04-17 17:00:16.081 [[36mSpringContextShutdownHook[0;39m] [[34mINFO [0;39m] [[32msys-user[0;39m]: ====关闭后台任务任务线程池====
2026-04-17 17:00:16.088 [[36mSpringContextShutdownHook[0;39m] [[31mWARN [0;39m] [[32mo.s.context.annotation.CommonAnnotationBeanPostProcessor[0;39m]: Destroy method on bean with name 'shutdownManager' threw an exception: java.lang.ExceptionInInitializerError
2026-04-17 17:06:25.264 [[36mbackground-preinit[0;39m] [[34mINFO [0;39m] [[32morg.hibernate.validator.internal.util.Version[0;39m]: HV000001: Hibernate Validator 6.0.22.Final
2026-04-17 17:06:25.307 [[36mmain[0;39m] [[34mINFO [0;39m] [[32mcom.mock.example.WebApplication[0;39m]: Starting WebApplication on DESKTOP-7M1N7N1 with PID 27664 (C:\Users\Tuilg\OneDrive\Desktop\springboot+vue gaokao\后端代码\example\deploy\target\classes started by Tuilg in C:\Users\Tuilg\OneDrive\Desktop\springboot+vue gaokao)
2026-04-17 17:06:25.307 [[36mmain[0;39m] [[34mINFO [0;39m] [[32mcom.mock.example.WebApplication[0;39m]: The following profiles are active: dev
2026-04-17 17:06:27.024 [[36mmain[0;39m] [[34mINFO [0;39m] [[32mo.s.c.s.PostProcessorRegistrationDelegate$BeanPostProcessorChecker[0;39m]: Bean 'org.springframework.security.access.expression.method.DefaultMethodSecurityExpressionHandler@3a1706e1' of type [org.springframework.security.access.expression.method.DefaultMethodSecurityExpressionHandler] is not eligible for getting processed by all BeanPostProcessors (for example: not eligible for auto-proxying)
2026-04-17 17:06:27.029 [[36mmain[0;39m] [[34mINFO [0;39m] [[32mo.s.c.s.PostProcessorRegistrationDelegate$BeanPostProcessorChecker[0;39m]: Bean 'methodSecurityMetadataSource' of type [org.springframework.security.access.method.DelegatingMethodSecurityMetadataSource] is not eligible for getting processed by all BeanPostProcessors (for example: not eligible for auto-proxying)
2026-04-17 17:06:27.276 [[36mmain[0;39m] [[34mINFO [0;39m] [[32mo.s.boot.web.embedded.tomcat.TomcatWebServer[0;39m]: Tomcat initialized with port(s): 8082 (http)
2026-04-17 17:06:27.287 [[36mmain[0;39m] [[34mINFO [0;39m] [[32morg.apache.coyote.http11.Http11NioProtocol[0;39m]: Initializing ProtocolHandler ["http-nio-8082"]
2026-04-17 17:06:27.287 [[36mmain[0;39m] [[34mINFO [0;39m] [[32morg.apache.catalina.core.StandardService[0;39m]: Starting service [Tomcat]
2026-04-17 17:06:27.287 [[36mmain[0;39m] [[34mINFO [0;39m] [[32morg.apache.catalina.core.StandardEngine[0;39m]: Starting Servlet engine: [Apache Tomcat/9.0.41]
2026-04-17 17:06:27.406 [[36mmain[0;39m] [[34mINFO [0;39m] [[32mo.a.catalina.core.ContainerBase.[Tomcat].[localhost].[/][0;39m]: Initializing Spring embedded WebApplicationContext
2026-04-17 17:06:27.406 [[36mmain[0;39m] [[34mINFO [0;39m] [[32mo.s.b.w.s.context.ServletWebServerApplicationContext[0;39m]: Root WebApplicationContext: initialization completed in 2057 ms
2026-04-17 17:06:27.687 [[36mmain[0;39m] [[34mINFO [0;39m] [[32mc.a.d.s.boot.autoconfigure.DruidDataSourceAutoConfigure[0;39m]: Init DruidDataSource
2026-04-17 17:06:27.830 [[36mmain[0;39m] [[34mINFO [0;39m] [[32mcom.alibaba.druid.pool.DruidDataSource[0;39m]: {dataSource-1} inited
2026-04-17 17:06:30.749 [[36mmain[0;39m] [[34mINFO [0;39m] [[32mo.s.scheduling.concurrent.ThreadPoolTaskExecutor[0;39m]: Initializing ExecutorService 'threadPoolTaskExecutor'
2026-04-17 17:06:31.153 [[36mmain[0;39m] [[34mINFO [0;39m] [[32mo.s.security.web.DefaultSecurityFilterChain[0;39m]: Creating filter chain: any request, [org.springframework.security.web.context.request.async.WebAsyncManagerIntegrationFilter@2335aef2, org.springframework.security.web.context.SecurityContextPersistenceFilter@63814bbe, org.springframework.security.web.header.HeaderWriterFilter@b77b0a0, org.springframework.web.filter.CorsFilter@17207f5b, org.springframework.web.filter.CorsFilter@17207f5b, org.springframework.security.web.authentication.logout.LogoutFilter@6cc8adff, com.mock.example.common.config.security.filter.JwtAuthenticationTokenFilter@47b269c4, org.springframework.security.web.savedrequest.RequestCacheAwareFilter@6dc2279c, org.springframework.security.web.servletapi.SecurityContextHolderAwareRequestFilter@342a1f84, org.springframework.security.web.authentication.AnonymousAuthenticationFilter@17003497, org.springframework.security.web.session.SessionManagementFilter@11180750, org.springframework.security.web.access.ExceptionTranslationFilter@10166230, org.springframework.security.web.access.intercept.FilterSecurityInterceptor@15cee630]
2026-04-17 17:06:31.958 [[36mmain[0;39m] [[34mINFO [0;39m] [[32morg.apache.coyote.http11.Http11NioProtocol[0;39m]: Starting ProtocolHandler ["http-nio-8082"]
2026-04-17 17:06:31.980 [[36mmain[0;39m] [[34mINFO [0;39m] [[32mo.s.boot.web.embedded.tomcat.TomcatWebServer[0;39m]: Tomcat started on port(s): 8082 (http) with context path ''
2026-04-17 17:06:31.983 [[36mmain[0;39m] [[34mINFO [0;39m] [[32mcom.mock.example.WebApplication[0;39m]: Started WebApplication in 7.138 seconds (JVM running for 8.62)
2026-04-17 17:06:40.603 [[36mhttp-nio-8082-exec-1[0;39m] [[34mINFO [0;39m] [[32mo.a.catalina.core.ContainerBase.[Tomcat].[localhost].[/][0;39m]: Initializing Spring DispatcherServlet 'dispatcherServlet'
2026-04-17 17:06:40.606 [[36mhttp-nio-8082-exec-1[0;39m] [[34mINFO [0;39m] [[32morg.springframework.web.servlet.DispatcherServlet[0;39m]: Initializing Servlet 'dispatcherServlet'
2026-04-17 17:06:40.616 [[36mhttp-nio-8082-exec-1[0;39m] [[34mINFO [0;39m] [[32morg.springframework.web.servlet.DispatcherServlet[0;39m]: Completed initialization in 10 ms
2026-04-17 17:06:59.096 [[36mthreadPoolTaskExecutor-1[0;39m] [[34mINFO [0;39m] [[32mc.mock.example.modules.entrance.service.CeCollegeService[0;39m]: 【异步任务】开始流式解析文件: D:\uploadPath\import\5e1331e9-3506-414c-859a-760c2015fe6b_1776323443287院校导入模板.xlsx, 大小: 9260495 bytes
2026-04-17 17:07:01.364 [[36mthreadPoolTaskExecutor-1[0;39m] [[1;31mERROR[0;39m] [[32mc.mock.example.modules.entrance.service.CeCollegeService[0;39m]: 异步导入任务异常
cn.hutool.core.exceptions.DependencyException: You need to add 'xerces:xercesImpl' to your project and version >= 2.11.0
	at cn.hutool.poi.excel.sax.Excel07SaxReader.fetchSheetReader(Excel07SaxReader.java:372)
	at cn.hutool.poi.excel.sax.Excel07SaxReader.parse(Excel07SaxReader.java:337)
	at cn.hutool.poi.excel.sax.Excel07SaxReader.read(Excel07SaxReader.java:152)
	at cn.hutool.poi.excel.sax.Excel07SaxReader.read(Excel07SaxReader.java:122)
	at cn.hutool.poi.excel.ExcelUtil.read07BySax(ExcelUtil.java:84)
	at cn.hutool.poi.excel.ExcelUtil.readBySax(ExcelUtil.java:67)
	at cn.hutool.poi.excel.ExcelUtil.readBySax(ExcelUtil.java:53)
	at com.mock.example.common.utils.ExcelUtil.importExcelStreaming(ExcelUtil.java:186)
	at com.mock.example.modules.entrance.service.CeCollegeService.importCollegeDataAsync(CeCollegeService.java:132)
	at com.mock.example.modules.entrance.service.CeCollegeService$$FastClassBySpringCGLIB$$f1f9cc0f.invoke(<generated>)
	at org.springframework.cglib.proxy.MethodProxy.invoke(MethodProxy.java:218)
	at org.springframework.aop.framework.CglibAopProxy$CglibMethodInvocation.invokeJoinpoint(CglibAopProxy.java:771)
	at org.springframework.aop.framework.ReflectiveMethodInvocation.proceed(ReflectiveMethodInvocation.java:163)
	at org.springframework.aop.framework.CglibAopProxy$CglibMethodInvocation.proceed(CglibAopProxy.java:749)
	at org.springframework.transaction.interceptor.TransactionAspectSupport.invokeWithinTransaction(TransactionAspectSupport.java:367)
	at org.springframework.transaction.interceptor.TransactionInterceptor.invoke(TransactionInterceptor.java:118)
	at org.springframework.aop.framework.ReflectiveMethodInvocation.proceed(ReflectiveMethodInvocation.java:186)
	at org.springframework.aop.framework.CglibAopProxy$CglibMethodInvocation.proceed(CglibAopProxy.java:749)
	at org.springframework.aop.interceptor.AsyncExecutionInterceptor.lambda$invoke$0(AsyncExecutionInterceptor.java:115)
	at java.util.concurrent.FutureTask.run(FutureTask.java:266)
	at java.util.concurrent.ThreadPoolExecutor.runWorker(ThreadPoolExecutor.java:1149)
	at java.util.concurrent.ThreadPoolExecutor$Worker.run(ThreadPoolExecutor.java:624)
	at java.lang.Thread.run(Thread.java:750)
Caused by: org.xml.sax.SAXException: SAX2 driver class org.apache.xerces.parsers.SAXParser not found
	at org.xml.sax.helpers.XMLReaderFactory.loadClass(XMLReaderFactory.java:230)
	at org.xml.sax.helpers.XMLReaderFactory.createXMLReader(XMLReaderFactory.java:221)
	at cn.hutool.poi.excel.sax.Excel07SaxReader.fetchSheetReader(Excel07SaxReader.java:369)
	... 22 common frames omitted
Caused by: java.lang.ClassNotFoundException: org.apache.xerces.parsers.SAXParser
	at org.springframework.boot.web.embedded.tomcat.TomcatEmbeddedWebappClassLoader.loadClass(TomcatEmbeddedWebappClassLoader.java:72)
	at org.apache.catalina.loader.WebappClassLoaderBase.loadClass(WebappClassLoaderBase.java:1188)
	at org.xml.sax.helpers.NewInstance.newInstance(NewInstance.java:82)
	at org.xml.sax.helpers.XMLReaderFactory.loadClass(XMLReaderFactory.java:228)
	... 24 common frames omitted
2026-04-17 17:09:03.831 [[36mSpringContextShutdownHook[0;39m] [[34mINFO [0;39m] [[32mo.s.scheduling.concurrent.ThreadPoolTaskExecutor[0;39m]: Shutting down ExecutorService 'threadPoolTaskExecutor'
2026-04-17 17:09:03.852 [[36mSpringContextShutdownHook[0;39m] [[34mINFO [0;39m] [[32mcom.alibaba.druid.pool.DruidDataSource[0;39m]: {dataSource-1} closed
2026-04-17 17:09:03.853 [[36mSpringContextShutdownHook[0;39m] [[34mINFO [0;39m] [[32msys-user[0;39m]: ====关闭后台任务任务线程池====
2026-04-17 17:09:03.857 [[36mSpringContextShutdownHook[0;39m] [[31mWARN [0;39m] [[32mo.s.context.annotation.CommonAnnotationBeanPostProcessor[0;39m]: Destroy method on bean with name 'shutdownManager' threw an exception: java.lang.ExceptionInInitializerError
2026-04-17 17:09:13.226 [[36mbackground-preinit[0;39m] [[34mINFO [0;39m] [[32morg.hibernate.validator.internal.util.Version[0;39m]: HV000001: Hibernate Validator 6.0.22.Final
2026-04-17 17:09:13.262 [[36mmain[0;39m] [[34mINFO [0;39m] [[32mcom.mock.example.WebApplication[0;39m]: Starting WebApplication on DESKTOP-7M1N7N1 with PID 21800 (C:\Users\Tuilg\OneDrive\Desktop\springboot+vue gaokao\后端代码\example\deploy\target\classes started by Tuilg in C:\Users\Tuilg\OneDrive\Desktop\springboot+vue gaokao)
2026-04-17 17:09:13.262 [[36mmain[0;39m] [[34mINFO [0;39m] [[32mcom.mock.example.WebApplication[0;39m]: The following profiles are active: dev
2026-04-17 17:09:16.303 [[36mmain[0;39m] [[34mINFO [0;39m] [[32mo.s.c.s.PostProcessorRegistrationDelegate$BeanPostProcessorChecker[0;39m]: Bean 'org.springframework.security.access.expression.method.DefaultMethodSecurityExpressionHandler@3a90c13c' of type [org.springframework.security.access.expression.method.DefaultMethodSecurityExpressionHandler] is not eligible for getting processed by all BeanPostProcessors (for example: not eligible for auto-proxying)
2026-04-17 17:09:16.320 [[36mmain[0;39m] [[34mINFO [0;39m] [[32mo.s.c.s.PostProcessorRegistrationDelegate$BeanPostProcessorChecker[0;39m]: Bean 'methodSecurityMetadataSource' of type [org.springframework.security.access.method.DelegatingMethodSecurityMetadataSource] is not eligible for getting processed by all BeanPostProcessors (for example: not eligible for auto-proxying)
2026-04-17 17:09:16.714 [[36mmain[0;39m] [[34mINFO [0;39m] [[32mo.s.boot.web.embedded.tomcat.TomcatWebServer[0;39m]: Tomcat initialized with port(s): 8082 (http)
2026-04-17 17:09:16.723 [[36mmain[0;39m] [[34mINFO [0;39m] [[32morg.apache.coyote.http11.Http11NioProtocol[0;39m]: Initializing ProtocolHandler ["http-nio-8082"]
2026-04-17 17:09:16.724 [[36mmain[0;39m] [[34mINFO [0;39m] [[32morg.apache.catalina.core.StandardService[0;39m]: Starting service [Tomcat]
2026-04-17 17:09:16.724 [[36mmain[0;39m] [[34mINFO [0;39m] [[32morg.apache.catalina.core.StandardEngine[0;39m]: Starting Servlet engine: [Apache Tomcat/9.0.41]
2026-04-17 17:09:16.849 [[36mmain[0;39m] [[34mINFO [0;39m] [[32mo.a.catalina.core.ContainerBase.[Tomcat].[localhost].[/][0;39m]: Initializing Spring embedded WebApplicationContext
2026-04-17 17:09:16.850 [[36mmain[0;39m] [[34mINFO [0;39m] [[32mo.s.b.w.s.context.ServletWebServerApplicationContext[0;39m]: Root WebApplicationContext: initialization completed in 3547 ms
2026-04-17 17:09:17.148 [[36mmain[0;39m] [[34mINFO [0;39m] [[32mc.a.d.s.boot.autoconfigure.DruidDataSourceAutoConfigure[0;39m]: Init DruidDataSource
2026-04-17 17:09:17.299 [[36mmain[0;39m] [[34mINFO [0;39m] [[32mcom.alibaba.druid.pool.DruidDataSource[0;39m]: {dataSource-1} inited
2026-04-17 17:09:20.195 [[36mmain[0;39m] [[34mINFO [0;39m] [[32mo.s.scheduling.concurrent.ThreadPoolTaskExecutor[0;39m]: Initializing ExecutorService 'threadPoolTaskExecutor'
2026-04-17 17:09:20.557 [[36mmain[0;39m] [[34mINFO [0;39m] [[32mo.s.security.web.DefaultSecurityFilterChain[0;39m]: Creating filter chain: any request, [org.springframework.security.web.context.request.async.WebAsyncManagerIntegrationFilter@5fbae40, org.springframework.security.web.context.SecurityContextPersistenceFilter@3fc1abf, org.springframework.security.web.header.HeaderWriterFilter@4d825dbe, org.springframework.web.filter.CorsFilter@66f5a02e, org.springframework.web.filter.CorsFilter@66f5a02e, org.springframework.security.web.authentication.logout.LogoutFilter@6b091a92, com.mock.example.common.config.security.filter.JwtAuthenticationTokenFilter@3d40a3b4, org.springframework.security.web.savedrequest.RequestCacheAwareFilter@e7b0bec, org.springframework.security.web.servletapi.SecurityContextHolderAwareRequestFilter@6b2e9db2, org.springframework.security.web.authentication.AnonymousAuthenticationFilter@2c08c787, org.springframework.security.web.session.SessionManagementFilter@70b196d3, org.springframework.security.web.access.ExceptionTranslationFilter@44de8e00, org.springframework.security.web.access.intercept.FilterSecurityInterceptor@1c43df76]
2026-04-17 17:09:21.433 [[36mmain[0;39m] [[34mINFO [0;39m] [[32morg.apache.coyote.http11.Http11NioProtocol[0;39m]: Starting ProtocolHandler ["http-nio-8082"]
2026-04-17 17:09:21.455 [[36mmain[0;39m] [[34mINFO [0;39m] [[32mo.s.boot.web.embedded.tomcat.TomcatWebServer[0;39m]: Tomcat started on port(s): 8082 (http) with context path ''
2026-04-17 17:09:21.458 [[36mmain[0;39m] [[34mINFO [0;39m] [[32mcom.mock.example.WebApplication[0;39m]: Started WebApplication in 8.73 seconds (JVM running for 10.568)
2026-04-17 17:09:25.328 [[36mhttp-nio-8082-exec-1[0;39m] [[34mINFO [0;39m] [[32mo.a.catalina.core.ContainerBase.[Tomcat].[localhost].[/][0;39m]: Initializing Spring DispatcherServlet 'dispatcherServlet'
2026-04-17 17:09:25.328 [[36mhttp-nio-8082-exec-1[0;39m] [[34mINFO [0;39m] [[32morg.springframework.web.servlet.DispatcherServlet[0;39m]: Initializing Servlet 'dispatcherServlet'
2026-04-17 17:09:25.338 [[36mhttp-nio-8082-exec-1[0;39m] [[34mINFO [0;39m] [[32morg.springframework.web.servlet.DispatcherServlet[0;39m]: Completed initialization in 10 ms
2026-04-17 17:09:43.845 [[36mthreadPoolTaskExecutor-1[0;39m] [[34mINFO [0;39m] [[32mc.mock.example.modules.entrance.service.CeCollegeService[0;39m]: 【异步任务】开始流式解析文件: D:\uploadPath\import\d36091ee-cce9-4f45-ba1a-0fdba3480b9c_1776323443287院校导入模板.xlsx, 大小: 9260495 bytes
2026-04-17 17:09:45.950 [[36mthreadPoolTaskExecutor-1[0;39m] [[1;31mERROR[0;39m] [[32mc.mock.example.modules.entrance.service.CeCollegeService[0;39m]: 异步导入任务异常
cn.hutool.core.exceptions.DependencyException: You need to add 'xerces:xercesImpl' to your project and version >= 2.11.0
	at cn.hutool.poi.excel.sax.Excel07SaxReader.fetchSheetReader(Excel07SaxReader.java:372)
	at cn.hutool.poi.excel.sax.Excel07SaxReader.parse(Excel07SaxReader.java:337)
	at cn.hutool.poi.excel.sax.Excel07SaxReader.read(Excel07SaxReader.java:152)
	at cn.hutool.poi.excel.sax.Excel07SaxReader.read(Excel07SaxReader.java:122)
	at cn.hutool.poi.excel.ExcelUtil.read07BySax(ExcelUtil.java:84)
	at cn.hutool.poi.excel.ExcelUtil.readBySax(ExcelUtil.java:67)
	at cn.hutool.poi.excel.ExcelUtil.readBySax(ExcelUtil.java:53)
	at com.mock.example.common.utils.ExcelUtil.importExcelStreaming(ExcelUtil.java:186)
	at com.mock.example.modules.entrance.service.CeCollegeService.importCollegeDataAsync(CeCollegeService.java:132)
	at com.mock.example.modules.entrance.service.CeCollegeService$$FastClassBySpringCGLIB$$f1f9cc0f.invoke(<generated>)
	at org.springframework.cglib.proxy.MethodProxy.invoke(MethodProxy.java:218)
	at org.springframework.aop.framework.CglibAopProxy$CglibMethodInvocation.invokeJoinpoint(CglibAopProxy.java:771)
	at org.springframework.aop.framework.ReflectiveMethodInvocation.proceed(ReflectiveMethodInvocation.java:163)
	at org.springframework.aop.framework.CglibAopProxy$CglibMethodInvocation.proceed(CglibAopProxy.java:749)
	at org.springframework.transaction.interceptor.TransactionAspectSupport.invokeWithinTransaction(TransactionAspectSupport.java:367)
	at org.springframework.transaction.interceptor.TransactionInterceptor.invoke(TransactionInterceptor.java:118)
	at org.springframework.aop.framework.ReflectiveMethodInvocation.proceed(ReflectiveMethodInvocation.java:186)
	at org.springframework.aop.framework.CglibAopProxy$CglibMethodInvocation.proceed(CglibAopProxy.java:749)
	at org.springframework.aop.interceptor.AsyncExecutionInterceptor.lambda$invoke$0(AsyncExecutionInterceptor.java:115)
	at java.util.concurrent.FutureTask.run(FutureTask.java:266)
	at java.util.concurrent.ThreadPoolExecutor.runWorker(ThreadPoolExecutor.java:1149)
	at java.util.concurrent.ThreadPoolExecutor$Worker.run(ThreadPoolExecutor.java:624)
	at java.lang.Thread.run(Thread.java:750)
Caused by: org.xml.sax.SAXException: SAX2 driver class org.apache.xerces.parsers.SAXParser not found
	at org.xml.sax.helpers.XMLReaderFactory.loadClass(XMLReaderFactory.java:230)
	at org.xml.sax.helpers.XMLReaderFactory.createXMLReader(XMLReaderFactory.java:221)
	at cn.hutool.poi.excel.sax.Excel07SaxReader.fetchSheetReader(Excel07SaxReader.java:369)
	... 22 common frames omitted
Caused by: java.lang.ClassNotFoundException: org.apache.xerces.parsers.SAXParser
	at org.springframework.boot.web.embedded.tomcat.TomcatEmbeddedWebappClassLoader.loadClass(TomcatEmbeddedWebappClassLoader.java:72)
	at org.apache.catalina.loader.WebappClassLoaderBase.loadClass(WebappClassLoaderBase.java:1188)
	at org.xml.sax.helpers.NewInstance.newInstance(NewInstance.java:82)
	at org.xml.sax.helpers.XMLReaderFactory.loadClass(XMLReaderFactory.java:228)
	... 24 common frames omitted
2026-04-17 17:13:59.136 [[36mSpringContextShutdownHook[0;39m] [[34mINFO [0;39m] [[32mo.s.scheduling.concurrent.ThreadPoolTaskExecutor[0;39m]: Shutting down ExecutorService 'threadPoolTaskExecutor'
2026-04-17 17:13:59.150 [[36mSpringContextShutdownHook[0;39m] [[34mINFO [0;39m] [[32mcom.alibaba.druid.pool.DruidDataSource[0;39m]: {dataSource-1} closed
2026-04-17 17:13:59.151 [[36mSpringContextShutdownHook[0;39m] [[34mINFO [0;39m] [[32msys-user[0;39m]: ====关闭后台任务任务线程池====
2026-04-17 17:13:59.153 [[36mSpringContextShutdownHook[0;39m] [[31mWARN [0;39m] [[32mo.s.context.annotation.CommonAnnotationBeanPostProcessor[0;39m]: Destroy method on bean with name 'shutdownManager' threw an exception: java.lang.ExceptionInInitializerError
2026-04-17 17:14:23.466 [[36mbackground-preinit[0;39m] [[34mINFO [0;39m] [[32morg.hibernate.validator.internal.util.Version[0;39m]: HV000001: Hibernate Validator 6.0.22.Final
2026-04-17 17:14:23.494 [[36mmain[0;39m] [[34mINFO [0;39m] [[32mcom.mock.example.WebApplication[0;39m]: Starting WebApplication on DESKTOP-7M1N7N1 with PID 29828 (C:\Users\Tuilg\OneDrive\Desktop\springboot+vue gaokao\后端代码\example\deploy\target\classes started by Tuilg in C:\Users\Tuilg\OneDrive\Desktop\springboot+vue gaokao)
2026-04-17 17:14:23.494 [[36mmain[0;39m] [[34mINFO [0;39m] [[32mcom.mock.example.WebApplication[0;39m]: The following profiles are active: dev
2026-04-17 17:14:25.029 [[36mmain[0;39m] [[34mINFO [0;39m] [[32mo.s.c.s.PostProcessorRegistrationDelegate$BeanPostProcessorChecker[0;39m]: Bean 'org.springframework.security.access.expression.method.DefaultMethodSecurityExpressionHandler@631cb129' of type [org.springframework.security.access.expression.method.DefaultMethodSecurityExpressionHandler] is not eligible for getting processed by all BeanPostProcessors (for example: not eligible for auto-proxying)
2026-04-17 17:14:25.034 [[36mmain[0;39m] [[34mINFO [0;39m] [[32mo.s.c.s.PostProcessorRegistrationDelegate$BeanPostProcessorChecker[0;39m]: Bean 'methodSecurityMetadataSource' of type [org.springframework.security.access.method.DelegatingMethodSecurityMetadataSource] is not eligible for getting processed by all BeanPostProcessors (for example: not eligible for auto-proxying)
2026-04-17 17:14:25.240 [[36mmain[0;39m] [[34mINFO [0;39m] [[32mo.s.boot.web.embedded.tomcat.TomcatWebServer[0;39m]: Tomcat initialized with port(s): 8082 (http)
2026-04-17 17:14:25.249 [[36mmain[0;39m] [[34mINFO [0;39m] [[32morg.apache.coyote.http11.Http11NioProtocol[0;39m]: Initializing ProtocolHandler ["http-nio-8082"]
2026-04-17 17:14:25.250 [[36mmain[0;39m] [[34mINFO [0;39m] [[32morg.apache.catalina.core.StandardService[0;39m]: Starting service [Tomcat]
2026-04-17 17:14:25.250 [[36mmain[0;39m] [[34mINFO [0;39m] [[32morg.apache.catalina.core.StandardEngine[0;39m]: Starting Servlet engine: [Apache Tomcat/9.0.41]
2026-04-17 17:14:25.361 [[36mmain[0;39m] [[34mINFO [0;39m] [[32mo.a.catalina.core.ContainerBase.[Tomcat].[localhost].[/][0;39m]: Initializing Spring embedded WebApplicationContext
2026-04-17 17:14:25.361 [[36mmain[0;39m] [[34mINFO [0;39m] [[32mo.s.b.w.s.context.ServletWebServerApplicationContext[0;39m]: Root WebApplicationContext: initialization completed in 1834 ms
2026-04-17 17:14:25.624 [[36mmain[0;39m] [[34mINFO [0;39m] [[32mc.a.d.s.boot.autoconfigure.DruidDataSourceAutoConfigure[0;39m]: Init DruidDataSource
2026-04-17 17:14:25.756 [[36mmain[0;39m] [[34mINFO [0;39m] [[32mcom.alibaba.druid.pool.DruidDataSource[0;39m]: {dataSource-1} inited
2026-04-17 17:14:28.597 [[36mmain[0;39m] [[34mINFO [0;39m] [[32mo.s.scheduling.concurrent.ThreadPoolTaskExecutor[0;39m]: Initializing ExecutorService 'threadPoolTaskExecutor'
2026-04-17 17:14:28.938 [[36mmain[0;39m] [[34mINFO [0;39m] [[32mo.s.security.web.DefaultSecurityFilterChain[0;39m]: Creating filter chain: any request, [org.springframework.security.web.context.request.async.WebAsyncManagerIntegrationFilter@615ef20, org.springframework.security.web.context.SecurityContextPersistenceFilter@772cf46b, org.springframework.security.web.header.HeaderWriterFilter@14b5325f, org.springframework.web.filter.CorsFilter@4a070cf0, org.springframework.web.filter.CorsFilter@4a070cf0, org.springframework.security.web.authentication.logout.LogoutFilter@3534651a, com.mock.example.common.config.security.filter.JwtAuthenticationTokenFilter@6ad179b4, org.springframework.security.web.savedrequest.RequestCacheAwareFilter@949d347, org.springframework.security.web.servletapi.SecurityContextHolderAwareRequestFilter@47b961e2, org.springframework.security.web.authentication.AnonymousAuthenticationFilter@13390a96, org.springframework.security.web.session.SessionManagementFilter@1c31de5d, org.springframework.security.web.access.ExceptionTranslationFilter@41f7c02d, org.springframework.security.web.access.intercept.FilterSecurityInterceptor@7c9ea1d0]
2026-04-17 17:14:29.704 [[36mmain[0;39m] [[34mINFO [0;39m] [[32morg.apache.coyote.http11.Http11NioProtocol[0;39m]: Starting ProtocolHandler ["http-nio-8082"]
2026-04-17 17:14:29.729 [[36mmain[0;39m] [[34mINFO [0;39m] [[32mo.s.boot.web.embedded.tomcat.TomcatWebServer[0;39m]: Tomcat started on port(s): 8082 (http) with context path ''
2026-04-17 17:14:29.732 [[36mmain[0;39m] [[34mINFO [0;39m] [[32mcom.mock.example.WebApplication[0;39m]: Started WebApplication in 6.642 seconds (JVM running for 8.039)
2026-04-17 17:14:34.530 [[36mhttp-nio-8082-exec-1[0;39m] [[34mINFO [0;39m] [[32mo.a.catalina.core.ContainerBase.[Tomcat].[localhost].[/][0;39m]: Initializing Spring DispatcherServlet 'dispatcherServlet'
2026-04-17 17:14:34.530 [[36mhttp-nio-8082-exec-1[0;39m] [[34mINFO [0;39m] [[32morg.springframework.web.servlet.DispatcherServlet[0;39m]: Initializing Servlet 'dispatcherServlet'
2026-04-17 17:14:34.539 [[36mhttp-nio-8082-exec-1[0;39m] [[34mINFO [0;39m] [[32morg.springframework.web.servlet.DispatcherServlet[0;39m]: Completed initialization in 9 ms
2026-04-17 17:14:49.999 [[36mthreadPoolTaskExecutor-1[0;39m] [[34mINFO [0;39m] [[32mc.mock.example.modules.entrance.service.CeCollegeService[0;39m]: 【异步任务】开始流式解析文件: D:\uploadPath\import\ef9aa6c6-aaa1-44da-a9d3-1076c25b0f81_1776323443287院校导入模板.xlsx, 大小: 9260495 bytes
2026-04-17 17:14:55.611 [[36mthreadPoolTaskExecutor-1[0;39m] [[1;31mERROR[0;39m] [[32mcom.mock.example.common.utils.ExcelUtil[0;39m]: 流式解析 Excel 行失败: rowIndex=4000
org.springframework.dao.DataIntegrityViolationException: com.mock.example.modules.entrance.mapper.CeProfessionMapper.insert (batch index #1) failed. Cause: java.sql.BatchUpdateException: Data truncation: Data too long for column 'profession_name' at row 1
; Data truncation: Data too long for column 'profession_name' at row 1; nested exception is java.sql.BatchUpdateException: Data truncation: Data too long for column 'profession_name' at row 1
	at org.springframework.jdbc.support.SQLStateSQLExceptionTranslator.doTranslate(SQLStateSQLExceptionTranslator.java:104)
	at org.springframework.jdbc.support.AbstractFallbackSQLExceptionTranslator.translate(AbstractFallbackSQLExceptionTranslator.java:72)
	at org.springframework.jdbc.support.AbstractFallbackSQLExceptionTranslator.translate(AbstractFallbackSQLExceptionTranslator.java:81)
	at org.springframework.jdbc.support.AbstractFallbackSQLExceptionTranslator.translate(AbstractFallbackSQLExceptionTranslator.java:81)
	at org.mybatis.spring.MyBatisExceptionTranslator.translateExceptionIfPossible(MyBatisExceptionTranslator.java:88)
	at com.baomidou.mybatisplus.extension.toolkit.SqlHelper.executeBatch(SqlHelper.java:189)
	at com.baomidou.mybatisplus.extension.toolkit.SqlHelper.executeBatch(SqlHelper.java:211)
	at com.baomidou.mybatisplus.extension.service.impl.ServiceImpl.executeBatch(ServiceImpl.java:234)
	at com.baomidou.mybatisplus.extension.service.impl.ServiceImpl.saveBatch(ServiceImpl.java:130)
	at com.baomidou.mybatisplus.extension.service.impl.ServiceImpl$$FastClassBySpringCGLIB$$76535273.invoke(<generated>)
	at org.springframework.cglib.proxy.MethodProxy.invoke(MethodProxy.java:218)
	at org.springframework.aop.framework.CglibAopProxy$CglibMethodInvocation.invokeJoinpoint(CglibAopProxy.java:771)
	at org.springframework.aop.framework.ReflectiveMethodInvocation.proceed(ReflectiveMethodInvocation.java:163)
	at org.springframework.aop.framework.CglibAopProxy$CglibMethodInvocation.proceed(CglibAopProxy.java:749)
	at org.springframework.dao.support.PersistenceExceptionTranslationInterceptor.invoke(PersistenceExceptionTranslationInterceptor.java:139)
	at org.springframework.aop.framework.ReflectiveMethodInvocation.proceed(ReflectiveMethodInvocation.java:186)
	at org.springframework.aop.framework.CglibAopProxy$CglibMethodInvocation.proceed(CglibAopProxy.java:749)
	at org.springframework.transaction.interceptor.TransactionAspectSupport.invokeWithinTransaction(TransactionAspectSupport.java:367)
	at org.springframework.transaction.interceptor.TransactionInterceptor.invoke(TransactionInterceptor.java:118)
	at org.springframework.aop.framework.ReflectiveMethodInvocation.proceed(ReflectiveMethodInvocation.java:186)
	at org.springframework.aop.framework.CglibAopProxy$CglibMethodInvocation.proceed(CglibAopProxy.java:749)
	at org.springframework.aop.framework.CglibAopProxy$DynamicAdvisedInterceptor.intercept(CglibAopProxy.java:691)
	at com.mock.example.modules.entrance.repository.impl.CeProfessionRepoImpl$$EnhancerBySpringCGLIB$$5545b719.saveBatch(<generated>)
	at com.mock.example.modules.entrance.service.CeCollegeService.processImportBatch(CeCollegeService.java:221)
	at com.mock.example.modules.entrance.service.CeCollegeService.lambda$importCollegeDataAsync$6(CeCollegeService.java:133)
	at com.mock.example.common.utils.ExcelUtil$1.handle(ExcelUtil.java:261)
	at cn.hutool.poi.excel.sax.Excel07SaxReader.endElement(Excel07SaxReader.java:259)
	at org.apache.xerces.parsers.AbstractSAXParser.endElement(Unknown Source)
	at org.apache.xerces.impl.XMLNSDocumentScannerImpl.scanEndElement(Unknown Source)
	at org.apache.xerces.impl.XMLDocumentFragmentScannerImpl$FragmentContentDispatcher.dispatch(Unknown Source)
	at org.apache.xerces.impl.XMLDocumentFragmentScannerImpl.scanDocument(Unknown Source)
	at org.apache.xerces.parsers.XML11Configuration.parse(Unknown Source)
	at org.apache.xerces.parsers.XML11Configuration.parse(Unknown Source)
	at org.apache.xerces.parsers.XMLParser.parse(Unknown Source)
	at org.apache.xerces.parsers.AbstractSAXParser.parse(Unknown Source)
	at cn.hutool.poi.excel.sax.Excel07SaxReader.parse(Excel07SaxReader.java:337)
	at cn.hutool.poi.excel.sax.Excel07SaxReader.read(Excel07SaxReader.java:152)
	at cn.hutool.poi.excel.sax.Excel07SaxReader.read(Excel07SaxReader.java:122)
	at cn.hutool.poi.excel.ExcelUtil.read07BySax(ExcelUtil.java:84)
	at cn.hutool.poi.excel.ExcelUtil.readBySax(ExcelUtil.java:67)
	at cn.hutool.poi.excel.ExcelUtil.readBySax(ExcelUtil.java:53)
	at com.mock.example.common.utils.ExcelUtil.importExcelStreaming(ExcelUtil.java:186)
	at com.mock.example.modules.entrance.service.CeCollegeService.importCollegeDataAsync(CeCollegeService.java:132)
	at com.mock.example.modules.entrance.service.CeCollegeService$$FastClassBySpringCGLIB$$f1f9cc0f.invoke(<generated>)
	at org.springframework.cglib.proxy.MethodProxy.invoke(MethodProxy.java:218)
	at org.springframework.aop.framework.CglibAopProxy$CglibMethodInvocation.invokeJoinpoint(CglibAopProxy.java:771)
	at org.springframework.aop.framework.ReflectiveMethodInvocation.proceed(ReflectiveMethodInvocation.java:163)
	at org.springframework.aop.framework.CglibAopProxy$CglibMethodInvocation.proceed(CglibAopProxy.java:749)
	at org.springframework.transaction.interceptor.TransactionAspectSupport.invokeWithinTransaction(TransactionAspectSupport.java:367)
	at org.springframework.transaction.interceptor.TransactionInterceptor.invoke(TransactionInterceptor.java:118)
	at org.springframework.aop.framework.ReflectiveMethodInvocation.proceed(ReflectiveMethodInvocation.java:186)
	at org.springframework.aop.framework.CglibAopProxy$CglibMethodInvocation.proceed(CglibAopProxy.java:749)
	at org.springframework.aop.interceptor.AsyncExecutionInterceptor.lambda$invoke$0(AsyncExecutionInterceptor.java:115)
	at java.util.concurrent.FutureTask.run(FutureTask.java:266)
	at java.util.concurrent.ThreadPoolExecutor.runWorker(ThreadPoolExecutor.java:1149)
	at java.util.concurrent.ThreadPoolExecutor$Worker.run(ThreadPoolExecutor.java:624)
	at java.lang.Thread.run(Thread.java:750)
Caused by: java.sql.BatchUpdateException: Data truncation: Data too long for column 'profession_name' at row 1
	at sun.reflect.NativeConstructorAccessorImpl.newInstance0(Native Method)
	at sun.reflect.NativeConstructorAccessorImpl.newInstance(NativeConstructorAccessorImpl.java:62)
	at sun.reflect.DelegatingConstructorAccessorImpl.newInstance(DelegatingConstructorAccessorImpl.java:45)
	at java.lang.reflect.Constructor.newInstance(Constructor.java:423)
	at com.mysql.cj.util.Util.handleNewInstance(Util.java:192)
	at com.mysql.cj.util.Util.getInstance(Util.java:167)
	at com.mysql.cj.util.Util.getInstance(Util.java:174)
	at com.mysql.cj.jdbc.exceptions.SQLError.createBatchUpdateException(SQLError.java:224)
	at com.mysql.cj.jdbc.ClientPreparedStatement.executeBatchedInserts(ClientPreparedStatement.java:755)
	at com.mysql.cj.jdbc.ClientPreparedStatement.executeBatchInternal(ClientPreparedStatement.java:426)
	at com.mysql.cj.jdbc.StatementImpl.executeBatch(StatementImpl.java:796)
	at com.alibaba.druid.filter.FilterChainImpl.statement_executeBatch(FilterChainImpl.java:3066)
	at com.alibaba.druid.filter.FilterAdapter.statement_executeBatch(FilterAdapter.java:2496)
	at com.alibaba.druid.filter.FilterEventAdapter.statement_executeBatch(FilterEventAdapter.java:279)
	at com.alibaba.druid.filter.FilterChainImpl.statement_executeBatch(FilterChainImpl.java:3064)
	at com.alibaba.druid.proxy.jdbc.StatementProxyImpl.executeBatch(StatementProxyImpl.java:202)
	at com.alibaba.druid.pool.DruidPooledPreparedStatement.executeBatch(DruidPooledPreparedStatement.java:566)
	at sun.reflect.GeneratedMethodAccessor205.invoke(Unknown Source)
	at sun.reflect.DelegatingMethodAccessorImpl.invoke(DelegatingMethodAccessorImpl.java:43)
	at java.lang.reflect.Method.invoke(Method.java:498)
	at org.apache.ibatis.logging.jdbc.PreparedStatementLogger.invoke(PreparedStatementLogger.java:78)
	at com.sun.proxy.$Proxy151.executeBatch(Unknown Source)
	at com.baomidou.mybatisplus.core.executor.MybatisBatchExecutor.doFlushStatements(MybatisBatchExecutor.java:135)
	at org.apache.ibatis.executor.BaseExecutor.flushStatements(BaseExecutor.java:129)
	at org.apache.ibatis.executor.BaseExecutor.flushStatements(BaseExecutor.java:122)
	at com.baomidou.mybatisplus.core.executor.MybatisCachingExecutor.flushStatements(MybatisCachingExecutor.java:218)
	at sun.reflect.NativeMethodAccessorImpl.invoke0(Native Method)
	at sun.reflect.NativeMethodAccessorImpl.invoke(NativeMethodAccessorImpl.java:62)
	at sun.reflect.DelegatingMethodAccessorImpl.invoke(DelegatingMethodAccessorImpl.java:43)
	at java.lang.reflect.Method.invoke(Method.java:498)
	at org.apache.ibatis.plugin.Plugin.invoke(Plugin.java:64)
	at com.sun.proxy.$Proxy148.flushStatements(Unknown Source)
	at sun.reflect.NativeMethodAccessorImpl.invoke0(Native Method)
	at sun.reflect.NativeMethodAccessorImpl.invoke(NativeMethodAccessorImpl.java:62)
	at sun.reflect.DelegatingMethodAccessorImpl.invoke(DelegatingMethodAccessorImpl.java:43)
	at java.lang.reflect.Method.invoke(Method.java:498)
	at org.apache.ibatis.plugin.Plugin.invoke(Plugin.java:64)
	at com.sun.proxy.$Proxy148.flushStatements(Unknown Source)
	at org.apache.ibatis.session.defaults.DefaultSqlSession.flushStatements(DefaultSqlSession.java:249)
	at com.baomidou.mybatisplus.extension.toolkit.SqlHelper.lambda$executeBatch$0(SqlHelper.java:217)
	at com.baomidou.mybatisplus.extension.toolkit.SqlHelper.executeBatch(SqlHelper.java:179)
	... 51 common frames omitted
Caused by: com.mysql.cj.jdbc.exceptions.MysqlDataTruncation: Data truncation: Data too long for column 'profession_name' at row 1
	at com.mysql.cj.jdbc.exceptions.SQLExceptionsMapping.translateException(SQLExceptionsMapping.java:104)
	at com.mysql.cj.jdbc.ClientPreparedStatement.executeInternal(ClientPreparedStatement.java:953)
	at com.mysql.cj.jdbc.ClientPreparedStatement.executeUpdateInternal(ClientPreparedStatement.java:1092)
	at com.mysql.cj.jdbc.ClientPreparedStatement.executeUpdateInternal(ClientPreparedStatement.java:1040)
	at com.mysql.cj.jdbc.ClientPreparedStatement.executeLargeUpdate(ClientPreparedStatement.java:1347)
	at com.mysql.cj.jdbc.ClientPreparedStatement.executeBatchedInserts(ClientPreparedStatement.java:716)
	... 83 common frames omitted
2026-04-17 17:14:57.664 [[36mthreadPoolTaskExecutor-1[0;39m] [[1;31mERROR[0;39m] [[32mcom.mock.example.common.utils.ExcelUtil[0;39m]: 流式解析 Excel 行失败: rowIndex=6001
org.springframework.dao.DataIntegrityViolationException: com.mock.example.modules.entrance.mapper.CeProfessionMapper.insert (batch index #1) failed. Cause: java.sql.BatchUpdateException: Data truncation: Data too long for column 'profession_name' at row 1
; Data truncation: Data too long for column 'profession_name' at row 1; nested exception is java.sql.BatchUpdateException: Data truncation: Data too long for column 'profession_name' at row 1
	at org.springframework.jdbc.support.SQLStateSQLExceptionTranslator.doTranslate(SQLStateSQLExceptionTranslator.java:104)
	at org.springframework.jdbc.support.AbstractFallbackSQLExceptionTranslator.translate(AbstractFallbackSQLExceptionTranslator.java:72)
	at org.springframework.jdbc.support.AbstractFallbackSQLExceptionTranslator.translate(AbstractFallbackSQLExceptionTranslator.java:81)
	at org.springframework.jdbc.support.AbstractFallbackSQLExceptionTranslator.translate(AbstractFallbackSQLExceptionTranslator.java:81)
	at org.mybatis.spring.MyBatisExceptionTranslator.translateExceptionIfPossible(MyBatisExceptionTranslator.java:88)
	at com.baomidou.mybatisplus.extension.toolkit.SqlHelper.executeBatch(SqlHelper.java:189)
	at com.baomidou.mybatisplus.extension.toolkit.SqlHelper.executeBatch(SqlHelper.java:211)
	at com.baomidou.mybatisplus.extension.service.impl.ServiceImpl.executeBatch(ServiceImpl.java:234)
	at com.baomidou.mybatisplus.extension.service.impl.ServiceImpl.saveBatch(ServiceImpl.java:130)
	at com.baomidou.mybatisplus.extension.service.impl.ServiceImpl$$FastClassBySpringCGLIB$$76535273.invoke(<generated>)
	at org.springframework.cglib.proxy.MethodProxy.invoke(MethodProxy.java:218)
	at org.springframework.aop.framework.CglibAopProxy$CglibMethodInvocation.invokeJoinpoint(CglibAopProxy.java:771)
	at org.springframework.aop.framework.ReflectiveMethodInvocation.proceed(ReflectiveMethodInvocation.java:163)
	at org.springframework.aop.framework.CglibAopProxy$CglibMethodInvocation.proceed(CglibAopProxy.java:749)
	at org.springframework.dao.support.PersistenceExceptionTranslationInterceptor.invoke(PersistenceExceptionTranslationInterceptor.java:139)
	at org.springframework.aop.framework.ReflectiveMethodInvocation.proceed(ReflectiveMethodInvocation.java:186)
	at org.springframework.aop.framework.CglibAopProxy$CglibMethodInvocation.proceed(CglibAopProxy.java:749)
	at org.springframework.transaction.interceptor.TransactionAspectSupport.invokeWithinTransaction(TransactionAspectSupport.java:367)
	at org.springframework.transaction.interceptor.TransactionInterceptor.invoke(TransactionInterceptor.java:118)
	at org.springframework.aop.framework.ReflectiveMethodInvocation.proceed(ReflectiveMethodInvocation.java:186)
	at org.springframework.aop.framework.CglibAopProxy$CglibMethodInvocation.proceed(CglibAopProxy.java:749)
	at org.springframework.aop.framework.CglibAopProxy$DynamicAdvisedInterceptor.intercept(CglibAopProxy.java:691)
	at com.mock.example.modules.entrance.repository.impl.CeProfessionRepoImpl$$EnhancerBySpringCGLIB$$5545b719.saveBatch(<generated>)
	at com.mock.example.modules.entrance.service.CeCollegeService.processImportBatch(CeCollegeService.java:221)
	at com.mock.example.modules.entrance.service.CeCollegeService.lambda$importCollegeDataAsync$6(CeCollegeService.java:133)
	at com.mock.example.common.utils.ExcelUtil$1.handle(ExcelUtil.java:261)
	at cn.hutool.poi.excel.sax.Excel07SaxReader.endElement(Excel07SaxReader.java:259)
	at org.apache.xerces.parsers.AbstractSAXParser.endElement(Unknown Source)
	at org.apache.xerces.impl.XMLNSDocumentScannerImpl.scanEndElement(Unknown Source)
	at org.apache.xerces.impl.XMLDocumentFragmentScannerImpl$FragmentContentDispatcher.dispatch(Unknown Source)
	at org.apache.xerces.impl.XMLDocumentFragmentScannerImpl.scanDocument(Unknown Source)
	at org.apache.xerces.parsers.XML11Configuration.parse(Unknown Source)
	at org.apache.xerces.parsers.XML11Configuration.parse(Unknown Source)
	at org.apache.xerces.parsers.XMLParser.parse(Unknown Source)
	at org.apache.xerces.parsers.AbstractSAXParser.parse(Unknown Source)
	at cn.hutool.poi.excel.sax.Excel07SaxReader.parse(Excel07SaxReader.java:337)
	at cn.hutool.poi.excel.sax.Excel07SaxReader.read(Excel07SaxReader.java:152)
	at cn.hutool.poi.excel.sax.Excel07SaxReader.read(Excel07SaxReader.java:122)
	at cn.hutool.poi.excel.ExcelUtil.read07BySax(ExcelUtil.java:84)
	at cn.hutool.poi.excel.ExcelUtil.readBySax(ExcelUtil.java:67)
	at cn.hutool.poi.excel.ExcelUtil.readBySax(ExcelUtil.java:53)
	at com.mock.example.common.utils.ExcelUtil.importExcelStreaming(ExcelUtil.java:186)
	at com.mock.example.modules.entrance.service.CeCollegeService.importCollegeDataAsync(CeCollegeService.java:132)
	at com.mock.example.modules.entrance.service.CeCollegeService$$FastClassBySpringCGLIB$$f1f9cc0f.invoke(<generated>)
	at org.springframework.cglib.proxy.MethodProxy.invoke(MethodProxy.java:218)
	at org.springframework.aop.framework.CglibAopProxy$CglibMethodInvocation.invokeJoinpoint(CglibAopProxy.java:771)
	at org.springframework.aop.framework.ReflectiveMethodInvocation.proceed(ReflectiveMethodInvocation.java:163)
	at org.springframework.aop.framework.CglibAopProxy$CglibMethodInvocation.proceed(CglibAopProxy.java:749)
	at org.springframework.transaction.interceptor.TransactionAspectSupport.invokeWithinTransaction(TransactionAspectSupport.java:367)
	at org.springframework.transaction.interceptor.TransactionInterceptor.invoke(TransactionInterceptor.java:118)
	at org.springframework.aop.framework.ReflectiveMethodInvocation.proceed(ReflectiveMethodInvocation.java:186)
	at org.springframework.aop.framework.CglibAopProxy$CglibMethodInvocation.proceed(CglibAopProxy.java:749)
	at org.springframework.aop.interceptor.AsyncExecutionInterceptor.lambda$invoke$0(AsyncExecutionInterceptor.java:115)
	at java.util.concurrent.FutureTask.run(FutureTask.java:266)
	at java.util.concurrent.ThreadPoolExecutor.runWorker(ThreadPoolExecutor.java:1149)
	at java.util.concurrent.ThreadPoolExecutor$Worker.run(ThreadPoolExecutor.java:624)
	at java.lang.Thread.run(Thread.java:750)
Caused by: java.sql.BatchUpdateException: Data truncation: Data too long for column 'profession_name' at row 1
	at sun.reflect.NativeConstructorAccessorImpl.newInstance0(Native Method)
	at sun.reflect.NativeConstructorAccessorImpl.newInstance(NativeConstructorAccessorImpl.java:62)
	at sun.reflect.DelegatingConstructorAccessorImpl.newInstance(DelegatingConstructorAccessorImpl.java:45)
	at java.lang.reflect.Constructor.newInstance(Constructor.java:423)
	at com.mysql.cj.util.Util.handleNewInstance(Util.java:192)
	at com.mysql.cj.util.Util.getInstance(Util.java:167)
	at com.mysql.cj.util.Util.getInstance(Util.java:174)
	at com.mysql.cj.jdbc.exceptions.SQLError.createBatchUpdateException(SQLError.java:224)
	at com.mysql.cj.jdbc.ClientPreparedStatement.executeBatchedInserts(ClientPreparedStatement.java:755)
	at com.mysql.cj.jdbc.ClientPreparedStatement.executeBatchInternal(ClientPreparedStatement.java:426)
	at com.mysql.cj.jdbc.StatementImpl.executeBatch(StatementImpl.java:796)
	at com.alibaba.druid.filter.FilterChainImpl.statement_executeBatch(FilterChainImpl.java:3066)
	at com.alibaba.druid.filter.FilterAdapter.statement_executeBatch(FilterAdapter.java:2496)
	at com.alibaba.druid.filter.FilterEventAdapter.statement_executeBatch(FilterEventAdapter.java:279)
	at com.alibaba.druid.filter.FilterChainImpl.statement_executeBatch(FilterChainImpl.java:3064)
	at com.alibaba.druid.proxy.jdbc.StatementProxyImpl.executeBatch(StatementProxyImpl.java:202)
	at com.alibaba.druid.pool.DruidPooledPreparedStatement.executeBatch(DruidPooledPreparedStatement.java:566)
	at sun.reflect.GeneratedMethodAccessor205.invoke(Unknown Source)
	at sun.reflect.DelegatingMethodAccessorImpl.invoke(DelegatingMethodAccessorImpl.java:43)
	at java.lang.reflect.Method.invoke(Method.java:498)
	at org.apache.ibatis.logging.jdbc.PreparedStatementLogger.invoke(PreparedStatementLogger.java:78)
	at com.sun.proxy.$Proxy151.executeBatch(Unknown Source)
	at com.baomidou.mybatisplus.core.executor.MybatisBatchExecutor.doFlushStatements(MybatisBatchExecutor.java:135)
	at org.apache.ibatis.executor.BaseExecutor.flushStatements(BaseExecutor.java:129)
	at org.apache.ibatis.executor.BaseExecutor.flushStatements(BaseExecutor.java:122)
	at com.baomidou.mybatisplus.core.executor.MybatisCachingExecutor.flushStatements(MybatisCachingExecutor.java:218)
	at sun.reflect.GeneratedMethodAccessor206.invoke(Unknown Source)
	at sun.reflect.DelegatingMethodAccessorImpl.invoke(DelegatingMethodAccessorImpl.java:43)
	at java.lang.reflect.Method.invoke(Method.java:498)
	at org.apache.ibatis.plugin.Plugin.invoke(Plugin.java:64)
	at com.sun.proxy.$Proxy148.flushStatements(Unknown Source)
	at sun.reflect.GeneratedMethodAccessor206.invoke(Unknown Source)
	at sun.reflect.DelegatingMethodAccessorImpl.invoke(DelegatingMethodAccessorImpl.java:43)
	at java.lang.reflect.Method.invoke(Method.java:498)
	at org.apache.ibatis.plugin.Plugin.invoke(Plugin.java:64)
	at com.sun.proxy.$Proxy148.flushStatements(Unknown Source)
	at org.apache.ibatis.session.defaults.DefaultSqlSession.flushStatements(DefaultSqlSession.java:249)
	at com.baomidou.mybatisplus.extension.toolkit.SqlHelper.lambda$executeBatch$0(SqlHelper.java:217)
	at com.baomidou.mybatisplus.extension.toolkit.SqlHelper.executeBatch(SqlHelper.java:179)
	... 51 common frames omitted
Caused by: com.mysql.cj.jdbc.exceptions.MysqlDataTruncation: Data truncation: Data too long for column 'profession_name' at row 1
	at com.mysql.cj.jdbc.exceptions.SQLExceptionsMapping.translateException(SQLExceptionsMapping.java:104)
	at com.mysql.cj.jdbc.ClientPreparedStatement.executeInternal(ClientPreparedStatement.java:953)
	at com.mysql.cj.jdbc.ClientPreparedStatement.executeUpdateInternal(ClientPreparedStatement.java:1092)
	at com.mysql.cj.jdbc.ClientPreparedStatement.executeUpdateInternal(ClientPreparedStatement.java:1040)
	at com.mysql.cj.jdbc.ClientPreparedStatement.executeLargeUpdate(ClientPreparedStatement.java:1347)
	at com.mysql.cj.jdbc.ClientPreparedStatement.executeBatchedInserts(ClientPreparedStatement.java:716)
	... 81 common frames omitted
2026-04-17 17:14:59.616 [[36mthreadPoolTaskExecutor-1[0;39m] [[1;31mERROR[0;39m] [[32mcom.mock.example.common.utils.ExcelUtil[0;39m]: 流式解析 Excel 行失败: rowIndex=8002
org.springframework.dao.DataIntegrityViolationException: com.mock.example.modules.entrance.mapper.CeProfessionMapper.insert (batch index #1) failed. Cause: java.sql.BatchUpdateException: Data truncation: Data too long for column 'profession_name' at row 1
; Data truncation: Data too long for column 'profession_name' at row 1; nested exception is java.sql.BatchUpdateException: Data truncation: Data too long for column 'profession_name' at row 1
	at org.springframework.jdbc.support.SQLStateSQLExceptionTranslator.doTranslate(SQLStateSQLExceptionTranslator.java:104)
	at org.springframework.jdbc.support.AbstractFallbackSQLExceptionTranslator.translate(AbstractFallbackSQLExceptionTranslator.java:72)
	at org.springframework.jdbc.support.AbstractFallbackSQLExceptionTranslator.translate(AbstractFallbackSQLExceptionTranslator.java:81)
	at org.springframework.jdbc.support.AbstractFallbackSQLExceptionTranslator.translate(AbstractFallbackSQLExceptionTranslator.java:81)
	at org.mybatis.spring.MyBatisExceptionTranslator.translateExceptionIfPossible(MyBatisExceptionTranslator.java:88)
	at com.baomidou.mybatisplus.extension.toolkit.SqlHelper.executeBatch(SqlHelper.java:189)
	at com.baomidou.mybatisplus.extension.toolkit.SqlHelper.executeBatch(SqlHelper.java:211)
	at com.baomidou.mybatisplus.extension.service.impl.ServiceImpl.executeBatch(ServiceImpl.java:234)
	at com.baomidou.mybatisplus.extension.service.impl.ServiceImpl.saveBatch(ServiceImpl.java:130)
	at com.baomidou.mybatisplus.extension.service.impl.ServiceImpl$$FastClassBySpringCGLIB$$76535273.invoke(<generated>)
	at org.springframework.cglib.proxy.MethodProxy.invoke(MethodProxy.java:218)
	at org.springframework.aop.framework.CglibAopProxy$CglibMethodInvocation.invokeJoinpoint(CglibAopProxy.java:771)
	at org.springframework.aop.framework.ReflectiveMethodInvocation.proceed(ReflectiveMethodInvocation.java:163)
	at org.springframework.aop.framework.CglibAopProxy$CglibMethodInvocation.proceed(CglibAopProxy.java:749)
	at org.springframework.dao.support.PersistenceExceptionTranslationInterceptor.invoke(PersistenceExceptionTranslationInterceptor.java:139)
	at org.springframework.aop.framework.ReflectiveMethodInvocation.proceed(ReflectiveMethodInvocation.java:186)
	at org.springframework.aop.framework.CglibAopProxy$CglibMethodInvocation.proceed(CglibAopProxy.java:749)
	at org.springframework.transaction.interceptor.TransactionAspectSupport.invokeWithinTransaction(TransactionAspectSupport.java:367)
	at org.springframework.transaction.interceptor.TransactionInterceptor.invoke(TransactionInterceptor.java:118)
	at org.springframework.aop.framework.ReflectiveMethodInvocation.proceed(ReflectiveMethodInvocation.java:186)
	at org.springframework.aop.framework.CglibAopProxy$CglibMethodInvocation.proceed(CglibAopProxy.java:749)
	at org.springframework.aop.framework.CglibAopProxy$DynamicAdvisedInterceptor.intercept(CglibAopProxy.java:691)
	at com.mock.example.modules.entrance.repository.impl.CeProfessionRepoImpl$$EnhancerBySpringCGLIB$$5545b719.saveBatch(<generated>)
	at com.mock.example.modules.entrance.service.CeCollegeService.processImportBatch(CeCollegeService.java:221)
	at com.mock.example.modules.entrance.service.CeCollegeService.lambda$importCollegeDataAsync$6(CeCollegeService.java:133)
	at com.mock.example.common.utils.ExcelUtil$1.handle(ExcelUtil.java:261)
	at cn.hutool.poi.excel.sax.Excel07SaxReader.endElement(Excel07SaxReader.java:259)
	at org.apache.xerces.parsers.AbstractSAXParser.endElement(Unknown Source)
	at org.apache.xerces.impl.XMLNSDocumentScannerImpl.scanEndElement(Unknown Source)
	at org.apache.xerces.impl.XMLDocumentFragmentScannerImpl$FragmentContentDispatcher.dispatch(Unknown Source)
	at org.apache.xerces.impl.XMLDocumentFragmentScannerImpl.scanDocument(Unknown Source)
	at org.apache.xerces.parsers.XML11Configuration.parse(Unknown Source)
	at org.apache.xerces.parsers.XML11Configuration.parse(Unknown Source)
	at org.apache.xerces.parsers.XMLParser.parse(Unknown Source)
	at org.apache.xerces.parsers.AbstractSAXParser.parse(Unknown Source)
	at cn.hutool.poi.excel.sax.Excel07SaxReader.parse(Excel07SaxReader.java:337)
	at cn.hutool.poi.excel.sax.Excel07SaxReader.read(Excel07SaxReader.java:152)
	at cn.hutool.poi.excel.sax.Excel07SaxReader.read(Excel07SaxReader.java:122)
	at cn.hutool.poi.excel.ExcelUtil.read07BySax(ExcelUtil.java:84)
	at cn.hutool.poi.excel.ExcelUtil.readBySax(ExcelUtil.java:67)
	at cn.hutool.poi.excel.ExcelUtil.readBySax(ExcelUtil.java:53)
	at com.mock.example.common.utils.ExcelUtil.importExcelStreaming(ExcelUtil.java:186)
	at com.mock.example.modules.entrance.service.CeCollegeService.importCollegeDataAsync(CeCollegeService.java:132)
	at com.mock.example.modules.entrance.service.CeCollegeService$$FastClassBySpringCGLIB$$f1f9cc0f.invoke(<generated>)
	at org.springframework.cglib.proxy.MethodProxy.invoke(MethodProxy.java:218)
	at org.springframework.aop.framework.CglibAopProxy$CglibMethodInvocation.invokeJoinpoint(CglibAopProxy.java:771)
	at org.springframework.aop.framework.ReflectiveMethodInvocation.proceed(ReflectiveMethodInvocation.java:163)
	at org.springframework.aop.framework.CglibAopProxy$CglibMethodInvocation.proceed(CglibAopProxy.java:749)
	at org.springframework.transaction.interceptor.TransactionAspectSupport.invokeWithinTransaction(TransactionAspectSupport.java:367)
	at org.springframework.transaction.interceptor.TransactionInterceptor.invoke(TransactionInterceptor.java:118)
	at org.springframework.aop.framework.ReflectiveMethodInvocation.proceed(ReflectiveMethodInvocation.java:186)
	at org.springframework.aop.framework.CglibAopProxy$CglibMethodInvocation.proceed(CglibAopProxy.java:749)
	at org.springframework.aop.interceptor.AsyncExecutionInterceptor.lambda$invoke$0(AsyncExecutionInterceptor.java:115)
	at java.util.concurrent.FutureTask.run(FutureTask.java:266)
	at java.util.concurrent.ThreadPoolExecutor.runWorker(ThreadPoolExecutor.java:1149)
	at java.util.concurrent.ThreadPoolExecutor$Worker.run(ThreadPoolExecutor.java:624)
	at java.lang.Thread.run(Thread.java:750)
Caused by: java.sql.BatchUpdateException: Data truncation: Data too long for column 'profession_name' at row 1
	at sun.reflect.NativeConstructorAccessorImpl.newInstance0(Native Method)
	at sun.reflect.NativeConstructorAccessorImpl.newInstance(NativeConstructorAccessorImpl.java:62)
	at sun.reflect.DelegatingConstructorAccessorImpl.newInstance(DelegatingConstructorAccessorImpl.java:45)
	at java.lang.reflect.Constructor.newInstance(Constructor.java:423)
	at com.mysql.cj.util.Util.handleNewInstance(Util.java:192)
	at com.mysql.cj.util.Util.getInstance(Util.java:167)
	at com.mysql.cj.util.Util.getInstance(Util.java:174)
	at com.mysql.cj.jdbc.exceptions.SQLError.createBatchUpdateException(SQLError.java:224)
	at com.mysql.cj.jdbc.ClientPreparedStatement.executeBatchedInserts(ClientPreparedStatement.java:755)
	at com.mysql.cj.jdbc.ClientPreparedStatement.executeBatchInternal(ClientPreparedStatement.java:426)
	at com.mysql.cj.jdbc.StatementImpl.executeBatch(StatementImpl.java:796)
	at com.alibaba.druid.filter.FilterChainImpl.statement_executeBatch(FilterChainImpl.java:3066)
	at com.alibaba.druid.filter.FilterAdapter.statement_executeBatch(FilterAdapter.java:2496)
	at com.alibaba.druid.filter.FilterEventAdapter.statement_executeBatch(FilterEventAdapter.java:279)
	at com.alibaba.druid.filter.FilterChainImpl.statement_executeBatch(FilterChainImpl.java:3064)
	at com.alibaba.druid.proxy.jdbc.StatementProxyImpl.executeBatch(StatementProxyImpl.java:202)
	at com.alibaba.druid.pool.DruidPooledPreparedStatement.executeBatch(DruidPooledPreparedStatement.java:566)
	at sun.reflect.GeneratedMethodAccessor205.invoke(Unknown Source)
	at sun.reflect.DelegatingMethodAccessorImpl.invoke(DelegatingMethodAccessorImpl.java:43)
	at java.lang.reflect.Method.invoke(Method.java:498)
	at org.apache.ibatis.logging.jdbc.PreparedStatementLogger.invoke(PreparedStatementLogger.java:78)
	at com.sun.proxy.$Proxy151.executeBatch(Unknown Source)
	at com.baomidou.mybatisplus.core.executor.MybatisBatchExecutor.doFlushStatements(MybatisBatchExecutor.java:135)
	at org.apache.ibatis.executor.BaseExecutor.flushStatements(BaseExecutor.java:129)
	at org.apache.ibatis.executor.BaseExecutor.flushStatements(BaseExecutor.java:122)
	at com.baomidou.mybatisplus.core.executor.MybatisCachingExecutor.flushStatements(MybatisCachingExecutor.java:218)
	at sun.reflect.GeneratedMethodAccessor206.invoke(Unknown Source)
	at sun.reflect.DelegatingMethodAccessorImpl.invoke(DelegatingMethodAccessorImpl.java:43)
	at java.lang.reflect.Method.invoke(Method.java:498)
	at org.apache.ibatis.plugin.Plugin.invoke(Plugin.java:64)
	at com.sun.proxy.$Proxy148.flushStatements(Unknown Source)
	at sun.reflect.GeneratedMethodAccessor206.invoke(Unknown Source)
	at sun.reflect.DelegatingMethodAccessorImpl.invoke(DelegatingMethodAccessorImpl.java:43)
	at java.lang.reflect.Method.invoke(Method.java:498)
	at org.apache.ibatis.plugin.Plugin.invoke(Plugin.java:64)
	at com.sun.proxy.$Proxy148.flushStatements(Unknown Source)
	at org.apache.ibatis.session.defaults.DefaultSqlSession.flushStatements(DefaultSqlSession.java:249)
	at com.baomidou.mybatisplus.extension.toolkit.SqlHelper.lambda$executeBatch$0(SqlHelper.java:217)
	at com.baomidou.mybatisplus.extension.toolkit.SqlHelper.executeBatch(SqlHelper.java:179)
	... 51 common frames omitted
Caused by: com.mysql.cj.jdbc.exceptions.MysqlDataTruncation: Data truncation: Data too long for column 'profession_name' at row 1
	at com.mysql.cj.jdbc.exceptions.SQLExceptionsMapping.translateException(SQLExceptionsMapping.java:104)
	at com.mysql.cj.jdbc.ClientPreparedStatement.executeInternal(ClientPreparedStatement.java:953)
	at com.mysql.cj.jdbc.ClientPreparedStatement.executeUpdateInternal(ClientPreparedStatement.java:1092)
	at com.mysql.cj.jdbc.ClientPreparedStatement.executeUpdateInternal(ClientPreparedStatement.java:1040)
	at com.mysql.cj.jdbc.ClientPreparedStatement.executeLargeUpdate(ClientPreparedStatement.java:1347)
	at com.mysql.cj.jdbc.ClientPreparedStatement.executeBatchedInserts(ClientPreparedStatement.java:716)
	... 81 common frames omitted
2026-04-17 17:15:02.638 [[36mthreadPoolTaskExecutor-1[0;39m] [[1;31mERROR[0;39m] [[32mcom.mock.example.common.utils.ExcelUtil[0;39m]: 流式解析 Excel 行失败: rowIndex=12003
org.springframework.dao.DataIntegrityViolationException: com.mock.example.modules.entrance.mapper.CeProfessionMapper.insert (batch index #3) failed. 2 prior sub executor(s) completed successfully, but will be rolled back. Cause: java.sql.BatchUpdateException: Data truncation: Data too long for column 'profession_name' at row 183
; Data truncation: Data too long for column 'profession_name' at row 183; nested exception is java.sql.BatchUpdateException: Data truncation: Data too long for column 'profession_name' at row 183
	at org.springframework.jdbc.support.SQLStateSQLExceptionTranslator.doTranslate(SQLStateSQLExceptionTranslator.java:104)
	at org.springframework.jdbc.support.AbstractFallbackSQLExceptionTranslator.translate(AbstractFallbackSQLExceptionTranslator.java:72)
	at org.springframework.jdbc.support.AbstractFallbackSQLExceptionTranslator.translate(AbstractFallbackSQLExceptionTranslator.java:81)
	at org.springframework.jdbc.support.AbstractFallbackSQLExceptionTranslator.translate(AbstractFallbackSQLExceptionTranslator.java:81)
	at org.mybatis.spring.MyBatisExceptionTranslator.translateExceptionIfPossible(MyBatisExceptionTranslator.java:88)
	at com.baomidou.mybatisplus.extension.toolkit.SqlHelper.executeBatch(SqlHelper.java:189)
	at com.baomidou.mybatisplus.extension.toolkit.SqlHelper.executeBatch(SqlHelper.java:211)
	at com.baomidou.mybatisplus.extension.service.impl.ServiceImpl.executeBatch(ServiceImpl.java:234)
	at com.baomidou.mybatisplus.extension.service.impl.ServiceImpl.saveBatch(ServiceImpl.java:130)
	at com.baomidou.mybatisplus.extension.service.impl.ServiceImpl$$FastClassBySpringCGLIB$$76535273.invoke(<generated>)
	at org.springframework.cglib.proxy.MethodProxy.invoke(MethodProxy.java:218)
	at org.springframework.aop.framework.CglibAopProxy$CglibMethodInvocation.invokeJoinpoint(CglibAopProxy.java:771)
	at org.springframework.aop.framework.ReflectiveMethodInvocation.proceed(ReflectiveMethodInvocation.java:163)
	at org.springframework.aop.framework.CglibAopProxy$CglibMethodInvocation.proceed(CglibAopProxy.java:749)
	at org.springframework.dao.support.PersistenceExceptionTranslationInterceptor.invoke(PersistenceExceptionTranslationInterceptor.java:139)
	at org.springframework.aop.framework.ReflectiveMethodInvocation.proceed(ReflectiveMethodInvocation.java:186)
	at org.springframework.aop.framework.CglibAopProxy$CglibMethodInvocation.proceed(CglibAopProxy.java:749)
	at org.springframework.transaction.interceptor.TransactionAspectSupport.invokeWithinTransaction(TransactionAspectSupport.java:367)
	at org.springframework.transaction.interceptor.TransactionInterceptor.invoke(TransactionInterceptor.java:118)
	at org.springframework.aop.framework.ReflectiveMethodInvocation.proceed(ReflectiveMethodInvocation.java:186)
	at org.springframework.aop.framework.CglibAopProxy$CglibMethodInvocation.proceed(CglibAopProxy.java:749)
	at org.springframework.aop.framework.CglibAopProxy$DynamicAdvisedInterceptor.intercept(CglibAopProxy.java:691)
	at com.mock.example.modules.entrance.repository.impl.CeProfessionRepoImpl$$EnhancerBySpringCGLIB$$5545b719.saveBatch(<generated>)
	at com.mock.example.modules.entrance.service.CeCollegeService.processImportBatch(CeCollegeService.java:221)
	at com.mock.example.modules.entrance.service.CeCollegeService.lambda$importCollegeDataAsync$6(CeCollegeService.java:133)
	at com.mock.example.common.utils.ExcelUtil$1.handle(ExcelUtil.java:261)
	at cn.hutool.poi.excel.sax.Excel07SaxReader.endElement(Excel07SaxReader.java:259)
	at org.apache.xerces.parsers.AbstractSAXParser.endElement(Unknown Source)
	at org.apache.xerces.impl.XMLNSDocumentScannerImpl.scanEndElement(Unknown Source)
	at org.apache.xerces.impl.XMLDocumentFragmentScannerImpl$FragmentContentDispatcher.dispatch(Unknown Source)
	at org.apache.xerces.impl.XMLDocumentFragmentScannerImpl.scanDocument(Unknown Source)
	at org.apache.xerces.parsers.XML11Configuration.parse(Unknown Source)
	at org.apache.xerces.parsers.XML11Configuration.parse(Unknown Source)
	at org.apache.xerces.parsers.XMLParser.parse(Unknown Source)
	at org.apache.xerces.parsers.AbstractSAXParser.parse(Unknown Source)
	at cn.hutool.poi.excel.sax.Excel07SaxReader.parse(Excel07SaxReader.java:337)
	at cn.hutool.poi.excel.sax.Excel07SaxReader.read(Excel07SaxReader.java:152)
	at cn.hutool.poi.excel.sax.Excel07SaxReader.read(Excel07SaxReader.java:122)
	at cn.hutool.poi.excel.ExcelUtil.read07BySax(ExcelUtil.java:84)
	at cn.hutool.poi.excel.ExcelUtil.readBySax(ExcelUtil.java:67)
	at cn.hutool.poi.excel.ExcelUtil.readBySax(ExcelUtil.java:53)
	at com.mock.example.common.utils.ExcelUtil.importExcelStreaming(ExcelUtil.java:186)
	at com.mock.example.modules.entrance.service.CeCollegeService.importCollegeDataAsync(CeCollegeService.java:132)
	at com.mock.example.modules.entrance.service.CeCollegeService$$FastClassBySpringCGLIB$$f1f9cc0f.invoke(<generated>)
	at org.springframework.cglib.proxy.MethodProxy.invoke(MethodProxy.java:218)
	at org.springframework.aop.framework.CglibAopProxy$CglibMethodInvocation.invokeJoinpoint(CglibAopProxy.java:771)
	at org.springframework.aop.framework.ReflectiveMethodInvocation.proceed(ReflectiveMethodInvocation.java:163)
	at org.springframework.aop.framework.CglibAopProxy$CglibMethodInvocation.proceed(CglibAopProxy.java:749)
	at org.springframework.transaction.interceptor.TransactionAspectSupport.invokeWithinTransaction(TransactionAspectSupport.java:367)
	at org.springframework.transaction.interceptor.TransactionInterceptor.invoke(TransactionInterceptor.java:118)
	at org.springframework.aop.framework.ReflectiveMethodInvocation.proceed(ReflectiveMethodInvocation.java:186)
	at org.springframework.aop.framework.CglibAopProxy$CglibMethodInvocation.proceed(CglibAopProxy.java:749)
	at org.springframework.aop.interceptor.AsyncExecutionInterceptor.lambda$invoke$0(AsyncExecutionInterceptor.java:115)
	at java.util.concurrent.FutureTask.run(FutureTask.java:266)
	at java.util.concurrent.ThreadPoolExecutor.runWorker(ThreadPoolExecutor.java:1149)
	at java.util.concurrent.ThreadPoolExecutor$Worker.run(ThreadPoolExecutor.java:624)
	at java.lang.Thread.run(Thread.java:750)
Caused by: java.sql.BatchUpdateException: Data truncation: Data too long for column 'profession_name' at row 183
	at sun.reflect.NativeConstructorAccessorImpl.newInstance0(Native Method)
	at sun.reflect.NativeConstructorAccessorImpl.newInstance(NativeConstructorAccessorImpl.java:62)
	at sun.reflect.DelegatingConstructorAccessorImpl.newInstance(DelegatingConstructorAccessorImpl.java:45)
	at java.lang.reflect.Constructor.newInstance(Constructor.java:423)
	at com.mysql.cj.util.Util.handleNewInstance(Util.java:192)
	at com.mysql.cj.util.Util.getInstance(Util.java:167)
	at com.mysql.cj.util.Util.getInstance(Util.java:174)
	at com.mysql.cj.jdbc.exceptions.SQLError.createBatchUpdateException(SQLError.java:224)
	at com.mysql.cj.jdbc.ClientPreparedStatement.executeBatchedInserts(ClientPreparedStatement.java:755)
	at com.mysql.cj.jdbc.ClientPreparedStatement.executeBatchInternal(ClientPreparedStatement.java:426)
	at com.mysql.cj.jdbc.StatementImpl.executeBatch(StatementImpl.java:796)
	at com.alibaba.druid.filter.FilterChainImpl.statement_executeBatch(FilterChainImpl.java:3066)
	at com.alibaba.druid.filter.FilterAdapter.statement_executeBatch(FilterAdapter.java:2496)
	at com.alibaba.druid.filter.FilterEventAdapter.statement_executeBatch(FilterEventAdapter.java:279)
	at com.alibaba.druid.filter.FilterChainImpl.statement_executeBatch(FilterChainImpl.java:3064)
	at com.alibaba.druid.proxy.jdbc.StatementProxyImpl.executeBatch(StatementProxyImpl.java:202)
	at com.alibaba.druid.pool.DruidPooledPreparedStatement.executeBatch(DruidPooledPreparedStatement.java:566)
	at sun.reflect.GeneratedMethodAccessor205.invoke(Unknown Source)
	at sun.reflect.DelegatingMethodAccessorImpl.invoke(DelegatingMethodAccessorImpl.java:43)
	at java.lang.reflect.Method.invoke(Method.java:498)
	at org.apache.ibatis.logging.jdbc.PreparedStatementLogger.invoke(PreparedStatementLogger.java:78)
	at com.sun.proxy.$Proxy151.executeBatch(Unknown Source)
	at com.baomidou.mybatisplus.core.executor.MybatisBatchExecutor.doFlushStatements(MybatisBatchExecutor.java:135)
	at org.apache.ibatis.executor.BaseExecutor.flushStatements(BaseExecutor.java:129)
	at org.apache.ibatis.executor.BaseExecutor.flushStatements(BaseExecutor.java:122)
	at com.baomidou.mybatisplus.core.executor.MybatisCachingExecutor.flushStatements(MybatisCachingExecutor.java:218)
	at sun.reflect.GeneratedMethodAccessor206.invoke(Unknown Source)
	at sun.reflect.DelegatingMethodAccessorImpl.invoke(DelegatingMethodAccessorImpl.java:43)
	at java.lang.reflect.Method.invoke(Method.java:498)
	at org.apache.ibatis.plugin.Plugin.invoke(Plugin.java:64)
	at com.sun.proxy.$Proxy148.flushStatements(Unknown Source)
	at sun.reflect.GeneratedMethodAccessor206.invoke(Unknown Source)
	at sun.reflect.DelegatingMethodAccessorImpl.invoke(DelegatingMethodAccessorImpl.java:43)
	at java.lang.reflect.Method.invoke(Method.java:498)
	at org.apache.ibatis.plugin.Plugin.invoke(Plugin.java:64)
	at com.sun.proxy.$Proxy148.flushStatements(Unknown Source)
	at org.apache.ibatis.session.defaults.DefaultSqlSession.flushStatements(DefaultSqlSession.java:249)
	at com.baomidou.mybatisplus.extension.toolkit.SqlHelper.lambda$executeBatch$0(SqlHelper.java:217)
	at com.baomidou.mybatisplus.extension.toolkit.SqlHelper.executeBatch(SqlHelper.java:179)
	... 51 common frames omitted
Caused by: com.mysql.cj.jdbc.exceptions.MysqlDataTruncation: Data truncation: Data too long for column 'profession_name' at row 183
	at com.mysql.cj.jdbc.exceptions.SQLExceptionsMapping.translateException(SQLExceptionsMapping.java:104)
	at com.mysql.cj.jdbc.ClientPreparedStatement.executeInternal(ClientPreparedStatement.java:953)
	at com.mysql.cj.jdbc.ClientPreparedStatement.executeUpdateInternal(ClientPreparedStatement.java:1092)
	at com.mysql.cj.jdbc.ClientPreparedStatement.executeUpdateInternal(ClientPreparedStatement.java:1040)
	at com.mysql.cj.jdbc.ClientPreparedStatement.executeLargeUpdate(ClientPreparedStatement.java:1347)
	at com.mysql.cj.jdbc.ClientPreparedStatement.executeBatchedInserts(ClientPreparedStatement.java:716)
	... 81 common frames omitted
2026-04-17 17:15:05.086 [[36mthreadPoolTaskExecutor-1[0;39m] [[1;31mERROR[0;39m] [[32mcom.mock.example.common.utils.ExcelUtil[0;39m]: 流式解析 Excel 行失败: rowIndex=16004
org.springframework.dao.DataIntegrityViolationException: com.mock.example.modules.entrance.mapper.CeProfessionMapper.insert (batch index #1) failed. Cause: java.sql.BatchUpdateException: Data truncation: Data too long for column 'profession_name' at row 172
; Data truncation: Data too long for column 'profession_name' at row 172; nested exception is java.sql.BatchUpdateException: Data truncation: Data too long for column 'profession_name' at row 172
	at org.springframework.jdbc.support.SQLStateSQLExceptionTranslator.doTranslate(SQLStateSQLExceptionTranslator.java:104)
	at org.springframework.jdbc.support.AbstractFallbackSQLExceptionTranslator.translate(AbstractFallbackSQLExceptionTranslator.java:72)
	at org.springframework.jdbc.support.AbstractFallbackSQLExceptionTranslator.translate(AbstractFallbackSQLExceptionTranslator.java:81)
	at org.springframework.jdbc.support.AbstractFallbackSQLExceptionTranslator.translate(AbstractFallbackSQLExceptionTranslator.java:81)
	at org.mybatis.spring.MyBatisExceptionTranslator.translateExceptionIfPossible(MyBatisExceptionTranslator.java:88)
	at com.baomidou.mybatisplus.extension.toolkit.SqlHelper.executeBatch(SqlHelper.java:189)
	at com.baomidou.mybatisplus.extension.toolkit.SqlHelper.executeBatch(SqlHelper.java:211)
	at com.baomidou.mybatisplus.extension.service.impl.ServiceImpl.executeBatch(ServiceImpl.java:234)
	at com.baomidou.mybatisplus.extension.service.impl.ServiceImpl.saveBatch(ServiceImpl.java:130)
	at com.baomidou.mybatisplus.extension.service.impl.ServiceImpl$$FastClassBySpringCGLIB$$76535273.invoke(<generated>)
	at org.springframework.cglib.proxy.MethodProxy.invoke(MethodProxy.java:218)
	at org.springframework.aop.framework.CglibAopProxy$CglibMethodInvocation.invokeJoinpoint(CglibAopProxy.java:771)
	at org.springframework.aop.framework.ReflectiveMethodInvocation.proceed(ReflectiveMethodInvocation.java:163)
	at org.springframework.aop.framework.CglibAopProxy$CglibMethodInvocation.proceed(CglibAopProxy.java:749)
	at org.springframework.dao.support.PersistenceExceptionTranslationInterceptor.invoke(PersistenceExceptionTranslationInterceptor.java:139)
	at org.springframework.aop.framework.ReflectiveMethodInvocation.proceed(ReflectiveMethodInvocation.java:186)
	at org.springframework.aop.framework.CglibAopProxy$CglibMethodInvocation.proceed(CglibAopProxy.java:749)
	at org.springframework.transaction.interceptor.TransactionAspectSupport.invokeWithinTransaction(TransactionAspectSupport.java:367)
	at org.springframework.transaction.interceptor.TransactionInterceptor.invoke(TransactionInterceptor.java:118)
	at org.springframework.aop.framework.ReflectiveMethodInvocation.proceed(ReflectiveMethodInvocation.java:186)
	at org.springframework.aop.framework.CglibAopProxy$CglibMethodInvocation.proceed(CglibAopProxy.java:749)
	at org.springframework.aop.framework.CglibAopProxy$DynamicAdvisedInterceptor.intercept(CglibAopProxy.java:691)
	at com.mock.example.modules.entrance.repository.impl.CeProfessionRepoImpl$$EnhancerBySpringCGLIB$$5545b719.saveBatch(<generated>)
	at com.mock.example.modules.entrance.service.CeCollegeService.processImportBatch(CeCollegeService.java:221)
	at com.mock.example.modules.entrance.service.CeCollegeService.lambda$importCollegeDataAsync$6(CeCollegeService.java:133)
	at com.mock.example.common.utils.ExcelUtil$1.handle(ExcelUtil.java:261)
	at cn.hutool.poi.excel.sax.Excel07SaxReader.endElement(Excel07SaxReader.java:259)
	at org.apache.xerces.parsers.AbstractSAXParser.endElement(Unknown Source)
	at org.apache.xerces.impl.XMLNSDocumentScannerImpl.scanEndElement(Unknown Source)
	at org.apache.xerces.impl.XMLDocumentFragmentScannerImpl$FragmentContentDispatcher.dispatch(Unknown Source)
	at org.apache.xerces.impl.XMLDocumentFragmentScannerImpl.scanDocument(Unknown Source)
	at org.apache.xerces.parsers.XML11Configuration.parse(Unknown Source)
	at org.apache.xerces.parsers.XML11Configuration.parse(Unknown Source)
	at org.apache.xerces.parsers.XMLParser.parse(Unknown Source)
	at org.apache.xerces.parsers.AbstractSAXParser.parse(Unknown Source)
	at cn.hutool.poi.excel.sax.Excel07SaxReader.parse(Excel07SaxReader.java:337)
	at cn.hutool.poi.excel.sax.Excel07SaxReader.read(Excel07SaxReader.java:152)
	at cn.hutool.poi.excel.sax.Excel07SaxReader.read(Excel07SaxReader.java:122)
	at cn.hutool.poi.excel.ExcelUtil.read07BySax(ExcelUtil.java:84)
	at cn.hutool.poi.excel.ExcelUtil.readBySax(ExcelUtil.java:67)
	at cn.hutool.poi.excel.ExcelUtil.readBySax(ExcelUtil.java:53)
	at com.mock.example.common.utils.ExcelUtil.importExcelStreaming(ExcelUtil.java:186)
	at com.mock.example.modules.entrance.service.CeCollegeService.importCollegeDataAsync(CeCollegeService.java:132)
	at com.mock.example.modules.entrance.service.CeCollegeService$$FastClassBySpringCGLIB$$f1f9cc0f.invoke(<generated>)
	at org.springframework.cglib.proxy.MethodProxy.invoke(MethodProxy.java:218)
	at org.springframework.aop.framework.CglibAopProxy$CglibMethodInvocation.invokeJoinpoint(CglibAopProxy.java:771)
	at org.springframework.aop.framework.ReflectiveMethodInvocation.proceed(ReflectiveMethodInvocation.java:163)
	at org.springframework.aop.framework.CglibAopProxy$CglibMethodInvocation.proceed(CglibAopProxy.java:749)
	at org.springframework.transaction.interceptor.TransactionAspectSupport.invokeWithinTransaction(TransactionAspectSupport.java:367)
	at org.springframework.transaction.interceptor.TransactionInterceptor.invoke(TransactionInterceptor.java:118)
	at org.springframework.aop.framework.ReflectiveMethodInvocation.proceed(ReflectiveMethodInvocation.java:186)
	at org.springframework.aop.framework.CglibAopProxy$CglibMethodInvocation.proceed(CglibAopProxy.java:749)
	at org.springframework.aop.interceptor.AsyncExecutionInterceptor.lambda$invoke$0(AsyncExecutionInterceptor.java:115)
	at java.util.concurrent.FutureTask.run(FutureTask.java:266)
	at java.util.concurrent.ThreadPoolExecutor.runWorker(ThreadPoolExecutor.java:1149)
	at java.util.concurrent.ThreadPoolExecutor$Worker.run(ThreadPoolExecutor.java:624)
	at java.lang.Thread.run(Thread.java:750)
Caused by: java.sql.BatchUpdateException: Data truncation: Data too long for column 'profession_name' at row 172
	at sun.reflect.NativeConstructorAccessorImpl.newInstance0(Native Method)
	at sun.reflect.NativeConstructorAccessorImpl.newInstance(NativeConstructorAccessorImpl.java:62)
	at sun.reflect.DelegatingConstructorAccessorImpl.newInstance(DelegatingConstructorAccessorImpl.java:45)
	at java.lang.reflect.Constructor.newInstance(Constructor.java:423)
	at com.mysql.cj.util.Util.handleNewInstance(Util.java:192)
	at com.mysql.cj.util.Util.getInstance(Util.java:167)
	at com.mysql.cj.util.Util.getInstance(Util.java:174)
	at com.mysql.cj.jdbc.exceptions.SQLError.createBatchUpdateException(SQLError.java:224)
	at com.mysql.cj.jdbc.ClientPreparedStatement.executeBatchedInserts(ClientPreparedStatement.java:755)
	at com.mysql.cj.jdbc.ClientPreparedStatement.executeBatchInternal(ClientPreparedStatement.java:426)
	at com.mysql.cj.jdbc.StatementImpl.executeBatch(StatementImpl.java:796)
	at com.alibaba.druid.filter.FilterChainImpl.statement_executeBatch(FilterChainImpl.java:3066)
	at com.alibaba.druid.filter.FilterAdapter.statement_executeBatch(FilterAdapter.java:2496)
	at com.alibaba.druid.filter.FilterEventAdapter.statement_executeBatch(FilterEventAdapter.java:279)
	at com.alibaba.druid.filter.FilterChainImpl.statement_executeBatch(FilterChainImpl.java:3064)
	at com.alibaba.druid.proxy.jdbc.StatementProxyImpl.executeBatch(StatementProxyImpl.java:202)
	at com.alibaba.druid.pool.DruidPooledPreparedStatement.executeBatch(DruidPooledPreparedStatement.java:566)
	at sun.reflect.GeneratedMethodAccessor205.invoke(Unknown Source)
	at sun.reflect.DelegatingMethodAccessorImpl.invoke(DelegatingMethodAccessorImpl.java:43)
	at java.lang.reflect.Method.invoke(Method.java:498)
	at org.apache.ibatis.logging.jdbc.PreparedStatementLogger.invoke(PreparedStatementLogger.java:78)
	at com.sun.proxy.$Proxy151.executeBatch(Unknown Source)
	at com.baomidou.mybatisplus.core.executor.MybatisBatchExecutor.doFlushStatements(MybatisBatchExecutor.java:135)
	at org.apache.ibatis.executor.BaseExecutor.flushStatements(BaseExecutor.java:129)
	at org.apache.ibatis.executor.BaseExecutor.flushStatements(BaseExecutor.java:122)
	at com.baomidou.mybatisplus.core.executor.MybatisCachingExecutor.flushStatements(MybatisCachingExecutor.java:218)
	at sun.reflect.GeneratedMethodAccessor206.invoke(Unknown Source)
	at sun.reflect.DelegatingMethodAccessorImpl.invoke(DelegatingMethodAccessorImpl.java:43)
	at java.lang.reflect.Method.invoke(Method.java:498)
	at org.apache.ibatis.plugin.Plugin.invoke(Plugin.java:64)
	at com.sun.proxy.$Proxy148.flushStatements(Unknown Source)
	at sun.reflect.GeneratedMethodAccessor206.invoke(Unknown Source)
	at sun.reflect.DelegatingMethodAccessorImpl.invoke(DelegatingMethodAccessorImpl.java:43)
	at java.lang.reflect.Method.invoke(Method.java:498)
	at org.apache.ibatis.plugin.Plugin.invoke(Plugin.java:64)
	at com.sun.proxy.$Proxy148.flushStatements(Unknown Source)
	at org.apache.ibatis.session.defaults.DefaultSqlSession.flushStatements(DefaultSqlSession.java:249)
	at com.baomidou.mybatisplus.extension.toolkit.SqlHelper.lambda$executeBatch$0(SqlHelper.java:217)
	at com.baomidou.mybatisplus.extension.toolkit.SqlHelper.executeBatch(SqlHelper.java:179)
	... 51 common frames omitted
Caused by: com.mysql.cj.jdbc.exceptions.MysqlDataTruncation: Data truncation: Data too long for column 'profession_name' at row 172
	at com.mysql.cj.jdbc.exceptions.SQLExceptionsMapping.translateException(SQLExceptionsMapping.java:104)
	at com.mysql.cj.jdbc.ClientPreparedStatement.executeInternal(ClientPreparedStatement.java:953)
	at com.mysql.cj.jdbc.ClientPreparedStatement.executeUpdateInternal(ClientPreparedStatement.java:1092)
	at com.mysql.cj.jdbc.ClientPreparedStatement.executeUpdateInternal(ClientPreparedStatement.java:1040)
	at com.mysql.cj.jdbc.ClientPreparedStatement.executeLargeUpdate(ClientPreparedStatement.java:1347)
	at com.mysql.cj.jdbc.ClientPreparedStatement.executeBatchedInserts(ClientPreparedStatement.java:716)
	... 81 common frames omitted
2026-04-17 17:15:07.374 [[36mthreadPoolTaskExecutor-1[0;39m] [[1;31mERROR[0;39m] [[32mcom.mock.example.common.utils.ExcelUtil[0;39m]: 流式解析 Excel 行失败: rowIndex=20005
org.springframework.dao.DataIntegrityViolationException: com.mock.example.modules.entrance.mapper.CeProfessionMapper.insert (batch index #3) failed. 2 prior sub executor(s) completed successfully, but will be rolled back. Cause: java.sql.BatchUpdateException: Data truncation: Data too long for column 'profession_name' at row 56
; Data truncation: Data too long for column 'profession_name' at row 56; nested exception is java.sql.BatchUpdateException: Data truncation: Data too long for column 'profession_name' at row 56
	at org.springframework.jdbc.support.SQLStateSQLExceptionTranslator.doTranslate(SQLStateSQLExceptionTranslator.java:104)
	at org.springframework.jdbc.support.AbstractFallbackSQLExceptionTranslator.translate(AbstractFallbackSQLExceptionTranslator.java:72)
	at org.springframework.jdbc.support.AbstractFallbackSQLExceptionTranslator.translate(AbstractFallbackSQLExceptionTranslator.java:81)
	at org.springframework.jdbc.support.AbstractFallbackSQLExceptionTranslator.translate(AbstractFallbackSQLExceptionTranslator.java:81)
	at org.mybatis.spring.MyBatisExceptionTranslator.translateExceptionIfPossible(MyBatisExceptionTranslator.java:88)
	at com.baomidou.mybatisplus.extension.toolkit.SqlHelper.executeBatch(SqlHelper.java:189)
	at com.baomidou.mybatisplus.extension.toolkit.SqlHelper.executeBatch(SqlHelper.java:211)
	at com.baomidou.mybatisplus.extension.service.impl.ServiceImpl.executeBatch(ServiceImpl.java:234)
	at com.baomidou.mybatisplus.extension.service.impl.ServiceImpl.saveBatch(ServiceImpl.java:130)
	at com.baomidou.mybatisplus.extension.service.impl.ServiceImpl$$FastClassBySpringCGLIB$$76535273.invoke(<generated>)
	at org.springframework.cglib.proxy.MethodProxy.invoke(MethodProxy.java:218)
	at org.springframework.aop.framework.CglibAopProxy$CglibMethodInvocation.invokeJoinpoint(CglibAopProxy.java:771)
	at org.springframework.aop.framework.ReflectiveMethodInvocation.proceed(ReflectiveMethodInvocation.java:163)
	at org.springframework.aop.framework.CglibAopProxy$CglibMethodInvocation.proceed(CglibAopProxy.java:749)
	at org.springframework.dao.support.PersistenceExceptionTranslationInterceptor.invoke(PersistenceExceptionTranslationInterceptor.java:139)
	at org.springframework.aop.framework.ReflectiveMethodInvocation.proceed(ReflectiveMethodInvocation.java:186)
	at org.springframework.aop.framework.CglibAopProxy$CglibMethodInvocation.proceed(CglibAopProxy.java:749)
	at org.springframework.transaction.interceptor.TransactionAspectSupport.invokeWithinTransaction(TransactionAspectSupport.java:367)
	at org.springframework.transaction.interceptor.TransactionInterceptor.invoke(TransactionInterceptor.java:118)
	at org.springframework.aop.framework.ReflectiveMethodInvocation.proceed(ReflectiveMethodInvocation.java:186)
	at org.springframework.aop.framework.CglibAopProxy$CglibMethodInvocation.proceed(CglibAopProxy.java:749)
	at org.springframework.aop.framework.CglibAopProxy$DynamicAdvisedInterceptor.intercept(CglibAopProxy.java:691)
	at com.mock.example.modules.entrance.repository.impl.CeProfessionRepoImpl$$EnhancerBySpringCGLIB$$5545b719.saveBatch(<generated>)
	at com.mock.example.modules.entrance.service.CeCollegeService.processImportBatch(CeCollegeService.java:221)
	at com.mock.example.modules.entrance.service.CeCollegeService.lambda$importCollegeDataAsync$6(CeCollegeService.java:133)
	at com.mock.example.common.utils.ExcelUtil$1.handle(ExcelUtil.java:261)
	at cn.hutool.poi.excel.sax.Excel07SaxReader.endElement(Excel07SaxReader.java:259)
	at org.apache.xerces.parsers.AbstractSAXParser.endElement(Unknown Source)
	at org.apache.xerces.impl.XMLNSDocumentScannerImpl.scanEndElement(Unknown Source)
	at org.apache.xerces.impl.XMLDocumentFragmentScannerImpl$FragmentContentDispatcher.dispatch(Unknown Source)
	at org.apache.xerces.impl.XMLDocumentFragmentScannerImpl.scanDocument(Unknown Source)
	at org.apache.xerces.parsers.XML11Configuration.parse(Unknown Source)
	at org.apache.xerces.parsers.XML11Configuration.parse(Unknown Source)
	at org.apache.xerces.parsers.XMLParser.parse(Unknown Source)
	at org.apache.xerces.parsers.AbstractSAXParser.parse(Unknown Source)
	at cn.hutool.poi.excel.sax.Excel07SaxReader.parse(Excel07SaxReader.java:337)
	at cn.hutool.poi.excel.sax.Excel07SaxReader.read(Excel07SaxReader.java:152)
	at cn.hutool.poi.excel.sax.Excel07SaxReader.read(Excel07SaxReader.java:122)
	at cn.hutool.poi.excel.ExcelUtil.read07BySax(ExcelUtil.java:84)
	at cn.hutool.poi.excel.ExcelUtil.readBySax(ExcelUtil.java:67)
	at cn.hutool.poi.excel.ExcelUtil.readBySax(ExcelUtil.java:53)
	at com.mock.example.common.utils.ExcelUtil.importExcelStreaming(ExcelUtil.java:186)
	at com.mock.example.modules.entrance.service.CeCollegeService.importCollegeDataAsync(CeCollegeService.java:132)
	at com.mock.example.modules.entrance.service.CeCollegeService$$FastClassBySpringCGLIB$$f1f9cc0f.invoke(<generated>)
	at org.springframework.cglib.proxy.MethodProxy.invoke(MethodProxy.java:218)
	at org.springframework.aop.framework.CglibAopProxy$CglibMethodInvocation.invokeJoinpoint(CglibAopProxy.java:771)
	at org.springframework.aop.framework.ReflectiveMethodInvocation.proceed(ReflectiveMethodInvocation.java:163)
	at org.springframework.aop.framework.CglibAopProxy$CglibMethodInvocation.proceed(CglibAopProxy.java:749)
	at org.springframework.transaction.interceptor.TransactionAspectSupport.invokeWithinTransaction(TransactionAspectSupport.java:367)
	at org.springframework.transaction.interceptor.TransactionInterceptor.invoke(TransactionInterceptor.java:118)
	at org.springframework.aop.framework.ReflectiveMethodInvocation.proceed(ReflectiveMethodInvocation.java:186)
	at org.springframework.aop.framework.CglibAopProxy$CglibMethodInvocation.proceed(CglibAopProxy.java:749)
	at org.springframework.aop.interceptor.AsyncExecutionInterceptor.lambda$invoke$0(AsyncExecutionInterceptor.java:115)
	at java.util.concurrent.FutureTask.run(FutureTask.java:266)
	at java.util.concurrent.ThreadPoolExecutor.runWorker(ThreadPoolExecutor.java:1149)
	at java.util.concurrent.ThreadPoolExecutor$Worker.run(ThreadPoolExecutor.java:624)
	at java.lang.Thread.run(Thread.java:750)
Caused by: java.sql.BatchUpdateException: Data truncation: Data too long for column 'profession_name' at row 56
	at sun.reflect.NativeConstructorAccessorImpl.newInstance0(Native Method)
	at sun.reflect.NativeConstructorAccessorImpl.newInstance(NativeConstructorAccessorImpl.java:62)
	at sun.reflect.DelegatingConstructorAccessorImpl.newInstance(DelegatingConstructorAccessorImpl.java:45)
	at java.lang.reflect.Constructor.newInstance(Constructor.java:423)
	at com.mysql.cj.util.Util.handleNewInstance(Util.java:192)
	at com.mysql.cj.util.Util.getInstance(Util.java:167)
	at com.mysql.cj.util.Util.getInstance(Util.java:174)
	at com.mysql.cj.jdbc.exceptions.SQLError.createBatchUpdateException(SQLError.java:224)
	at com.mysql.cj.jdbc.ClientPreparedStatement.executeBatchedInserts(ClientPreparedStatement.java:755)
	at com.mysql.cj.jdbc.ClientPreparedStatement.executeBatchInternal(ClientPreparedStatement.java:426)
	at com.mysql.cj.jdbc.StatementImpl.executeBatch(StatementImpl.java:796)
	at com.alibaba.druid.filter.FilterChainImpl.statement_executeBatch(FilterChainImpl.java:3066)
	at com.alibaba.druid.filter.FilterAdapter.statement_executeBatch(FilterAdapter.java:2496)
	at com.alibaba.druid.filter.FilterEventAdapter.statement_executeBatch(FilterEventAdapter.java:279)
	at com.alibaba.druid.filter.FilterChainImpl.statement_executeBatch(FilterChainImpl.java:3064)
	at com.alibaba.druid.proxy.jdbc.StatementProxyImpl.executeBatch(StatementProxyImpl.java:202)
	at com.alibaba.druid.pool.DruidPooledPreparedStatement.executeBatch(DruidPooledPreparedStatement.java:566)
	at sun.reflect.GeneratedMethodAccessor205.invoke(Unknown Source)
	at sun.reflect.DelegatingMethodAccessorImpl.invoke(DelegatingMethodAccessorImpl.java:43)
	at java.lang.reflect.Method.invoke(Method.java:498)
	at org.apache.ibatis.logging.jdbc.PreparedStatementLogger.invoke(PreparedStatementLogger.java:78)
	at com.sun.proxy.$Proxy151.executeBatch(Unknown Source)
	at com.baomidou.mybatisplus.core.executor.MybatisBatchExecutor.doFlushStatements(MybatisBatchExecutor.java:135)
	at org.apache.ibatis.executor.BaseExecutor.flushStatements(BaseExecutor.java:129)
	at org.apache.ibatis.executor.BaseExecutor.flushStatements(BaseExecutor.java:122)
	at com.baomidou.mybatisplus.core.executor.MybatisCachingExecutor.flushStatements(MybatisCachingExecutor.java:218)
	at sun.reflect.GeneratedMethodAccessor206.invoke(Unknown Source)
	at sun.reflect.DelegatingMethodAccessorImpl.invoke(DelegatingMethodAccessorImpl.java:43)
	at java.lang.reflect.Method.invoke(Method.java:498)
	at org.apache.ibatis.plugin.Plugin.invoke(Plugin.java:64)
	at com.sun.proxy.$Proxy148.flushStatements(Unknown Source)
	at sun.reflect.GeneratedMethodAccessor206.invoke(Unknown Source)
	at sun.reflect.DelegatingMethodAccessorImpl.invoke(DelegatingMethodAccessorImpl.java:43)
	at java.lang.reflect.Method.invoke(Method.java:498)
	at org.apache.ibatis.plugin.Plugin.invoke(Plugin.java:64)
	at com.sun.proxy.$Proxy148.flushStatements(Unknown Source)
	at org.apache.ibatis.session.defaults.DefaultSqlSession.flushStatements(DefaultSqlSession.java:249)
	at com.baomidou.mybatisplus.extension.toolkit.SqlHelper.lambda$executeBatch$0(SqlHelper.java:217)
	at com.baomidou.mybatisplus.extension.toolkit.SqlHelper.executeBatch(SqlHelper.java:179)
	... 51 common frames omitted
Caused by: com.mysql.cj.jdbc.exceptions.MysqlDataTruncation: Data truncation: Data too long for column 'profession_name' at row 56
	at com.mysql.cj.jdbc.exceptions.SQLExceptionsMapping.translateException(SQLExceptionsMapping.java:104)
	at com.mysql.cj.jdbc.ClientPreparedStatement.executeInternal(ClientPreparedStatement.java:953)
	at com.mysql.cj.jdbc.ClientPreparedStatement.executeUpdateInternal(ClientPreparedStatement.java:1092)
	at com.mysql.cj.jdbc.ClientPreparedStatement.executeUpdateInternal(ClientPreparedStatement.java:1040)
	at com.mysql.cj.jdbc.ClientPreparedStatement.executeLargeUpdate(ClientPreparedStatement.java:1347)
	at com.mysql.cj.jdbc.ClientPreparedStatement.executeBatchedInserts(ClientPreparedStatement.java:716)
	... 81 common frames omitted
2026-04-17 17:15:09.223 [[36mthreadPoolTaskExecutor-1[0;39m] [[1;31mERROR[0;39m] [[32mcom.mock.example.common.utils.ExcelUtil[0;39m]: 流式解析 Excel 行失败: rowIndex=22006
org.springframework.dao.DataIntegrityViolationException: com.mock.example.modules.entrance.mapper.CeProfessionMapper.insert (batch index #7) failed. 6 prior sub executor(s) completed successfully, but will be rolled back. Cause: java.sql.BatchUpdateException: Data truncation: Data too long for column 'profession_name' at row 9
; Data truncation: Data too long for column 'profession_name' at row 9; nested exception is java.sql.BatchUpdateException: Data truncation: Data too long for column 'profession_name' at row 9
	at org.springframework.jdbc.support.SQLStateSQLExceptionTranslator.doTranslate(SQLStateSQLExceptionTranslator.java:104)
	at org.springframework.jdbc.support.AbstractFallbackSQLExceptionTranslator.translate(AbstractFallbackSQLExceptionTranslator.java:72)
	at org.springframework.jdbc.support.AbstractFallbackSQLExceptionTranslator.translate(AbstractFallbackSQLExceptionTranslator.java:81)
	at org.springframework.jdbc.support.AbstractFallbackSQLExceptionTranslator.translate(AbstractFallbackSQLExceptionTranslator.java:81)
	at org.mybatis.spring.MyBatisExceptionTranslator.translateExceptionIfPossible(MyBatisExceptionTranslator.java:88)
	at com.baomidou.mybatisplus.extension.toolkit.SqlHelper.executeBatch(SqlHelper.java:189)
	at com.baomidou.mybatisplus.extension.toolkit.SqlHelper.executeBatch(SqlHelper.java:211)
	at com.baomidou.mybatisplus.extension.service.impl.ServiceImpl.executeBatch(ServiceImpl.java:234)
	at com.baomidou.mybatisplus.extension.service.impl.ServiceImpl.saveBatch(ServiceImpl.java:130)
	at com.baomidou.mybatisplus.extension.service.impl.ServiceImpl$$FastClassBySpringCGLIB$$76535273.invoke(<generated>)
	at org.springframework.cglib.proxy.MethodProxy.invoke(MethodProxy.java:218)
	at org.springframework.aop.framework.CglibAopProxy$CglibMethodInvocation.invokeJoinpoint(CglibAopProxy.java:771)
	at org.springframework.aop.framework.ReflectiveMethodInvocation.proceed(ReflectiveMethodInvocation.java:163)
	at org.springframework.aop.framework.CglibAopProxy$CglibMethodInvocation.proceed(CglibAopProxy.java:749)
	at org.springframework.dao.support.PersistenceExceptionTranslationInterceptor.invoke(PersistenceExceptionTranslationInterceptor.java:139)
	at org.springframework.aop.framework.ReflectiveMethodInvocation.proceed(ReflectiveMethodInvocation.java:186)
	at org.springframework.aop.framework.CglibAopProxy$CglibMethodInvocation.proceed(CglibAopProxy.java:749)
	at org.springframework.transaction.interceptor.TransactionAspectSupport.invokeWithinTransaction(TransactionAspectSupport.java:367)
	at org.springframework.transaction.interceptor.TransactionInterceptor.invoke(TransactionInterceptor.java:118)
	at org.springframework.aop.framework.ReflectiveMethodInvocation.proceed(ReflectiveMethodInvocation.java:186)
	at org.springframework.aop.framework.CglibAopProxy$CglibMethodInvocation.proceed(CglibAopProxy.java:749)
	at org.springframework.aop.framework.CglibAopProxy$DynamicAdvisedInterceptor.intercept(CglibAopProxy.java:691)
	at com.mock.example.modules.entrance.repository.impl.CeProfessionRepoImpl$$EnhancerBySpringCGLIB$$5545b719.saveBatch(<generated>)
	at com.mock.example.modules.entrance.service.CeCollegeService.processImportBatch(CeCollegeService.java:221)
	at com.mock.example.modules.entrance.service.CeCollegeService.lambda$importCollegeDataAsync$6(CeCollegeService.java:133)
	at com.mock.example.common.utils.ExcelUtil$1.handle(ExcelUtil.java:261)
	at cn.hutool.poi.excel.sax.Excel07SaxReader.endElement(Excel07SaxReader.java:259)
	at org.apache.xerces.parsers.AbstractSAXParser.endElement(Unknown Source)
	at org.apache.xerces.impl.XMLNSDocumentScannerImpl.scanEndElement(Unknown Source)
	at org.apache.xerces.impl.XMLDocumentFragmentScannerImpl$FragmentContentDispatcher.dispatch(Unknown Source)
	at org.apache.xerces.impl.XMLDocumentFragmentScannerImpl.scanDocument(Unknown Source)
	at org.apache.xerces.parsers.XML11Configuration.parse(Unknown Source)
	at org.apache.xerces.parsers.XML11Configuration.parse(Unknown Source)
	at org.apache.xerces.parsers.XMLParser.parse(Unknown Source)
	at org.apache.xerces.parsers.AbstractSAXParser.parse(Unknown Source)
	at cn.hutool.poi.excel.sax.Excel07SaxReader.parse(Excel07SaxReader.java:337)
	at cn.hutool.poi.excel.sax.Excel07SaxReader.read(Excel07SaxReader.java:152)
	at cn.hutool.poi.excel.sax.Excel07SaxReader.read(Excel07SaxReader.java:122)
	at cn.hutool.poi.excel.ExcelUtil.read07BySax(ExcelUtil.java:84)
	at cn.hutool.poi.excel.ExcelUtil.readBySax(ExcelUtil.java:67)
	at cn.hutool.poi.excel.ExcelUtil.readBySax(ExcelUtil.java:53)
	at com.mock.example.common.utils.ExcelUtil.importExcelStreaming(ExcelUtil.java:186)
	at com.mock.example.modules.entrance.service.CeCollegeService.importCollegeDataAsync(CeCollegeService.java:132)
	at com.mock.example.modules.entrance.service.CeCollegeService$$FastClassBySpringCGLIB$$f1f9cc0f.invoke(<generated>)
	at org.springframework.cglib.proxy.MethodProxy.invoke(MethodProxy.java:218)
	at org.springframework.aop.framework.CglibAopProxy$CglibMethodInvocation.invokeJoinpoint(CglibAopProxy.java:771)
	at org.springframework.aop.framework.ReflectiveMethodInvocation.proceed(ReflectiveMethodInvocation.java:163)
	at org.springframework.aop.framework.CglibAopProxy$CglibMethodInvocation.proceed(CglibAopProxy.java:749)
	at org.springframework.transaction.interceptor.TransactionAspectSupport.invokeWithinTransaction(TransactionAspectSupport.java:367)
	at org.springframework.transaction.interceptor.TransactionInterceptor.invoke(TransactionInterceptor.java:118)
	at org.springframework.aop.framework.ReflectiveMethodInvocation.proceed(ReflectiveMethodInvocation.java:186)
	at org.springframework.aop.framework.CglibAopProxy$CglibMethodInvocation.proceed(CglibAopProxy.java:749)
	at org.springframework.aop.interceptor.AsyncExecutionInterceptor.lambda$invoke$0(AsyncExecutionInterceptor.java:115)
	at java.util.concurrent.FutureTask.run(FutureTask.java:266)
	at java.util.concurrent.ThreadPoolExecutor.runWorker(ThreadPoolExecutor.java:1149)
	at java.util.concurrent.ThreadPoolExecutor$Worker.run(ThreadPoolExecutor.java:624)
	at java.lang.Thread.run(Thread.java:750)
Caused by: java.sql.BatchUpdateException: Data truncation: Data too long for column 'profession_name' at row 9
	at sun.reflect.NativeConstructorAccessorImpl.newInstance0(Native Method)
	at sun.reflect.NativeConstructorAccessorImpl.newInstance(NativeConstructorAccessorImpl.java:62)
	at sun.reflect.DelegatingConstructorAccessorImpl.newInstance(DelegatingConstructorAccessorImpl.java:45)
	at java.lang.reflect.Constructor.newInstance(Constructor.java:423)
	at com.mysql.cj.util.Util.handleNewInstance(Util.java:192)
	at com.mysql.cj.util.Util.getInstance(Util.java:167)
	at com.mysql.cj.util.Util.getInstance(Util.java:174)
	at com.mysql.cj.jdbc.exceptions.SQLError.createBatchUpdateException(SQLError.java:224)
	at com.mysql.cj.jdbc.ClientPreparedStatement.executeBatchedInserts(ClientPreparedStatement.java:755)
	at com.mysql.cj.jdbc.ClientPreparedStatement.executeBatchInternal(ClientPreparedStatement.java:426)
	at com.mysql.cj.jdbc.StatementImpl.executeBatch(StatementImpl.java:796)
	at com.alibaba.druid.filter.FilterChainImpl.statement_executeBatch(FilterChainImpl.java:3066)
	at com.alibaba.druid.filter.FilterAdapter.statement_executeBatch(FilterAdapter.java:2496)
	at com.alibaba.druid.filter.FilterEventAdapter.statement_executeBatch(FilterEventAdapter.java:279)
	at com.alibaba.druid.filter.FilterChainImpl.statement_executeBatch(FilterChainImpl.java:3064)
	at com.alibaba.druid.proxy.jdbc.StatementProxyImpl.executeBatch(StatementProxyImpl.java:202)
	at com.alibaba.druid.pool.DruidPooledPreparedStatement.executeBatch(DruidPooledPreparedStatement.java:566)
	at sun.reflect.GeneratedMethodAccessor205.invoke(Unknown Source)
	at sun.reflect.DelegatingMethodAccessorImpl.invoke(DelegatingMethodAccessorImpl.java:43)
	at java.lang.reflect.Method.invoke(Method.java:498)
	at org.apache.ibatis.logging.jdbc.PreparedStatementLogger.invoke(PreparedStatementLogger.java:78)
	at com.sun.proxy.$Proxy151.executeBatch(Unknown Source)
	at com.baomidou.mybatisplus.core.executor.MybatisBatchExecutor.doFlushStatements(MybatisBatchExecutor.java:135)
	at org.apache.ibatis.executor.BaseExecutor.flushStatements(BaseExecutor.java:129)
	at org.apache.ibatis.executor.BaseExecutor.flushStatements(BaseExecutor.java:122)
	at com.baomidou.mybatisplus.core.executor.MybatisCachingExecutor.flushStatements(MybatisCachingExecutor.java:218)
	at sun.reflect.GeneratedMethodAccessor206.invoke(Unknown Source)
	at sun.reflect.DelegatingMethodAccessorImpl.invoke(DelegatingMethodAccessorImpl.java:43)
	at java.lang.reflect.Method.invoke(Method.java:498)
	at org.apache.ibatis.plugin.Plugin.invoke(Plugin.java:64)
	at com.sun.proxy.$Proxy148.flushStatements(Unknown Source)
	at sun.reflect.GeneratedMethodAccessor206.invoke(Unknown Source)
	at sun.reflect.DelegatingMethodAccessorImpl.invoke(DelegatingMethodAccessorImpl.java:43)
	at java.lang.reflect.Method.invoke(Method.java:498)
	at org.apache.ibatis.plugin.Plugin.invoke(Plugin.java:64)
	at com.sun.proxy.$Proxy148.flushStatements(Unknown Source)
	at org.apache.ibatis.session.defaults.DefaultSqlSession.flushStatements(DefaultSqlSession.java:249)
	at com.baomidou.mybatisplus.extension.toolkit.SqlHelper.lambda$executeBatch$0(SqlHelper.java:217)
	at com.baomidou.mybatisplus.extension.toolkit.SqlHelper.executeBatch(SqlHelper.java:179)
	... 51 common frames omitted
Caused by: com.mysql.cj.jdbc.exceptions.MysqlDataTruncation: Data truncation: Data too long for column 'profession_name' at row 9
	at com.mysql.cj.jdbc.exceptions.SQLExceptionsMapping.translateException(SQLExceptionsMapping.java:104)
	at com.mysql.cj.jdbc.ClientPreparedStatement.executeInternal(ClientPreparedStatement.java:953)
	at com.mysql.cj.jdbc.ClientPreparedStatement.executeUpdateInternal(ClientPreparedStatement.java:1092)
	at com.mysql.cj.jdbc.ClientPreparedStatement.executeUpdateInternal(ClientPreparedStatement.java:1040)
	at com.mysql.cj.jdbc.ClientPreparedStatement.executeLargeUpdate(ClientPreparedStatement.java:1347)
	at com.mysql.cj.jdbc.ClientPreparedStatement.executeBatchedInserts(ClientPreparedStatement.java:716)
	... 81 common frames omitted
2026-04-17 17:15:12.666 [[36mthreadPoolTaskExecutor-1[0;39m] [[1;31mERROR[0;39m] [[32mcom.mock.example.common.utils.ExcelUtil[0;39m]: 流式解析 Excel 行失败: rowIndex=26007
org.springframework.dao.DataIntegrityViolationException: com.mock.example.modules.entrance.mapper.CeProfessionMapper.insert (batch index #27) failed. 26 prior sub executor(s) completed successfully, but will be rolled back. Cause: java.sql.BatchUpdateException: Data truncation: Data too long for column 'profession_name' at row 31
; Data truncation: Data too long for column 'profession_name' at row 31; nested exception is java.sql.BatchUpdateException: Data truncation: Data too long for column 'profession_name' at row 31
	at org.springframework.jdbc.support.SQLStateSQLExceptionTranslator.doTranslate(SQLStateSQLExceptionTranslator.java:104)
	at org.springframework.jdbc.support.AbstractFallbackSQLExceptionTranslator.translate(AbstractFallbackSQLExceptionTranslator.java:72)
	at org.springframework.jdbc.support.AbstractFallbackSQLExceptionTranslator.translate(AbstractFallbackSQLExceptionTranslator.java:81)
	at org.springframework.jdbc.support.AbstractFallbackSQLExceptionTranslator.translate(AbstractFallbackSQLExceptionTranslator.java:81)
	at org.mybatis.spring.MyBatisExceptionTranslator.translateExceptionIfPossible(MyBatisExceptionTranslator.java:88)
	at com.baomidou.mybatisplus.extension.toolkit.SqlHelper.executeBatch(SqlHelper.java:189)
	at com.baomidou.mybatisplus.extension.toolkit.SqlHelper.executeBatch(SqlHelper.java:211)
	at com.baomidou.mybatisplus.extension.service.impl.ServiceImpl.executeBatch(ServiceImpl.java:234)
	at com.baomidou.mybatisplus.extension.service.impl.ServiceImpl.saveBatch(ServiceImpl.java:130)
	at com.baomidou.mybatisplus.extension.service.impl.ServiceImpl$$FastClassBySpringCGLIB$$76535273.invoke(<generated>)
	at org.springframework.cglib.proxy.MethodProxy.invoke(MethodProxy.java:218)
	at org.springframework.aop.framework.CglibAopProxy$CglibMethodInvocation.invokeJoinpoint(CglibAopProxy.java:771)
	at org.springframework.aop.framework.ReflectiveMethodInvocation.proceed(ReflectiveMethodInvocation.java:163)
	at org.springframework.aop.framework.CglibAopProxy$CglibMethodInvocation.proceed(CglibAopProxy.java:749)
	at org.springframework.dao.support.PersistenceExceptionTranslationInterceptor.invoke(PersistenceExceptionTranslationInterceptor.java:139)
	at org.springframework.aop.framework.ReflectiveMethodInvocation.proceed(ReflectiveMethodInvocation.java:186)
	at org.springframework.aop.framework.CglibAopProxy$CglibMethodInvocation.proceed(CglibAopProxy.java:749)
	at org.springframework.transaction.interceptor.TransactionAspectSupport.invokeWithinTransaction(TransactionAspectSupport.java:367)
	at org.springframework.transaction.interceptor.TransactionInterceptor.invoke(TransactionInterceptor.java:118)
	at org.springframework.aop.framework.ReflectiveMethodInvocation.proceed(ReflectiveMethodInvocation.java:186)
	at org.springframework.aop.framework.CglibAopProxy$CglibMethodInvocation.proceed(CglibAopProxy.java:749)
	at org.springframework.aop.framework.CglibAopProxy$DynamicAdvisedInterceptor.intercept(CglibAopProxy.java:691)
	at com.mock.example.modules.entrance.repository.impl.CeProfessionRepoImpl$$EnhancerBySpringCGLIB$$5545b719.saveBatch(<generated>)
	at com.mock.example.modules.entrance.service.CeCollegeService.processImportBatch(CeCollegeService.java:221)
	at com.mock.example.modules.entrance.service.CeCollegeService.lambda$importCollegeDataAsync$6(CeCollegeService.java:133)
	at com.mock.example.common.utils.ExcelUtil$1.handle(ExcelUtil.java:261)
	at cn.hutool.poi.excel.sax.Excel07SaxReader.endElement(Excel07SaxReader.java:259)
	at org.apache.xerces.parsers.AbstractSAXParser.endElement(Unknown Source)
	at org.apache.xerces.impl.XMLNSDocumentScannerImpl.scanEndElement(Unknown Source)
	at org.apache.xerces.impl.XMLDocumentFragmentScannerImpl$FragmentContentDispatcher.dispatch(Unknown Source)
	at org.apache.xerces.impl.XMLDocumentFragmentScannerImpl.scanDocument(Unknown Source)
	at org.apache.xerces.parsers.XML11Configuration.parse(Unknown Source)
	at org.apache.xerces.parsers.XML11Configuration.parse(Unknown Source)
	at org.apache.xerces.parsers.XMLParser.parse(Unknown Source)
	at org.apache.xerces.parsers.AbstractSAXParser.parse(Unknown Source)
	at cn.hutool.poi.excel.sax.Excel07SaxReader.parse(Excel07SaxReader.java:337)
	at cn.hutool.poi.excel.sax.Excel07SaxReader.read(Excel07SaxReader.java:152)
	at cn.hutool.poi.excel.sax.Excel07SaxReader.read(Excel07SaxReader.java:122)
	at cn.hutool.poi.excel.ExcelUtil.read07BySax(ExcelUtil.java:84)
	at cn.hutool.poi.excel.ExcelUtil.readBySax(ExcelUtil.java:67)
	at cn.hutool.poi.excel.ExcelUtil.readBySax(ExcelUtil.java:53)
	at com.mock.example.common.utils.ExcelUtil.importExcelStreaming(ExcelUtil.java:186)
	at com.mock.example.modules.entrance.service.CeCollegeService.importCollegeDataAsync(CeCollegeService.java:132)
	at com.mock.example.modules.entrance.service.CeCollegeService$$FastClassBySpringCGLIB$$f1f9cc0f.invoke(<generated>)
	at org.springframework.cglib.proxy.MethodProxy.invoke(MethodProxy.java:218)
	at org.springframework.aop.framework.CglibAopProxy$CglibMethodInvocation.invokeJoinpoint(CglibAopProxy.java:771)
	at org.springframework.aop.framework.ReflectiveMethodInvocation.proceed(ReflectiveMethodInvocation.java:163)
	at org.springframework.aop.framework.CglibAopProxy$CglibMethodInvocation.proceed(CglibAopProxy.java:749)
	at org.springframework.transaction.interceptor.TransactionAspectSupport.invokeWithinTransaction(TransactionAspectSupport.java:367)
	at org.springframework.transaction.interceptor.TransactionInterceptor.invoke(TransactionInterceptor.java:118)
	at org.springframework.aop.framework.ReflectiveMethodInvocation.proceed(ReflectiveMethodInvocation.java:186)
	at org.springframework.aop.framework.CglibAopProxy$CglibMethodInvocation.proceed(CglibAopProxy.java:749)
	at org.springframework.aop.interceptor.AsyncExecutionInterceptor.lambda$invoke$0(AsyncExecutionInterceptor.java:115)
	at java.util.concurrent.FutureTask.run(FutureTask.java:266)
	at java.util.concurrent.ThreadPoolExecutor.runWorker(ThreadPoolExecutor.java:1149)
	at java.util.concurrent.ThreadPoolExecutor$Worker.run(ThreadPoolExecutor.java:624)
	at java.lang.Thread.run(Thread.java:750)
Caused by: java.sql.BatchUpdateException: Data truncation: Data too long for column 'profession_name' at row 31
	at sun.reflect.NativeConstructorAccessorImpl.newInstance0(Native Method)
	at sun.reflect.NativeConstructorAccessorImpl.newInstance(NativeConstructorAccessorImpl.java:62)
	at sun.reflect.DelegatingConstructorAccessorImpl.newInstance(DelegatingConstructorAccessorImpl.java:45)
	at java.lang.reflect.Constructor.newInstance(Constructor.java:423)
	at com.mysql.cj.util.Util.handleNewInstance(Util.java:192)
	at com.mysql.cj.util.Util.getInstance(Util.java:167)
	at com.mysql.cj.util.Util.getInstance(Util.java:174)
	at com.mysql.cj.jdbc.exceptions.SQLError.createBatchUpdateException(SQLError.java:224)
	at com.mysql.cj.jdbc.ClientPreparedStatement.executeBatchedInserts(ClientPreparedStatement.java:755)
	at com.mysql.cj.jdbc.ClientPreparedStatement.executeBatchInternal(ClientPreparedStatement.java:426)
	at com.mysql.cj.jdbc.StatementImpl.executeBatch(StatementImpl.java:796)
	at com.alibaba.druid.filter.FilterChainImpl.statement_executeBatch(FilterChainImpl.java:3066)
	at com.alibaba.druid.filter.FilterAdapter.statement_executeBatch(FilterAdapter.java:2496)
	at com.alibaba.druid.filter.FilterEventAdapter.statement_executeBatch(FilterEventAdapter.java:279)
	at com.alibaba.druid.filter.FilterChainImpl.statement_executeBatch(FilterChainImpl.java:3064)
	at com.alibaba.druid.proxy.jdbc.StatementProxyImpl.executeBatch(StatementProxyImpl.java:202)
	at com.alibaba.druid.pool.DruidPooledPreparedStatement.executeBatch(DruidPooledPreparedStatement.java:566)
	at sun.reflect.GeneratedMethodAccessor205.invoke(Unknown Source)
	at sun.reflect.DelegatingMethodAccessorImpl.invoke(DelegatingMethodAccessorImpl.java:43)
	at java.lang.reflect.Method.invoke(Method.java:498)
	at org.apache.ibatis.logging.jdbc.PreparedStatementLogger.invoke(PreparedStatementLogger.java:78)
	at com.sun.proxy.$Proxy151.executeBatch(Unknown Source)
	at com.baomidou.mybatisplus.core.executor.MybatisBatchExecutor.doFlushStatements(MybatisBatchExecutor.java:135)
	at org.apache.ibatis.executor.BaseExecutor.flushStatements(BaseExecutor.java:129)
	at org.apache.ibatis.executor.BaseExecutor.flushStatements(BaseExecutor.java:122)
	at com.baomidou.mybatisplus.core.executor.MybatisCachingExecutor.flushStatements(MybatisCachingExecutor.java:218)
	at sun.reflect.GeneratedMethodAccessor206.invoke(Unknown Source)
	at sun.reflect.DelegatingMethodAccessorImpl.invoke(DelegatingMethodAccessorImpl.java:43)
	at java.lang.reflect.Method.invoke(Method.java:498)
	at org.apache.ibatis.plugin.Plugin.invoke(Plugin.java:64)
	at com.sun.proxy.$Proxy148.flushStatements(Unknown Source)
	at sun.reflect.GeneratedMethodAccessor206.invoke(Unknown Source)
	at sun.reflect.DelegatingMethodAccessorImpl.invoke(DelegatingMethodAccessorImpl.java:43)
	at java.lang.reflect.Method.invoke(Method.java:498)
	at org.apache.ibatis.plugin.Plugin.invoke(Plugin.java:64)
	at com.sun.proxy.$Proxy148.flushStatements(Unknown Source)
	at org.apache.ibatis.session.defaults.DefaultSqlSession.flushStatements(DefaultSqlSession.java:249)
	at com.baomidou.mybatisplus.extension.toolkit.SqlHelper.lambda$executeBatch$0(SqlHelper.java:217)
	at com.baomidou.mybatisplus.extension.toolkit.SqlHelper.executeBatch(SqlHelper.java:179)
	... 51 common frames omitted
Caused by: com.mysql.cj.jdbc.exceptions.MysqlDataTruncation: Data truncation: Data too long for column 'profession_name' at row 31
	at com.mysql.cj.jdbc.exceptions.SQLExceptionsMapping.translateException(SQLExceptionsMapping.java:104)
	at com.mysql.cj.jdbc.ClientPreparedStatement.executeInternal(ClientPreparedStatement.java:953)
	at com.mysql.cj.jdbc.ClientPreparedStatement.executeUpdateInternal(ClientPreparedStatement.java:1092)
	at com.mysql.cj.jdbc.ClientPreparedStatement.executeUpdateInternal(ClientPreparedStatement.java:1040)
	at com.mysql.cj.jdbc.ClientPreparedStatement.executeLargeUpdate(ClientPreparedStatement.java:1347)
	at com.mysql.cj.jdbc.ClientPreparedStatement.executeBatchedInserts(ClientPreparedStatement.java:716)
	... 81 common frames omitted
2026-04-17 17:15:15.186 [[36mthreadPoolTaskExecutor-1[0;39m] [[1;31mERROR[0;39m] [[32mcom.mock.example.common.utils.ExcelUtil[0;39m]: 流式解析 Excel 行失败: rowIndex=30008
org.springframework.dao.DataIntegrityViolationException: com.mock.example.modules.entrance.mapper.CeProfessionMapper.insert (batch index #37) failed. 36 prior sub executor(s) completed successfully, but will be rolled back. Cause: java.sql.BatchUpdateException: Data truncation: Data too long for column 'profession_name' at row 5
; Data truncation: Data too long for column 'profession_name' at row 5; nested exception is java.sql.BatchUpdateException: Data truncation: Data too long for column 'profession_name' at row 5
	at org.springframework.jdbc.support.SQLStateSQLExceptionTranslator.doTranslate(SQLStateSQLExceptionTranslator.java:104)
	at org.springframework.jdbc.support.AbstractFallbackSQLExceptionTranslator.translate(AbstractFallbackSQLExceptionTranslator.java:72)
	at org.springframework.jdbc.support.AbstractFallbackSQLExceptionTranslator.translate(AbstractFallbackSQLExceptionTranslator.java:81)
	at org.springframework.jdbc.support.AbstractFallbackSQLExceptionTranslator.translate(AbstractFallbackSQLExceptionTranslator.java:81)
	at org.mybatis.spring.MyBatisExceptionTranslator.translateExceptionIfPossible(MyBatisExceptionTranslator.java:88)
	at com.baomidou.mybatisplus.extension.toolkit.SqlHelper.executeBatch(SqlHelper.java:189)
	at com.baomidou.mybatisplus.extension.toolkit.SqlHelper.executeBatch(SqlHelper.java:211)
	at com.baomidou.mybatisplus.extension.service.impl.ServiceImpl.executeBatch(ServiceImpl.java:234)
	at com.baomidou.mybatisplus.extension.service.impl.ServiceImpl.saveBatch(ServiceImpl.java:130)
	at com.baomidou.mybatisplus.extension.service.impl.ServiceImpl$$FastClassBySpringCGLIB$$76535273.invoke(<generated>)
	at org.springframework.cglib.proxy.MethodProxy.invoke(MethodProxy.java:218)
	at org.springframework.aop.framework.CglibAopProxy$CglibMethodInvocation.invokeJoinpoint(CglibAopProxy.java:771)
	at org.springframework.aop.framework.ReflectiveMethodInvocation.proceed(ReflectiveMethodInvocation.java:163)
	at org.springframework.aop.framework.CglibAopProxy$CglibMethodInvocation.proceed(CglibAopProxy.java:749)
	at org.springframework.dao.support.PersistenceExceptionTranslationInterceptor.invoke(PersistenceExceptionTranslationInterceptor.java:139)
	at org.springframework.aop.framework.ReflectiveMethodInvocation.proceed(ReflectiveMethodInvocation.java:186)
	at org.springframework.aop.framework.CglibAopProxy$CglibMethodInvocation.proceed(CglibAopProxy.java:749)
	at org.springframework.transaction.interceptor.TransactionAspectSupport.invokeWithinTransaction(TransactionAspectSupport.java:367)
	at org.springframework.transaction.interceptor.TransactionInterceptor.invoke(TransactionInterceptor.java:118)
	at org.springframework.aop.framework.ReflectiveMethodInvocation.proceed(ReflectiveMethodInvocation.java:186)
	at org.springframework.aop.framework.CglibAopProxy$CglibMethodInvocation.proceed(CglibAopProxy.java:749)
	at org.springframework.aop.framework.CglibAopProxy$DynamicAdvisedInterceptor.intercept(CglibAopProxy.java:691)
	at com.mock.example.modules.entrance.repository.impl.CeProfessionRepoImpl$$EnhancerBySpringCGLIB$$5545b719.saveBatch(<generated>)
	at com.mock.example.modules.entrance.service.CeCollegeService.processImportBatch(CeCollegeService.java:221)
	at com.mock.example.modules.entrance.service.CeCollegeService.lambda$importCollegeDataAsync$6(CeCollegeService.java:133)
	at com.mock.example.common.utils.ExcelUtil$1.handle(ExcelUtil.java:261)
	at cn.hutool.poi.excel.sax.Excel07SaxReader.endElement(Excel07SaxReader.java:259)
	at org.apache.xerces.parsers.AbstractSAXParser.endElement(Unknown Source)
	at org.apache.xerces.impl.XMLNSDocumentScannerImpl.scanEndElement(Unknown Source)
	at org.apache.xerces.impl.XMLDocumentFragmentScannerImpl$FragmentContentDispatcher.dispatch(Unknown Source)
	at org.apache.xerces.impl.XMLDocumentFragmentScannerImpl.scanDocument(Unknown Source)
	at org.apache.xerces.parsers.XML11Configuration.parse(Unknown Source)
	at org.apache.xerces.parsers.XML11Configuration.parse(Unknown Source)
	at org.apache.xerces.parsers.XMLParser.parse(Unknown Source)
	at org.apache.xerces.parsers.AbstractSAXParser.parse(Unknown Source)
	at cn.hutool.poi.excel.sax.Excel07SaxReader.parse(Excel07SaxReader.java:337)
	at cn.hutool.poi.excel.sax.Excel07SaxReader.read(Excel07SaxReader.java:152)
	at cn.hutool.poi.excel.sax.Excel07SaxReader.read(Excel07SaxReader.java:122)
	at cn.hutool.poi.excel.ExcelUtil.read07BySax(ExcelUtil.java:84)
	at cn.hutool.poi.excel.ExcelUtil.readBySax(ExcelUtil.java:67)
	at cn.hutool.poi.excel.ExcelUtil.readBySax(ExcelUtil.java:53)
	at com.mock.example.common.utils.ExcelUtil.importExcelStreaming(ExcelUtil.java:186)
	at com.mock.example.modules.entrance.service.CeCollegeService.importCollegeDataAsync(CeCollegeService.java:132)
	at com.mock.example.modules.entrance.service.CeCollegeService$$FastClassBySpringCGLIB$$f1f9cc0f.invoke(<generated>)
	at org.springframework.cglib.proxy.MethodProxy.invoke(MethodProxy.java:218)
	at org.springframework.aop.framework.CglibAopProxy$CglibMethodInvocation.invokeJoinpoint(CglibAopProxy.java:771)
	at org.springframework.aop.framework.ReflectiveMethodInvocation.proceed(ReflectiveMethodInvocation.java:163)
	at org.springframework.aop.framework.CglibAopProxy$CglibMethodInvocation.proceed(CglibAopProxy.java:749)
	at org.springframework.transaction.interceptor.TransactionAspectSupport.invokeWithinTransaction(TransactionAspectSupport.java:367)
	at org.springframework.transaction.interceptor.TransactionInterceptor.invoke(TransactionInterceptor.java:118)
	at org.springframework.aop.framework.ReflectiveMethodInvocation.proceed(ReflectiveMethodInvocation.java:186)
	at org.springframework.aop.framework.CglibAopProxy$CglibMethodInvocation.proceed(CglibAopProxy.java:749)
	at org.springframework.aop.interceptor.AsyncExecutionInterceptor.lambda$invoke$0(AsyncExecutionInterceptor.java:115)
	at java.util.concurrent.FutureTask.run(FutureTask.java:266)
	at java.util.concurrent.ThreadPoolExecutor.runWorker(ThreadPoolExecutor.java:1149)
	at java.util.concurrent.ThreadPoolExecutor$Worker.run(ThreadPoolExecutor.java:624)
	at java.lang.Thread.run(Thread.java:750)
Caused by: java.sql.BatchUpdateException: Data truncation: Data too long for column 'profession_name' at row 5
	at sun.reflect.NativeConstructorAccessorImpl.newInstance0(Native Method)
	at sun.reflect.NativeConstructorAccessorImpl.newInstance(NativeConstructorAccessorImpl.java:62)
	at sun.reflect.DelegatingConstructorAccessorImpl.newInstance(DelegatingConstructorAccessorImpl.java:45)
	at java.lang.reflect.Constructor.newInstance(Constructor.java:423)
	at com.mysql.cj.util.Util.handleNewInstance(Util.java:192)
	at com.mysql.cj.util.Util.getInstance(Util.java:167)
	at com.mysql.cj.util.Util.getInstance(Util.java:174)
	at com.mysql.cj.jdbc.exceptions.SQLError.createBatchUpdateException(SQLError.java:224)
	at com.mysql.cj.jdbc.ClientPreparedStatement.executeBatchedInserts(ClientPreparedStatement.java:755)
	at com.mysql.cj.jdbc.ClientPreparedStatement.executeBatchInternal(ClientPreparedStatement.java:426)
	at com.mysql.cj.jdbc.StatementImpl.executeBatch(StatementImpl.java:796)
	at com.alibaba.druid.filter.FilterChainImpl.statement_executeBatch(FilterChainImpl.java:3066)
	at com.alibaba.druid.filter.FilterAdapter.statement_executeBatch(FilterAdapter.java:2496)
	at com.alibaba.druid.filter.FilterEventAdapter.statement_executeBatch(FilterEventAdapter.java:279)
	at com.alibaba.druid.filter.FilterChainImpl.statement_executeBatch(FilterChainImpl.java:3064)
	at com.alibaba.druid.proxy.jdbc.StatementProxyImpl.executeBatch(StatementProxyImpl.java:202)
	at com.alibaba.druid.pool.DruidPooledPreparedStatement.executeBatch(DruidPooledPreparedStatement.java:566)
	at sun.reflect.GeneratedMethodAccessor205.invoke(Unknown Source)
	at sun.reflect.DelegatingMethodAccessorImpl.invoke(DelegatingMethodAccessorImpl.java:43)
	at java.lang.reflect.Method.invoke(Method.java:498)
	at org.apache.ibatis.logging.jdbc.PreparedStatementLogger.invoke(PreparedStatementLogger.java:78)
	at com.sun.proxy.$Proxy151.executeBatch(Unknown Source)
	at com.baomidou.mybatisplus.core.executor.MybatisBatchExecutor.doFlushStatements(MybatisBatchExecutor.java:135)
	at org.apache.ibatis.executor.BaseExecutor.flushStatements(BaseExecutor.java:129)
	at org.apache.ibatis.executor.BaseExecutor.flushStatements(BaseExecutor.java:122)
	at com.baomidou.mybatisplus.core.executor.MybatisCachingExecutor.flushStatements(MybatisCachingExecutor.java:218)
	at sun.reflect.GeneratedMethodAccessor206.invoke(Unknown Source)
	at sun.reflect.DelegatingMethodAccessorImpl.invoke(DelegatingMethodAccessorImpl.java:43)
	at java.lang.reflect.Method.invoke(Method.java:498)
	at org.apache.ibatis.plugin.Plugin.invoke(Plugin.java:64)
	at com.sun.proxy.$Proxy148.flushStatements(Unknown Source)
	at sun.reflect.GeneratedMethodAccessor206.invoke(Unknown Source)
	at sun.reflect.DelegatingMethodAccessorImpl.invoke(DelegatingMethodAccessorImpl.java:43)
	at java.lang.reflect.Method.invoke(Method.java:498)
	at org.apache.ibatis.plugin.Plugin.invoke(Plugin.java:64)
	at com.sun.proxy.$Proxy148.flushStatements(Unknown Source)
	at org.apache.ibatis.session.defaults.DefaultSqlSession.flushStatements(DefaultSqlSession.java:249)
	at com.baomidou.mybatisplus.extension.toolkit.SqlHelper.lambda$executeBatch$0(SqlHelper.java:217)
	at com.baomidou.mybatisplus.extension.toolkit.SqlHelper.executeBatch(SqlHelper.java:179)
	... 51 common frames omitted
Caused by: com.mysql.cj.jdbc.exceptions.MysqlDataTruncation: Data truncation: Data too long for column 'profession_name' at row 5
	at com.mysql.cj.jdbc.exceptions.SQLExceptionsMapping.translateException(SQLExceptionsMapping.java:104)
	at com.mysql.cj.jdbc.ClientPreparedStatement.executeInternal(ClientPreparedStatement.java:953)
	at com.mysql.cj.jdbc.ClientPreparedStatement.executeUpdateInternal(ClientPreparedStatement.java:1092)
	at com.mysql.cj.jdbc.ClientPreparedStatement.executeUpdateInternal(ClientPreparedStatement.java:1040)
	at com.mysql.cj.jdbc.ClientPreparedStatement.executeLargeUpdate(ClientPreparedStatement.java:1347)
	at com.mysql.cj.jdbc.ClientPreparedStatement.executeBatchedInserts(ClientPreparedStatement.java:716)
	... 81 common frames omitted
2026-04-17 17:15:17.534 [[36mthreadPoolTaskExecutor-1[0;39m] [[1;31mERROR[0;39m] [[32mcom.mock.example.common.utils.ExcelUtil[0;39m]: 流式解析 Excel 行失败: rowIndex=34009
org.springframework.dao.DataIntegrityViolationException: com.mock.example.modules.entrance.mapper.CeProfessionMapper.insert (batch index #3) failed. 2 prior sub executor(s) completed successfully, but will be rolled back. Cause: java.sql.BatchUpdateException: Data truncation: Data too long for column 'profession_name' at row 141
; Data truncation: Data too long for column 'profession_name' at row 141; nested exception is java.sql.BatchUpdateException: Data truncation: Data too long for column 'profession_name' at row 141
	at org.springframework.jdbc.support.SQLStateSQLExceptionTranslator.doTranslate(SQLStateSQLExceptionTranslator.java:104)
	at org.springframework.jdbc.support.AbstractFallbackSQLExceptionTranslator.translate(AbstractFallbackSQLExceptionTranslator.java:72)
	at org.springframework.jdbc.support.AbstractFallbackSQLExceptionTranslator.translate(AbstractFallbackSQLExceptionTranslator.java:81)
	at org.springframework.jdbc.support.AbstractFallbackSQLExceptionTranslator.translate(AbstractFallbackSQLExceptionTranslator.java:81)
	at org.mybatis.spring.MyBatisExceptionTranslator.translateExceptionIfPossible(MyBatisExceptionTranslator.java:88)
	at com.baomidou.mybatisplus.extension.toolkit.SqlHelper.executeBatch(SqlHelper.java:189)
	at com.baomidou.mybatisplus.extension.toolkit.SqlHelper.executeBatch(SqlHelper.java:211)
	at com.baomidou.mybatisplus.extension.service.impl.ServiceImpl.executeBatch(ServiceImpl.java:234)
	at com.baomidou.mybatisplus.extension.service.impl.ServiceImpl.saveBatch(ServiceImpl.java:130)
	at com.baomidou.mybatisplus.extension.service.impl.ServiceImpl$$FastClassBySpringCGLIB$$76535273.invoke(<generated>)
	at org.springframework.cglib.proxy.MethodProxy.invoke(MethodProxy.java:218)
	at org.springframework.aop.framework.CglibAopProxy$CglibMethodInvocation.invokeJoinpoint(CglibAopProxy.java:771)
	at org.springframework.aop.framework.ReflectiveMethodInvocation.proceed(ReflectiveMethodInvocation.java:163)
	at org.springframework.aop.framework.CglibAopProxy$CglibMethodInvocation.proceed(CglibAopProxy.java:749)
	at org.springframework.dao.support.PersistenceExceptionTranslationInterceptor.invoke(PersistenceExceptionTranslationInterceptor.java:139)
	at org.springframework.aop.framework.ReflectiveMethodInvocation.proceed(ReflectiveMethodInvocation.java:186)
	at org.springframework.aop.framework.CglibAopProxy$CglibMethodInvocation.proceed(CglibAopProxy.java:749)
	at org.springframework.transaction.interceptor.TransactionAspectSupport.invokeWithinTransaction(TransactionAspectSupport.java:367)
	at org.springframework.transaction.interceptor.TransactionInterceptor.invoke(TransactionInterceptor.java:118)
	at org.springframework.aop.framework.ReflectiveMethodInvocation.proceed(ReflectiveMethodInvocation.java:186)
	at org.springframework.aop.framework.CglibAopProxy$CglibMethodInvocation.proceed(CglibAopProxy.java:749)
	at org.springframework.aop.framework.CglibAopProxy$DynamicAdvisedInterceptor.intercept(CglibAopProxy.java:691)
	at com.mock.example.modules.entrance.repository.impl.CeProfessionRepoImpl$$EnhancerBySpringCGLIB$$5545b719.saveBatch(<generated>)
	at com.mock.example.modules.entrance.service.CeCollegeService.processImportBatch(CeCollegeService.java:221)
	at com.mock.example.modules.entrance.service.CeCollegeService.lambda$importCollegeDataAsync$6(CeCollegeService.java:133)
	at com.mock.example.common.utils.ExcelUtil$1.handle(ExcelUtil.java:261)
	at cn.hutool.poi.excel.sax.Excel07SaxReader.endElement(Excel07SaxReader.java:259)
	at org.apache.xerces.parsers.AbstractSAXParser.endElement(Unknown Source)
	at org.apache.xerces.impl.XMLNSDocumentScannerImpl.scanEndElement(Unknown Source)
	at org.apache.xerces.impl.XMLDocumentFragmentScannerImpl$FragmentContentDispatcher.dispatch(Unknown Source)
	at org.apache.xerces.impl.XMLDocumentFragmentScannerImpl.scanDocument(Unknown Source)
	at org.apache.xerces.parsers.XML11Configuration.parse(Unknown Source)
	at org.apache.xerces.parsers.XML11Configuration.parse(Unknown Source)
	at org.apache.xerces.parsers.XMLParser.parse(Unknown Source)
	at org.apache.xerces.parsers.AbstractSAXParser.parse(Unknown Source)
	at cn.hutool.poi.excel.sax.Excel07SaxReader.parse(Excel07SaxReader.java:337)
	at cn.hutool.poi.excel.sax.Excel07SaxReader.read(Excel07SaxReader.java:152)
	at cn.hutool.poi.excel.sax.Excel07SaxReader.read(Excel07SaxReader.java:122)
	at cn.hutool.poi.excel.ExcelUtil.read07BySax(ExcelUtil.java:84)
	at cn.hutool.poi.excel.ExcelUtil.readBySax(ExcelUtil.java:67)
	at cn.hutool.poi.excel.ExcelUtil.readBySax(ExcelUtil.java:53)
	at com.mock.example.common.utils.ExcelUtil.importExcelStreaming(ExcelUtil.java:186)
	at com.mock.example.modules.entrance.service.CeCollegeService.importCollegeDataAsync(CeCollegeService.java:132)
	at com.mock.example.modules.entrance.service.CeCollegeService$$FastClassBySpringCGLIB$$f1f9cc0f.invoke(<generated>)
	at org.springframework.cglib.proxy.MethodProxy.invoke(MethodProxy.java:218)
	at org.springframework.aop.framework.CglibAopProxy$CglibMethodInvocation.invokeJoinpoint(CglibAopProxy.java:771)
	at org.springframework.aop.framework.ReflectiveMethodInvocation.proceed(ReflectiveMethodInvocation.java:163)
	at org.springframework.aop.framework.CglibAopProxy$CglibMethodInvocation.proceed(CglibAopProxy.java:749)
	at org.springframework.transaction.interceptor.TransactionAspectSupport.invokeWithinTransaction(TransactionAspectSupport.java:367)
	at org.springframework.transaction.interceptor.TransactionInterceptor.invoke(TransactionInterceptor.java:118)
	at org.springframework.aop.framework.ReflectiveMethodInvocation.proceed(ReflectiveMethodInvocation.java:186)
	at org.springframework.aop.framework.CglibAopProxy$CglibMethodInvocation.proceed(CglibAopProxy.java:749)
	at org.springframework.aop.interceptor.AsyncExecutionInterceptor.lambda$invoke$0(AsyncExecutionInterceptor.java:115)
	at java.util.concurrent.FutureTask.run(FutureTask.java:266)
	at java.util.concurrent.ThreadPoolExecutor.runWorker(ThreadPoolExecutor.java:1149)
	at java.util.concurrent.ThreadPoolExecutor$Worker.run(ThreadPoolExecutor.java:624)
	at java.lang.Thread.run(Thread.java:750)
Caused by: java.sql.BatchUpdateException: Data truncation: Data too long for column 'profession_name' at row 141
	at sun.reflect.NativeConstructorAccessorImpl.newInstance0(Native Method)
	at sun.reflect.NativeConstructorAccessorImpl.newInstance(NativeConstructorAccessorImpl.java:62)
	at sun.reflect.DelegatingConstructorAccessorImpl.newInstance(DelegatingConstructorAccessorImpl.java:45)
	at java.lang.reflect.Constructor.newInstance(Constructor.java:423)
	at com.mysql.cj.util.Util.handleNewInstance(Util.java:192)
	at com.mysql.cj.util.Util.getInstance(Util.java:167)
	at com.mysql.cj.util.Util.getInstance(Util.java:174)
	at com.mysql.cj.jdbc.exceptions.SQLError.createBatchUpdateException(SQLError.java:224)
	at com.mysql.cj.jdbc.ClientPreparedStatement.executeBatchedInserts(ClientPreparedStatement.java:755)
	at com.mysql.cj.jdbc.ClientPreparedStatement.executeBatchInternal(ClientPreparedStatement.java:426)
	at com.mysql.cj.jdbc.StatementImpl.executeBatch(StatementImpl.java:796)
	at com.alibaba.druid.filter.FilterChainImpl.statement_executeBatch(FilterChainImpl.java:3066)
	at com.alibaba.druid.filter.FilterAdapter.statement_executeBatch(FilterAdapter.java:2496)
	at com.alibaba.druid.filter.FilterEventAdapter.statement_executeBatch(FilterEventAdapter.java:279)
	at com.alibaba.druid.filter.FilterChainImpl.statement_executeBatch(FilterChainImpl.java:3064)
	at com.alibaba.druid.proxy.jdbc.StatementProxyImpl.executeBatch(StatementProxyImpl.java:202)
	at com.alibaba.druid.pool.DruidPooledPreparedStatement.executeBatch(DruidPooledPreparedStatement.java:566)
	at sun.reflect.GeneratedMethodAccessor205.invoke(Unknown Source)
	at sun.reflect.DelegatingMethodAccessorImpl.invoke(DelegatingMethodAccessorImpl.java:43)
	at java.lang.reflect.Method.invoke(Method.java:498)
	at org.apache.ibatis.logging.jdbc.PreparedStatementLogger.invoke(PreparedStatementLogger.java:78)
	at com.sun.proxy.$Proxy151.executeBatch(Unknown Source)
	at com.baomidou.mybatisplus.core.executor.MybatisBatchExecutor.doFlushStatements(MybatisBatchExecutor.java:135)
	at org.apache.ibatis.executor.BaseExecutor.flushStatements(BaseExecutor.java:129)
	at org.apache.ibatis.executor.BaseExecutor.flushStatements(BaseExecutor.java:122)
	at com.baomidou.mybatisplus.core.executor.MybatisCachingExecutor.flushStatements(MybatisCachingExecutor.java:218)
	at sun.reflect.GeneratedMethodAccessor206.invoke(Unknown Source)
	at sun.reflect.DelegatingMethodAccessorImpl.invoke(DelegatingMethodAccessorImpl.java:43)
	at java.lang.reflect.Method.invoke(Method.java:498)
	at org.apache.ibatis.plugin.Plugin.invoke(Plugin.java:64)
	at com.sun.proxy.$Proxy148.flushStatements(Unknown Source)
	at sun.reflect.GeneratedMethodAccessor206.invoke(Unknown Source)
	at sun.reflect.DelegatingMethodAccessorImpl.invoke(DelegatingMethodAccessorImpl.java:43)
	at java.lang.reflect.Method.invoke(Method.java:498)
	at org.apache.ibatis.plugin.Plugin.invoke(Plugin.java:64)
	at com.sun.proxy.$Proxy148.flushStatements(Unknown Source)
	at org.apache.ibatis.session.defaults.DefaultSqlSession.flushStatements(DefaultSqlSession.java:249)
	at com.baomidou.mybatisplus.extension.toolkit.SqlHelper.lambda$executeBatch$0(SqlHelper.java:217)
	at com.baomidou.mybatisplus.extension.toolkit.SqlHelper.executeBatch(SqlHelper.java:179)
	... 51 common frames omitted
Caused by: com.mysql.cj.jdbc.exceptions.MysqlDataTruncation: Data truncation: Data too long for column 'profession_name' at row 141
	at com.mysql.cj.jdbc.exceptions.SQLExceptionsMapping.translateException(SQLExceptionsMapping.java:104)
	at com.mysql.cj.jdbc.ClientPreparedStatement.executeInternal(ClientPreparedStatement.java:953)
	at com.mysql.cj.jdbc.ClientPreparedStatement.executeUpdateInternal(ClientPreparedStatement.java:1092)
	at com.mysql.cj.jdbc.ClientPreparedStatement.executeUpdateInternal(ClientPreparedStatement.java:1040)
	at com.mysql.cj.jdbc.ClientPreparedStatement.executeLargeUpdate(ClientPreparedStatement.java:1347)
	at com.mysql.cj.jdbc.ClientPreparedStatement.executeBatchedInserts(ClientPreparedStatement.java:716)
	... 81 common frames omitted
2026-04-17 17:15:19.193 [[36mthreadPoolTaskExecutor-1[0;39m] [[1;31mERROR[0;39m] [[32mcom.mock.example.common.utils.ExcelUtil[0;39m]: 流式解析 Excel 行失败: rowIndex=36010
org.springframework.dao.DataIntegrityViolationException: com.mock.example.modules.entrance.mapper.CeProfessionMapper.insert (batch index #9) failed. 8 prior sub executor(s) completed successfully, but will be rolled back. Cause: java.sql.BatchUpdateException: Data truncation: Data too long for column 'profession_name' at row 43
; Data truncation: Data too long for column 'profession_name' at row 43; nested exception is java.sql.BatchUpdateException: Data truncation: Data too long for column 'profession_name' at row 43
	at org.springframework.jdbc.support.SQLStateSQLExceptionTranslator.doTranslate(SQLStateSQLExceptionTranslator.java:104)
	at org.springframework.jdbc.support.AbstractFallbackSQLExceptionTranslator.translate(AbstractFallbackSQLExceptionTranslator.java:72)
	at org.springframework.jdbc.support.AbstractFallbackSQLExceptionTranslator.translate(AbstractFallbackSQLExceptionTranslator.java:81)
	at org.springframework.jdbc.support.AbstractFallbackSQLExceptionTranslator.translate(AbstractFallbackSQLExceptionTranslator.java:81)
	at org.mybatis.spring.MyBatisExceptionTranslator.translateExceptionIfPossible(MyBatisExceptionTranslator.java:88)
	at com.baomidou.mybatisplus.extension.toolkit.SqlHelper.executeBatch(SqlHelper.java:189)
	at com.baomidou.mybatisplus.extension.toolkit.SqlHelper.executeBatch(SqlHelper.java:211)
	at com.baomidou.mybatisplus.extension.service.impl.ServiceImpl.executeBatch(ServiceImpl.java:234)
	at com.baomidou.mybatisplus.extension.service.impl.ServiceImpl.saveBatch(ServiceImpl.java:130)
	at com.baomidou.mybatisplus.extension.service.impl.ServiceImpl$$FastClassBySpringCGLIB$$76535273.invoke(<generated>)
	at org.springframework.cglib.proxy.MethodProxy.invoke(MethodProxy.java:218)
	at org.springframework.aop.framework.CglibAopProxy$CglibMethodInvocation.invokeJoinpoint(CglibAopProxy.java:771)
	at org.springframework.aop.framework.ReflectiveMethodInvocation.proceed(ReflectiveMethodInvocation.java:163)
	at org.springframework.aop.framework.CglibAopProxy$CglibMethodInvocation.proceed(CglibAopProxy.java:749)
	at org.springframework.dao.support.PersistenceExceptionTranslationInterceptor.invoke(PersistenceExceptionTranslationInterceptor.java:139)
	at org.springframework.aop.framework.ReflectiveMethodInvocation.proceed(ReflectiveMethodInvocation.java:186)
	at org.springframework.aop.framework.CglibAopProxy$CglibMethodInvocation.proceed(CglibAopProxy.java:749)
	at org.springframework.transaction.interceptor.TransactionAspectSupport.invokeWithinTransaction(TransactionAspectSupport.java:367)
	at org.springframework.transaction.interceptor.TransactionInterceptor.invoke(TransactionInterceptor.java:118)
	at org.springframework.aop.framework.ReflectiveMethodInvocation.proceed(ReflectiveMethodInvocation.java:186)
	at org.springframework.aop.framework.CglibAopProxy$CglibMethodInvocation.proceed(CglibAopProxy.java:749)
	at org.springframework.aop.framework.CglibAopProxy$DynamicAdvisedInterceptor.intercept(CglibAopProxy.java:691)
	at com.mock.example.modules.entrance.repository.impl.CeProfessionRepoImpl$$EnhancerBySpringCGLIB$$5545b719.saveBatch(<generated>)
	at com.mock.example.modules.entrance.service.CeCollegeService.processImportBatch(CeCollegeService.java:221)
	at com.mock.example.modules.entrance.service.CeCollegeService.lambda$importCollegeDataAsync$6(CeCollegeService.java:133)
	at com.mock.example.common.utils.ExcelUtil$1.handle(ExcelUtil.java:261)
	at cn.hutool.poi.excel.sax.Excel07SaxReader.endElement(Excel07SaxReader.java:259)
	at org.apache.xerces.parsers.AbstractSAXParser.endElement(Unknown Source)
	at org.apache.xerces.impl.XMLNSDocumentScannerImpl.scanEndElement(Unknown Source)
	at org.apache.xerces.impl.XMLDocumentFragmentScannerImpl$FragmentContentDispatcher.dispatch(Unknown Source)
	at org.apache.xerces.impl.XMLDocumentFragmentScannerImpl.scanDocument(Unknown Source)
	at org.apache.xerces.parsers.XML11Configuration.parse(Unknown Source)
	at org.apache.xerces.parsers.XML11Configuration.parse(Unknown Source)
	at org.apache.xerces.parsers.XMLParser.parse(Unknown Source)
	at org.apache.xerces.parsers.AbstractSAXParser.parse(Unknown Source)
	at cn.hutool.poi.excel.sax.Excel07SaxReader.parse(Excel07SaxReader.java:337)
	at cn.hutool.poi.excel.sax.Excel07SaxReader.read(Excel07SaxReader.java:152)
	at cn.hutool.poi.excel.sax.Excel07SaxReader.read(Excel07SaxReader.java:122)
	at cn.hutool.poi.excel.ExcelUtil.read07BySax(ExcelUtil.java:84)
	at cn.hutool.poi.excel.ExcelUtil.readBySax(ExcelUtil.java:67)
	at cn.hutool.poi.excel.ExcelUtil.readBySax(ExcelUtil.java:53)
	at com.mock.example.common.utils.ExcelUtil.importExcelStreaming(ExcelUtil.java:186)
	at com.mock.example.modules.entrance.service.CeCollegeService.importCollegeDataAsync(CeCollegeService.java:132)
	at com.mock.example.modules.entrance.service.CeCollegeService$$FastClassBySpringCGLIB$$f1f9cc0f.invoke(<generated>)
	at org.springframework.cglib.proxy.MethodProxy.invoke(MethodProxy.java:218)
	at org.springframework.aop.framework.CglibAopProxy$CglibMethodInvocation.invokeJoinpoint(CglibAopProxy.java:771)
	at org.springframework.aop.framework.ReflectiveMethodInvocation.proceed(ReflectiveMethodInvocation.java:163)
	at org.springframework.aop.framework.CglibAopProxy$CglibMethodInvocation.proceed(CglibAopProxy.java:749)
	at org.springframework.transaction.interceptor.TransactionAspectSupport.invokeWithinTransaction(TransactionAspectSupport.java:367)
	at org.springframework.transaction.interceptor.TransactionInterceptor.invoke(TransactionInterceptor.java:118)
	at org.springframework.aop.framework.ReflectiveMethodInvocation.proceed(ReflectiveMethodInvocation.java:186)
	at org.springframework.aop.framework.CglibAopProxy$CglibMethodInvocation.proceed(CglibAopProxy.java:749)
	at org.springframework.aop.interceptor.AsyncExecutionInterceptor.lambda$invoke$0(AsyncExecutionInterceptor.java:115)
	at java.util.concurrent.FutureTask.run(FutureTask.java:266)
	at java.util.concurrent.ThreadPoolExecutor.runWorker(ThreadPoolExecutor.java:1149)
	at java.util.concurrent.ThreadPoolExecutor$Worker.run(ThreadPoolExecutor.java:624)
	at java.lang.Thread.run(Thread.java:750)
Caused by: java.sql.BatchUpdateException: Data truncation: Data too long for column 'profession_name' at row 43
	at sun.reflect.NativeConstructorAccessorImpl.newInstance0(Native Method)
	at sun.reflect.NativeConstructorAccessorImpl.newInstance(NativeConstructorAccessorImpl.java:62)
	at sun.reflect.DelegatingConstructorAccessorImpl.newInstance(DelegatingConstructorAccessorImpl.java:45)
	at java.lang.reflect.Constructor.newInstance(Constructor.java:423)
	at com.mysql.cj.util.Util.handleNewInstance(Util.java:192)
	at com.mysql.cj.util.Util.getInstance(Util.java:167)
	at com.mysql.cj.util.Util.getInstance(Util.java:174)
	at com.mysql.cj.jdbc.exceptions.SQLError.createBatchUpdateException(SQLError.java:224)
	at com.mysql.cj.jdbc.ClientPreparedStatement.executeBatchedInserts(ClientPreparedStatement.java:755)
	at com.mysql.cj.jdbc.ClientPreparedStatement.executeBatchInternal(ClientPreparedStatement.java:426)
	at com.mysql.cj.jdbc.StatementImpl.executeBatch(StatementImpl.java:796)
	at com.alibaba.druid.filter.FilterChainImpl.statement_executeBatch(FilterChainImpl.java:3066)
	at com.alibaba.druid.filter.FilterAdapter.statement_executeBatch(FilterAdapter.java:2496)
	at com.alibaba.druid.filter.FilterEventAdapter.statement_executeBatch(FilterEventAdapter.java:279)
	at com.alibaba.druid.filter.FilterChainImpl.statement_executeBatch(FilterChainImpl.java:3064)
	at com.alibaba.druid.proxy.jdbc.StatementProxyImpl.executeBatch(StatementProxyImpl.java:202)
	at com.alibaba.druid.pool.DruidPooledPreparedStatement.executeBatch(DruidPooledPreparedStatement.java:566)
	at sun.reflect.GeneratedMethodAccessor205.invoke(Unknown Source)
	at sun.reflect.DelegatingMethodAccessorImpl.invoke(DelegatingMethodAccessorImpl.java:43)
	at java.lang.reflect.Method.invoke(Method.java:498)
	at org.apache.ibatis.logging.jdbc.PreparedStatementLogger.invoke(PreparedStatementLogger.java:78)
	at com.sun.proxy.$Proxy151.executeBatch(Unknown Source)
	at com.baomidou.mybatisplus.core.executor.MybatisBatchExecutor.doFlushStatements(MybatisBatchExecutor.java:135)
	at org.apache.ibatis.executor.BaseExecutor.flushStatements(BaseExecutor.java:129)
	at org.apache.ibatis.executor.BaseExecutor.flushStatements(BaseExecutor.java:122)
	at com.baomidou.mybatisplus.core.executor.MybatisCachingExecutor.flushStatements(MybatisCachingExecutor.java:218)
	at sun.reflect.GeneratedMethodAccessor206.invoke(Unknown Source)
	at sun.reflect.DelegatingMethodAccessorImpl.invoke(DelegatingMethodAccessorImpl.java:43)
	at java.lang.reflect.Method.invoke(Method.java:498)
	at org.apache.ibatis.plugin.Plugin.invoke(Plugin.java:64)
	at com.sun.proxy.$Proxy148.flushStatements(Unknown Source)
	at sun.reflect.GeneratedMethodAccessor206.invoke(Unknown Source)
	at sun.reflect.DelegatingMethodAccessorImpl.invoke(DelegatingMethodAccessorImpl.java:43)
	at java.lang.reflect.Method.invoke(Method.java:498)
	at org.apache.ibatis.plugin.Plugin.invoke(Plugin.java:64)
	at com.sun.proxy.$Proxy148.flushStatements(Unknown Source)
	at org.apache.ibatis.session.defaults.DefaultSqlSession.flushStatements(DefaultSqlSession.java:249)
	at com.baomidou.mybatisplus.extension.toolkit.SqlHelper.lambda$executeBatch$0(SqlHelper.java:217)
	at com.baomidou.mybatisplus.extension.toolkit.SqlHelper.executeBatch(SqlHelper.java:179)
	... 51 common frames omitted
Caused by: com.mysql.cj.jdbc.exceptions.MysqlDataTruncation: Data truncation: Data too long for column 'profession_name' at row 43
	at com.mysql.cj.jdbc.exceptions.SQLExceptionsMapping.translateException(SQLExceptionsMapping.java:104)
	at com.mysql.cj.jdbc.ClientPreparedStatement.executeInternal(ClientPreparedStatement.java:953)
	at com.mysql.cj.jdbc.ClientPreparedStatement.executeUpdateInternal(ClientPreparedStatement.java:1092)
	at com.mysql.cj.jdbc.ClientPreparedStatement.executeUpdateInternal(ClientPreparedStatement.java:1040)
	at com.mysql.cj.jdbc.ClientPreparedStatement.executeLargeUpdate(ClientPreparedStatement.java:1347)
	at com.mysql.cj.jdbc.ClientPreparedStatement.executeBatchedInserts(ClientPreparedStatement.java:716)
	... 81 common frames omitted
2026-04-17 17:15:20.995 [[36mthreadPoolTaskExecutor-1[0;39m] [[1;31mERROR[0;39m] [[32mcom.mock.example.common.utils.ExcelUtil[0;39m]: 流式解析 Excel 行失败: rowIndex=38011
org.springframework.dao.DataIntegrityViolationException: com.mock.example.modules.entrance.mapper.CeProfessionMapper.insert (batch index #13) failed. 12 prior sub executor(s) completed successfully, but will be rolled back. Cause: java.sql.BatchUpdateException: Data truncation: Data too long for column 'profession_name' at row 18
; Data truncation: Data too long for column 'profession_name' at row 18; nested exception is java.sql.BatchUpdateException: Data truncation: Data too long for column 'profession_name' at row 18
	at org.springframework.jdbc.support.SQLStateSQLExceptionTranslator.doTranslate(SQLStateSQLExceptionTranslator.java:104)
	at org.springframework.jdbc.support.AbstractFallbackSQLExceptionTranslator.translate(AbstractFallbackSQLExceptionTranslator.java:72)
	at org.springframework.jdbc.support.AbstractFallbackSQLExceptionTranslator.translate(AbstractFallbackSQLExceptionTranslator.java:81)
	at org.springframework.jdbc.support.AbstractFallbackSQLExceptionTranslator.translate(AbstractFallbackSQLExceptionTranslator.java:81)
	at org.mybatis.spring.MyBatisExceptionTranslator.translateExceptionIfPossible(MyBatisExceptionTranslator.java:88)
	at com.baomidou.mybatisplus.extension.toolkit.SqlHelper.executeBatch(SqlHelper.java:189)
	at com.baomidou.mybatisplus.extension.toolkit.SqlHelper.executeBatch(SqlHelper.java:211)
	at com.baomidou.mybatisplus.extension.service.impl.ServiceImpl.executeBatch(ServiceImpl.java:234)
	at com.baomidou.mybatisplus.extension.service.impl.ServiceImpl.saveBatch(ServiceImpl.java:130)
	at com.baomidou.mybatisplus.extension.service.impl.ServiceImpl$$FastClassBySpringCGLIB$$76535273.invoke(<generated>)
	at org.springframework.cglib.proxy.MethodProxy.invoke(MethodProxy.java:218)
	at org.springframework.aop.framework.CglibAopProxy$CglibMethodInvocation.invokeJoinpoint(CglibAopProxy.java:771)
	at org.springframework.aop.framework.ReflectiveMethodInvocation.proceed(ReflectiveMethodInvocation.java:163)
	at org.springframework.aop.framework.CglibAopProxy$CglibMethodInvocation.proceed(CglibAopProxy.java:749)
	at org.springframework.dao.support.PersistenceExceptionTranslationInterceptor.invoke(PersistenceExceptionTranslationInterceptor.java:139)
	at org.springframework.aop.framework.ReflectiveMethodInvocation.proceed(ReflectiveMethodInvocation.java:186)
	at org.springframework.aop.framework.CglibAopProxy$CglibMethodInvocation.proceed(CglibAopProxy.java:749)
	at org.springframework.transaction.interceptor.TransactionAspectSupport.invokeWithinTransaction(TransactionAspectSupport.java:367)
	at org.springframework.transaction.interceptor.TransactionInterceptor.invoke(TransactionInterceptor.java:118)
	at org.springframework.aop.framework.ReflectiveMethodInvocation.proceed(ReflectiveMethodInvocation.java:186)
	at org.springframework.aop.framework.CglibAopProxy$CglibMethodInvocation.proceed(CglibAopProxy.java:749)
	at org.springframework.aop.framework.CglibAopProxy$DynamicAdvisedInterceptor.intercept(CglibAopProxy.java:691)
	at com.mock.example.modules.entrance.repository.impl.CeProfessionRepoImpl$$EnhancerBySpringCGLIB$$5545b719.saveBatch(<generated>)
	at com.mock.example.modules.entrance.service.CeCollegeService.processImportBatch(CeCollegeService.java:221)
	at com.mock.example.modules.entrance.service.CeCollegeService.lambda$importCollegeDataAsync$6(CeCollegeService.java:133)
	at com.mock.example.common.utils.ExcelUtil$1.handle(ExcelUtil.java:261)
	at cn.hutool.poi.excel.sax.Excel07SaxReader.endElement(Excel07SaxReader.java:259)
	at org.apache.xerces.parsers.AbstractSAXParser.endElement(Unknown Source)
	at org.apache.xerces.impl.XMLNSDocumentScannerImpl.scanEndElement(Unknown Source)
	at org.apache.xerces.impl.XMLDocumentFragmentScannerImpl$FragmentContentDispatcher.dispatch(Unknown Source)
	at org.apache.xerces.impl.XMLDocumentFragmentScannerImpl.scanDocument(Unknown Source)
	at org.apache.xerces.parsers.XML11Configuration.parse(Unknown Source)
	at org.apache.xerces.parsers.XML11Configuration.parse(Unknown Source)
	at org.apache.xerces.parsers.XMLParser.parse(Unknown Source)
	at org.apache.xerces.parsers.AbstractSAXParser.parse(Unknown Source)
	at cn.hutool.poi.excel.sax.Excel07SaxReader.parse(Excel07SaxReader.java:337)
	at cn.hutool.poi.excel.sax.Excel07SaxReader.read(Excel07SaxReader.java:152)
	at cn.hutool.poi.excel.sax.Excel07SaxReader.read(Excel07SaxReader.java:122)
	at cn.hutool.poi.excel.ExcelUtil.read07BySax(ExcelUtil.java:84)
	at cn.hutool.poi.excel.ExcelUtil.readBySax(ExcelUtil.java:67)
	at cn.hutool.poi.excel.ExcelUtil.readBySax(ExcelUtil.java:53)
	at com.mock.example.common.utils.ExcelUtil.importExcelStreaming(ExcelUtil.java:186)
	at com.mock.example.modules.entrance.service.CeCollegeService.importCollegeDataAsync(CeCollegeService.java:132)
	at com.mock.example.modules.entrance.service.CeCollegeService$$FastClassBySpringCGLIB$$f1f9cc0f.invoke(<generated>)
	at org.springframework.cglib.proxy.MethodProxy.invoke(MethodProxy.java:218)
	at org.springframework.aop.framework.CglibAopProxy$CglibMethodInvocation.invokeJoinpoint(CglibAopProxy.java:771)
	at org.springframework.aop.framework.ReflectiveMethodInvocation.proceed(ReflectiveMethodInvocation.java:163)
	at org.springframework.aop.framework.CglibAopProxy$CglibMethodInvocation.proceed(CglibAopProxy.java:749)
	at org.springframework.transaction.interceptor.TransactionAspectSupport.invokeWithinTransaction(TransactionAspectSupport.java:367)
	at org.springframework.transaction.interceptor.TransactionInterceptor.invoke(TransactionInterceptor.java:118)
	at org.springframework.aop.framework.ReflectiveMethodInvocation.proceed(ReflectiveMethodInvocation.java:186)
	at org.springframework.aop.framework.CglibAopProxy$CglibMethodInvocation.proceed(CglibAopProxy.java:749)
	at org.springframework.aop.interceptor.AsyncExecutionInterceptor.lambda$invoke$0(AsyncExecutionInterceptor.java:115)
	at java.util.concurrent.FutureTask.run(FutureTask.java:266)
	at java.util.concurrent.ThreadPoolExecutor.runWorker(ThreadPoolExecutor.java:1149)
	at java.util.concurrent.ThreadPoolExecutor$Worker.run(ThreadPoolExecutor.java:624)
	at java.lang.Thread.run(Thread.java:750)
Caused by: java.sql.BatchUpdateException: Data truncation: Data too long for column 'profession_name' at row 18
	at sun.reflect.NativeConstructorAccessorImpl.newInstance0(Native Method)
	at sun.reflect.NativeConstructorAccessorImpl.newInstance(NativeConstructorAccessorImpl.java:62)
	at sun.reflect.DelegatingConstructorAccessorImpl.newInstance(DelegatingConstructorAccessorImpl.java:45)
	at java.lang.reflect.Constructor.newInstance(Constructor.java:423)
	at com.mysql.cj.util.Util.handleNewInstance(Util.java:192)
	at com.mysql.cj.util.Util.getInstance(Util.java:167)
	at com.mysql.cj.util.Util.getInstance(Util.java:174)
	at com.mysql.cj.jdbc.exceptions.SQLError.createBatchUpdateException(SQLError.java:224)
	at com.mysql.cj.jdbc.ClientPreparedStatement.executeBatchedInserts(ClientPreparedStatement.java:755)
	at com.mysql.cj.jdbc.ClientPreparedStatement.executeBatchInternal(ClientPreparedStatement.java:426)
	at com.mysql.cj.jdbc.StatementImpl.executeBatch(StatementImpl.java:796)
	at com.alibaba.druid.filter.FilterChainImpl.statement_executeBatch(FilterChainImpl.java:3066)
	at com.alibaba.druid.filter.FilterAdapter.statement_executeBatch(FilterAdapter.java:2496)
	at com.alibaba.druid.filter.FilterEventAdapter.statement_executeBatch(FilterEventAdapter.java:279)
	at com.alibaba.druid.filter.FilterChainImpl.statement_executeBatch(FilterChainImpl.java:3064)
	at com.alibaba.druid.proxy.jdbc.StatementProxyImpl.executeBatch(StatementProxyImpl.java:202)
	at com.alibaba.druid.pool.DruidPooledPreparedStatement.executeBatch(DruidPooledPreparedStatement.java:566)
	at sun.reflect.GeneratedMethodAccessor205.invoke(Unknown Source)
	at sun.reflect.DelegatingMethodAccessorImpl.invoke(DelegatingMethodAccessorImpl.java:43)
	at java.lang.reflect.Method.invoke(Method.java:498)
	at org.apache.ibatis.logging.jdbc.PreparedStatementLogger.invoke(PreparedStatementLogger.java:78)
	at com.sun.proxy.$Proxy151.executeBatch(Unknown Source)
	at com.baomidou.mybatisplus.core.executor.MybatisBatchExecutor.doFlushStatements(MybatisBatchExecutor.java:135)
	at org.apache.ibatis.executor.BaseExecutor.flushStatements(BaseExecutor.java:129)
	at org.apache.ibatis.executor.BaseExecutor.flushStatements(BaseExecutor.java:122)
	at com.baomidou.mybatisplus.core.executor.MybatisCachingExecutor.flushStatements(MybatisCachingExecutor.java:218)
	at sun.reflect.GeneratedMethodAccessor206.invoke(Unknown Source)
	at sun.reflect.DelegatingMethodAccessorImpl.invoke(DelegatingMethodAccessorImpl.java:43)
	at java.lang.reflect.Method.invoke(Method.java:498)
	at org.apache.ibatis.plugin.Plugin.invoke(Plugin.java:64)
	at com.sun.proxy.$Proxy148.flushStatements(Unknown Source)
	at sun.reflect.GeneratedMethodAccessor206.invoke(Unknown Source)
	at sun.reflect.DelegatingMethodAccessorImpl.invoke(DelegatingMethodAccessorImpl.java:43)
	at java.lang.reflect.Method.invoke(Method.java:498)
	at org.apache.ibatis.plugin.Plugin.invoke(Plugin.java:64)
	at com.sun.proxy.$Proxy148.flushStatements(Unknown Source)
	at org.apache.ibatis.session.defaults.DefaultSqlSession.flushStatements(DefaultSqlSession.java:249)
	at com.baomidou.mybatisplus.extension.toolkit.SqlHelper.lambda$executeBatch$0(SqlHelper.java:217)
	at com.baomidou.mybatisplus.extension.toolkit.SqlHelper.executeBatch(SqlHelper.java:179)
	... 51 common frames omitted
Caused by: com.mysql.cj.jdbc.exceptions.MysqlDataTruncation: Data truncation: Data too long for column 'profession_name' at row 18
	at com.mysql.cj.jdbc.exceptions.SQLExceptionsMapping.translateException(SQLExceptionsMapping.java:104)
	at com.mysql.cj.jdbc.ClientPreparedStatement.executeInternal(ClientPreparedStatement.java:953)
	at com.mysql.cj.jdbc.ClientPreparedStatement.executeUpdateInternal(ClientPreparedStatement.java:1092)
	at com.mysql.cj.jdbc.ClientPreparedStatement.executeUpdateInternal(ClientPreparedStatement.java:1040)
	at com.mysql.cj.jdbc.ClientPreparedStatement.executeLargeUpdate(ClientPreparedStatement.java:1347)
	at com.mysql.cj.jdbc.ClientPreparedStatement.executeBatchedInserts(ClientPreparedStatement.java:716)
	... 81 common frames omitted
2026-04-17 17:15:23.030 [[36mthreadPoolTaskExecutor-1[0;39m] [[1;31mERROR[0;39m] [[32mcom.mock.example.common.utils.ExcelUtil[0;39m]: 流式解析 Excel 行失败: rowIndex=40012
org.springframework.dao.DataIntegrityViolationException: com.mock.example.modules.entrance.mapper.CeProfessionMapper.insert (batch index #23) failed. 22 prior sub executor(s) completed successfully, but will be rolled back. Cause: java.sql.BatchUpdateException: Data truncation: Data too long for column 'profession_name' at row 236
; Data truncation: Data too long for column 'profession_name' at row 236; nested exception is java.sql.BatchUpdateException: Data truncation: Data too long for column 'profession_name' at row 236
	at org.springframework.jdbc.support.SQLStateSQLExceptionTranslator.doTranslate(SQLStateSQLExceptionTranslator.java:104)
	at org.springframework.jdbc.support.AbstractFallbackSQLExceptionTranslator.translate(AbstractFallbackSQLExceptionTranslator.java:72)
	at org.springframework.jdbc.support.AbstractFallbackSQLExceptionTranslator.translate(AbstractFallbackSQLExceptionTranslator.java:81)
	at org.springframework.jdbc.support.AbstractFallbackSQLExceptionTranslator.translate(AbstractFallbackSQLExceptionTranslator.java:81)
	at org.mybatis.spring.MyBatisExceptionTranslator.translateExceptionIfPossible(MyBatisExceptionTranslator.java:88)
	at com.baomidou.mybatisplus.extension.toolkit.SqlHelper.executeBatch(SqlHelper.java:189)
	at com.baomidou.mybatisplus.extension.toolkit.SqlHelper.executeBatch(SqlHelper.java:211)
	at com.baomidou.mybatisplus.extension.service.impl.ServiceImpl.executeBatch(ServiceImpl.java:234)
	at com.baomidou.mybatisplus.extension.service.impl.ServiceImpl.saveBatch(ServiceImpl.java:130)
	at com.baomidou.mybatisplus.extension.service.impl.ServiceImpl$$FastClassBySpringCGLIB$$76535273.invoke(<generated>)
	at org.springframework.cglib.proxy.MethodProxy.invoke(MethodProxy.java:218)
	at org.springframework.aop.framework.CglibAopProxy$CglibMethodInvocation.invokeJoinpoint(CglibAopProxy.java:771)
	at org.springframework.aop.framework.ReflectiveMethodInvocation.proceed(ReflectiveMethodInvocation.java:163)
	at org.springframework.aop.framework.CglibAopProxy$CglibMethodInvocation.proceed(CglibAopProxy.java:749)
	at org.springframework.dao.support.PersistenceExceptionTranslationInterceptor.invoke(PersistenceExceptionTranslationInterceptor.java:139)
	at org.springframework.aop.framework.ReflectiveMethodInvocation.proceed(ReflectiveMethodInvocation.java:186)
	at org.springframework.aop.framework.CglibAopProxy$CglibMethodInvocation.proceed(CglibAopProxy.java:749)
	at org.springframework.transaction.interceptor.TransactionAspectSupport.invokeWithinTransaction(TransactionAspectSupport.java:367)
	at org.springframework.transaction.interceptor.TransactionInterceptor.invoke(TransactionInterceptor.java:118)
	at org.springframework.aop.framework.ReflectiveMethodInvocation.proceed(ReflectiveMethodInvocation.java:186)
	at org.springframework.aop.framework.CglibAopProxy$CglibMethodInvocation.proceed(CglibAopProxy.java:749)
	at org.springframework.aop.framework.CglibAopProxy$DynamicAdvisedInterceptor.intercept(CglibAopProxy.java:691)
	at com.mock.example.modules.entrance.repository.impl.CeProfessionRepoImpl$$EnhancerBySpringCGLIB$$5545b719.saveBatch(<generated>)
	at com.mock.example.modules.entrance.service.CeCollegeService.processImportBatch(CeCollegeService.java:221)
	at com.mock.example.modules.entrance.service.CeCollegeService.lambda$importCollegeDataAsync$6(CeCollegeService.java:133)
	at com.mock.example.common.utils.ExcelUtil$1.handle(ExcelUtil.java:261)
	at cn.hutool.poi.excel.sax.Excel07SaxReader.endElement(Excel07SaxReader.java:259)
	at org.apache.xerces.parsers.AbstractSAXParser.endElement(Unknown Source)
	at org.apache.xerces.impl.XMLNSDocumentScannerImpl.scanEndElement(Unknown Source)
	at org.apache.xerces.impl.XMLDocumentFragmentScannerImpl$FragmentContentDispatcher.dispatch(Unknown Source)
	at org.apache.xerces.impl.XMLDocumentFragmentScannerImpl.scanDocument(Unknown Source)
	at org.apache.xerces.parsers.XML11Configuration.parse(Unknown Source)
	at org.apache.xerces.parsers.XML11Configuration.parse(Unknown Source)
	at org.apache.xerces.parsers.XMLParser.parse(Unknown Source)
	at org.apache.xerces.parsers.AbstractSAXParser.parse(Unknown Source)
	at cn.hutool.poi.excel.sax.Excel07SaxReader.parse(Excel07SaxReader.java:337)
	at cn.hutool.poi.excel.sax.Excel07SaxReader.read(Excel07SaxReader.java:152)
	at cn.hutool.poi.excel.sax.Excel07SaxReader.read(Excel07SaxReader.java:122)
	at cn.hutool.poi.excel.ExcelUtil.read07BySax(ExcelUtil.java:84)
	at cn.hutool.poi.excel.ExcelUtil.readBySax(ExcelUtil.java:67)
	at cn.hutool.poi.excel.ExcelUtil.readBySax(ExcelUtil.java:53)
	at com.mock.example.common.utils.ExcelUtil.importExcelStreaming(ExcelUtil.java:186)
	at com.mock.example.modules.entrance.service.CeCollegeService.importCollegeDataAsync(CeCollegeService.java:132)
	at com.mock.example.modules.entrance.service.CeCollegeService$$FastClassBySpringCGLIB$$f1f9cc0f.invoke(<generated>)
	at org.springframework.cglib.proxy.MethodProxy.invoke(MethodProxy.java:218)
	at org.springframework.aop.framework.CglibAopProxy$CglibMethodInvocation.invokeJoinpoint(CglibAopProxy.java:771)
	at org.springframework.aop.framework.ReflectiveMethodInvocation.proceed(ReflectiveMethodInvocation.java:163)
	at org.springframework.aop.framework.CglibAopProxy$CglibMethodInvocation.proceed(CglibAopProxy.java:749)
	at org.springframework.transaction.interceptor.TransactionAspectSupport.invokeWithinTransaction(TransactionAspectSupport.java:367)
	at org.springframework.transaction.interceptor.TransactionInterceptor.invoke(TransactionInterceptor.java:118)
	at org.springframework.aop.framework.ReflectiveMethodInvocation.proceed(ReflectiveMethodInvocation.java:186)
	at org.springframework.aop.framework.CglibAopProxy$CglibMethodInvocation.proceed(CglibAopProxy.java:749)
	at org.springframework.aop.interceptor.AsyncExecutionInterceptor.lambda$invoke$0(AsyncExecutionInterceptor.java:115)
	at java.util.concurrent.FutureTask.run(FutureTask.java:266)
	at java.util.concurrent.ThreadPoolExecutor.runWorker(ThreadPoolExecutor.java:1149)
	at java.util.concurrent.ThreadPoolExecutor$Worker.run(ThreadPoolExecutor.java:624)
	at java.lang.Thread.run(Thread.java:750)
Caused by: java.sql.BatchUpdateException: Data truncation: Data too long for column 'profession_name' at row 236
	at sun.reflect.NativeConstructorAccessorImpl.newInstance0(Native Method)
	at sun.reflect.NativeConstructorAccessorImpl.newInstance(NativeConstructorAccessorImpl.java:62)
	at sun.reflect.DelegatingConstructorAccessorImpl.newInstance(DelegatingConstructorAccessorImpl.java:45)
	at java.lang.reflect.Constructor.newInstance(Constructor.java:423)
	at com.mysql.cj.util.Util.handleNewInstance(Util.java:192)
	at com.mysql.cj.util.Util.getInstance(Util.java:167)
	at com.mysql.cj.util.Util.getInstance(Util.java:174)
	at com.mysql.cj.jdbc.exceptions.SQLError.createBatchUpdateException(SQLError.java:224)
	at com.mysql.cj.jdbc.ClientPreparedStatement.executeBatchedInserts(ClientPreparedStatement.java:755)
	at com.mysql.cj.jdbc.ClientPreparedStatement.executeBatchInternal(ClientPreparedStatement.java:426)
	at com.mysql.cj.jdbc.StatementImpl.executeBatch(StatementImpl.java:796)
	at com.alibaba.druid.filter.FilterChainImpl.statement_executeBatch(FilterChainImpl.java:3066)
	at com.alibaba.druid.filter.FilterAdapter.statement_executeBatch(FilterAdapter.java:2496)
	at com.alibaba.druid.filter.FilterEventAdapter.statement_executeBatch(FilterEventAdapter.java:279)
	at com.alibaba.druid.filter.FilterChainImpl.statement_executeBatch(FilterChainImpl.java:3064)
	at com.alibaba.druid.proxy.jdbc.StatementProxyImpl.executeBatch(StatementProxyImpl.java:202)
	at com.alibaba.druid.pool.DruidPooledPreparedStatement.executeBatch(DruidPooledPreparedStatement.java:566)
	at sun.reflect.GeneratedMethodAccessor205.invoke(Unknown Source)
	at sun.reflect.DelegatingMethodAccessorImpl.invoke(DelegatingMethodAccessorImpl.java:43)
	at java.lang.reflect.Method.invoke(Method.java:498)
	at org.apache.ibatis.logging.jdbc.PreparedStatementLogger.invoke(PreparedStatementLogger.java:78)
	at com.sun.proxy.$Proxy151.executeBatch(Unknown Source)
	at com.baomidou.mybatisplus.core.executor.MybatisBatchExecutor.doFlushStatements(MybatisBatchExecutor.java:135)
	at org.apache.ibatis.executor.BaseExecutor.flushStatements(BaseExecutor.java:129)
	at org.apache.ibatis.executor.BaseExecutor.flushStatements(BaseExecutor.java:122)
	at com.baomidou.mybatisplus.core.executor.MybatisCachingExecutor.flushStatements(MybatisCachingExecutor.java:218)
	at sun.reflect.GeneratedMethodAccessor206.invoke(Unknown Source)
	at sun.reflect.DelegatingMethodAccessorImpl.invoke(DelegatingMethodAccessorImpl.java:43)
	at java.lang.reflect.Method.invoke(Method.java:498)
	at org.apache.ibatis.plugin.Plugin.invoke(Plugin.java:64)
	at com.sun.proxy.$Proxy148.flushStatements(Unknown Source)
	at sun.reflect.GeneratedMethodAccessor206.invoke(Unknown Source)
	at sun.reflect.DelegatingMethodAccessorImpl.invoke(DelegatingMethodAccessorImpl.java:43)
	at java.lang.reflect.Method.invoke(Method.java:498)
	at org.apache.ibatis.plugin.Plugin.invoke(Plugin.java:64)
	at com.sun.proxy.$Proxy148.flushStatements(Unknown Source)
	at org.apache.ibatis.session.defaults.DefaultSqlSession.flushStatements(DefaultSqlSession.java:249)
	at com.baomidou.mybatisplus.extension.toolkit.SqlHelper.lambda$executeBatch$0(SqlHelper.java:217)
	at com.baomidou.mybatisplus.extension.toolkit.SqlHelper.executeBatch(SqlHelper.java:179)
	... 51 common frames omitted
Caused by: com.mysql.cj.jdbc.exceptions.MysqlDataTruncation: Data truncation: Data too long for column 'profession_name' at row 236
	at com.mysql.cj.jdbc.exceptions.SQLExceptionsMapping.translateException(SQLExceptionsMapping.java:104)
	at com.mysql.cj.jdbc.ClientPreparedStatement.executeInternal(ClientPreparedStatement.java:953)
	at com.mysql.cj.jdbc.ClientPreparedStatement.executeUpdateInternal(ClientPreparedStatement.java:1092)
	at com.mysql.cj.jdbc.ClientPreparedStatement.executeUpdateInternal(ClientPreparedStatement.java:1040)
	at com.mysql.cj.jdbc.ClientPreparedStatement.executeLargeUpdate(ClientPreparedStatement.java:1347)
	at com.mysql.cj.jdbc.ClientPreparedStatement.executeBatchedInserts(ClientPreparedStatement.java:716)
	... 81 common frames omitted
2026-04-17 17:15:25.012 [[36mthreadPoolTaskExecutor-1[0;39m] [[1;31mERROR[0;39m] [[32mcom.mock.example.common.utils.ExcelUtil[0;39m]: 流式解析 Excel 行失败: rowIndex=42013
org.springframework.dao.DataIntegrityViolationException: com.mock.example.modules.entrance.mapper.CeProfessionMapper.insert (batch index #5) failed. 4 prior sub executor(s) completed successfully, but will be rolled back. Cause: java.sql.BatchUpdateException: Data truncation: Data too long for column 'profession_name' at row 137
; Data truncation: Data too long for column 'profession_name' at row 137; nested exception is java.sql.BatchUpdateException: Data truncation: Data too long for column 'profession_name' at row 137
	at org.springframework.jdbc.support.SQLStateSQLExceptionTranslator.doTranslate(SQLStateSQLExceptionTranslator.java:104)
	at org.springframework.jdbc.support.AbstractFallbackSQLExceptionTranslator.translate(AbstractFallbackSQLExceptionTranslator.java:72)
	at org.springframework.jdbc.support.AbstractFallbackSQLExceptionTranslator.translate(AbstractFallbackSQLExceptionTranslator.java:81)
	at org.springframework.jdbc.support.AbstractFallbackSQLExceptionTranslator.translate(AbstractFallbackSQLExceptionTranslator.java:81)
	at org.mybatis.spring.MyBatisExceptionTranslator.translateExceptionIfPossible(MyBatisExceptionTranslator.java:88)
	at com.baomidou.mybatisplus.extension.toolkit.SqlHelper.executeBatch(SqlHelper.java:189)
	at com.baomidou.mybatisplus.extension.toolkit.SqlHelper.executeBatch(SqlHelper.java:211)
	at com.baomidou.mybatisplus.extension.service.impl.ServiceImpl.executeBatch(ServiceImpl.java:234)
	at com.baomidou.mybatisplus.extension.service.impl.ServiceImpl.saveBatch(ServiceImpl.java:130)
	at com.baomidou.mybatisplus.extension.service.impl.ServiceImpl$$FastClassBySpringCGLIB$$76535273.invoke(<generated>)
	at org.springframework.cglib.proxy.MethodProxy.invoke(MethodProxy.java:218)
	at org.springframework.aop.framework.CglibAopProxy$CglibMethodInvocation.invokeJoinpoint(CglibAopProxy.java:771)
	at org.springframework.aop.framework.ReflectiveMethodInvocation.proceed(ReflectiveMethodInvocation.java:163)
	at org.springframework.aop.framework.CglibAopProxy$CglibMethodInvocation.proceed(CglibAopProxy.java:749)
	at org.springframework.dao.support.PersistenceExceptionTranslationInterceptor.invoke(PersistenceExceptionTranslationInterceptor.java:139)
	at org.springframework.aop.framework.ReflectiveMethodInvocation.proceed(ReflectiveMethodInvocation.java:186)
	at org.springframework.aop.framework.CglibAopProxy$CglibMethodInvocation.proceed(CglibAopProxy.java:749)
	at org.springframework.transaction.interceptor.TransactionAspectSupport.invokeWithinTransaction(TransactionAspectSupport.java:367)
	at org.springframework.transaction.interceptor.TransactionInterceptor.invoke(TransactionInterceptor.java:118)
	at org.springframework.aop.framework.ReflectiveMethodInvocation.proceed(ReflectiveMethodInvocation.java:186)
	at org.springframework.aop.framework.CglibAopProxy$CglibMethodInvocation.proceed(CglibAopProxy.java:749)
	at org.springframework.aop.framework.CglibAopProxy$DynamicAdvisedInterceptor.intercept(CglibAopProxy.java:691)
	at com.mock.example.modules.entrance.repository.impl.CeProfessionRepoImpl$$EnhancerBySpringCGLIB$$5545b719.saveBatch(<generated>)
	at com.mock.example.modules.entrance.service.CeCollegeService.processImportBatch(CeCollegeService.java:221)
	at com.mock.example.modules.entrance.service.CeCollegeService.lambda$importCollegeDataAsync$6(CeCollegeService.java:133)
	at com.mock.example.common.utils.ExcelUtil$1.handle(ExcelUtil.java:261)
	at cn.hutool.poi.excel.sax.Excel07SaxReader.endElement(Excel07SaxReader.java:259)
	at org.apache.xerces.parsers.AbstractSAXParser.endElement(Unknown Source)
	at org.apache.xerces.impl.XMLNSDocumentScannerImpl.scanEndElement(Unknown Source)
	at org.apache.xerces.impl.XMLDocumentFragmentScannerImpl$FragmentContentDispatcher.dispatch(Unknown Source)
	at org.apache.xerces.impl.XMLDocumentFragmentScannerImpl.scanDocument(Unknown Source)
	at org.apache.xerces.parsers.XML11Configuration.parse(Unknown Source)
	at org.apache.xerces.parsers.XML11Configuration.parse(Unknown Source)
	at org.apache.xerces.parsers.XMLParser.parse(Unknown Source)
	at org.apache.xerces.parsers.AbstractSAXParser.parse(Unknown Source)
	at cn.hutool.poi.excel.sax.Excel07SaxReader.parse(Excel07SaxReader.java:337)
	at cn.hutool.poi.excel.sax.Excel07SaxReader.read(Excel07SaxReader.java:152)
	at cn.hutool.poi.excel.sax.Excel07SaxReader.read(Excel07SaxReader.java:122)
	at cn.hutool.poi.excel.ExcelUtil.read07BySax(ExcelUtil.java:84)
	at cn.hutool.poi.excel.ExcelUtil.readBySax(ExcelUtil.java:67)
	at cn.hutool.poi.excel.ExcelUtil.readBySax(ExcelUtil.java:53)
	at com.mock.example.common.utils.ExcelUtil.importExcelStreaming(ExcelUtil.java:186)
	at com.mock.example.modules.entrance.service.CeCollegeService.importCollegeDataAsync(CeCollegeService.java:132)
	at com.mock.example.modules.entrance.service.CeCollegeService$$FastClassBySpringCGLIB$$f1f9cc0f.invoke(<generated>)
	at org.springframework.cglib.proxy.MethodProxy.invoke(MethodProxy.java:218)
	at org.springframework.aop.framework.CglibAopProxy$CglibMethodInvocation.invokeJoinpoint(CglibAopProxy.java:771)
	at org.springframework.aop.framework.ReflectiveMethodInvocation.proceed(ReflectiveMethodInvocation.java:163)
	at org.springframework.aop.framework.CglibAopProxy$CglibMethodInvocation.proceed(CglibAopProxy.java:749)
	at org.springframework.transaction.interceptor.TransactionAspectSupport.invokeWithinTransaction(TransactionAspectSupport.java:367)
	at org.springframework.transaction.interceptor.TransactionInterceptor.invoke(TransactionInterceptor.java:118)
	at org.springframework.aop.framework.ReflectiveMethodInvocation.proceed(ReflectiveMethodInvocation.java:186)
	at org.springframework.aop.framework.CglibAopProxy$CglibMethodInvocation.proceed(CglibAopProxy.java:749)
	at org.springframework.aop.interceptor.AsyncExecutionInterceptor.lambda$invoke$0(AsyncExecutionInterceptor.java:115)
	at java.util.concurrent.FutureTask.run(FutureTask.java:266)
	at java.util.concurrent.ThreadPoolExecutor.runWorker(ThreadPoolExecutor.java:1149)
	at java.util.concurrent.ThreadPoolExecutor$Worker.run(ThreadPoolExecutor.java:624)
	at java.lang.Thread.run(Thread.java:750)
Caused by: java.sql.BatchUpdateException: Data truncation: Data too long for column 'profession_name' at row 137
	at sun.reflect.NativeConstructorAccessorImpl.newInstance0(Native Method)
	at sun.reflect.NativeConstructorAccessorImpl.newInstance(NativeConstructorAccessorImpl.java:62)
	at sun.reflect.DelegatingConstructorAccessorImpl.newInstance(DelegatingConstructorAccessorImpl.java:45)
	at java.lang.reflect.Constructor.newInstance(Constructor.java:423)
	at com.mysql.cj.util.Util.handleNewInstance(Util.java:192)
	at com.mysql.cj.util.Util.getInstance(Util.java:167)
	at com.mysql.cj.util.Util.getInstance(Util.java:174)
	at com.mysql.cj.jdbc.exceptions.SQLError.createBatchUpdateException(SQLError.java:224)
	at com.mysql.cj.jdbc.ClientPreparedStatement.executeBatchedInserts(ClientPreparedStatement.java:755)
	at com.mysql.cj.jdbc.ClientPreparedStatement.executeBatchInternal(ClientPreparedStatement.java:426)
	at com.mysql.cj.jdbc.StatementImpl.executeBatch(StatementImpl.java:796)
	at com.alibaba.druid.filter.FilterChainImpl.statement_executeBatch(FilterChainImpl.java:3066)
	at com.alibaba.druid.filter.FilterAdapter.statement_executeBatch(FilterAdapter.java:2496)
	at com.alibaba.druid.filter.FilterEventAdapter.statement_executeBatch(FilterEventAdapter.java:279)
	at com.alibaba.druid.filter.FilterChainImpl.statement_executeBatch(FilterChainImpl.java:3064)
	at com.alibaba.druid.proxy.jdbc.StatementProxyImpl.executeBatch(StatementProxyImpl.java:202)
	at com.alibaba.druid.pool.DruidPooledPreparedStatement.executeBatch(DruidPooledPreparedStatement.java:566)
	at sun.reflect.GeneratedMethodAccessor205.invoke(Unknown Source)
	at sun.reflect.DelegatingMethodAccessorImpl.invoke(DelegatingMethodAccessorImpl.java:43)
	at java.lang.reflect.Method.invoke(Method.java:498)
	at org.apache.ibatis.logging.jdbc.PreparedStatementLogger.invoke(PreparedStatementLogger.java:78)
	at com.sun.proxy.$Proxy151.executeBatch(Unknown Source)
	at com.baomidou.mybatisplus.core.executor.MybatisBatchExecutor.doFlushStatements(MybatisBatchExecutor.java:135)
	at org.apache.ibatis.executor.BaseExecutor.flushStatements(BaseExecutor.java:129)
	at org.apache.ibatis.executor.BaseExecutor.flushStatements(BaseExecutor.java:122)
	at com.baomidou.mybatisplus.core.executor.MybatisCachingExecutor.flushStatements(MybatisCachingExecutor.java:218)
	at sun.reflect.GeneratedMethodAccessor206.invoke(Unknown Source)
	at sun.reflect.DelegatingMethodAccessorImpl.invoke(DelegatingMethodAccessorImpl.java:43)
	at java.lang.reflect.Method.invoke(Method.java:498)
	at org.apache.ibatis.plugin.Plugin.invoke(Plugin.java:64)
	at com.sun.proxy.$Proxy148.flushStatements(Unknown Source)
	at sun.reflect.GeneratedMethodAccessor206.invoke(Unknown Source)
	at sun.reflect.DelegatingMethodAccessorImpl.invoke(DelegatingMethodAccessorImpl.java:43)
	at java.lang.reflect.Method.invoke(Method.java:498)
	at org.apache.ibatis.plugin.Plugin.invoke(Plugin.java:64)
	at com.sun.proxy.$Proxy148.flushStatements(Unknown Source)
	at org.apache.ibatis.session.defaults.DefaultSqlSession.flushStatements(DefaultSqlSession.java:249)
	at com.baomidou.mybatisplus.extension.toolkit.SqlHelper.lambda$executeBatch$0(SqlHelper.java:217)
	at com.baomidou.mybatisplus.extension.toolkit.SqlHelper.executeBatch(SqlHelper.java:179)
	... 51 common frames omitted
Caused by: com.mysql.cj.jdbc.exceptions.MysqlDataTruncation: Data truncation: Data too long for column 'profession_name' at row 137
	at com.mysql.cj.jdbc.exceptions.SQLExceptionsMapping.translateException(SQLExceptionsMapping.java:104)
	at com.mysql.cj.jdbc.ClientPreparedStatement.executeInternal(ClientPreparedStatement.java:953)
	at com.mysql.cj.jdbc.ClientPreparedStatement.executeUpdateInternal(ClientPreparedStatement.java:1092)
	at com.mysql.cj.jdbc.ClientPreparedStatement.executeUpdateInternal(ClientPreparedStatement.java:1040)
	at com.mysql.cj.jdbc.ClientPreparedStatement.executeLargeUpdate(ClientPreparedStatement.java:1347)
	at com.mysql.cj.jdbc.ClientPreparedStatement.executeBatchedInserts(ClientPreparedStatement.java:716)
	... 81 common frames omitted
2026-04-17 17:15:26.797 [[36mthreadPoolTaskExecutor-1[0;39m] [[1;31mERROR[0;39m] [[32mcom.mock.example.common.utils.ExcelUtil[0;39m]: 流式解析 Excel 行失败: rowIndex=44014
org.springframework.dao.DataIntegrityViolationException: com.mock.example.modules.entrance.mapper.CeProfessionMapper.insert (batch index #9) failed. 8 prior sub executor(s) completed successfully, but will be rolled back. Cause: java.sql.BatchUpdateException: Data truncation: Data too long for column 'profession_name' at row 181
; Data truncation: Data too long for column 'profession_name' at row 181; nested exception is java.sql.BatchUpdateException: Data truncation: Data too long for column 'profession_name' at row 181
	at org.springframework.jdbc.support.SQLStateSQLExceptionTranslator.doTranslate(SQLStateSQLExceptionTranslator.java:104)
	at org.springframework.jdbc.support.AbstractFallbackSQLExceptionTranslator.translate(AbstractFallbackSQLExceptionTranslator.java:72)
	at org.springframework.jdbc.support.AbstractFallbackSQLExceptionTranslator.translate(AbstractFallbackSQLExceptionTranslator.java:81)
	at org.springframework.jdbc.support.AbstractFallbackSQLExceptionTranslator.translate(AbstractFallbackSQLExceptionTranslator.java:81)
	at org.mybatis.spring.MyBatisExceptionTranslator.translateExceptionIfPossible(MyBatisExceptionTranslator.java:88)
	at com.baomidou.mybatisplus.extension.toolkit.SqlHelper.executeBatch(SqlHelper.java:189)
	at com.baomidou.mybatisplus.extension.toolkit.SqlHelper.executeBatch(SqlHelper.java:211)
	at com.baomidou.mybatisplus.extension.service.impl.ServiceImpl.executeBatch(ServiceImpl.java:234)
	at com.baomidou.mybatisplus.extension.service.impl.ServiceImpl.saveBatch(ServiceImpl.java:130)
	at com.baomidou.mybatisplus.extension.service.impl.ServiceImpl$$FastClassBySpringCGLIB$$76535273.invoke(<generated>)
	at org.springframework.cglib.proxy.MethodProxy.invoke(MethodProxy.java:218)
	at org.springframework.aop.framework.CglibAopProxy$CglibMethodInvocation.invokeJoinpoint(CglibAopProxy.java:771)
	at org.springframework.aop.framework.ReflectiveMethodInvocation.proceed(ReflectiveMethodInvocation.java:163)
	at org.springframework.aop.framework.CglibAopProxy$CglibMethodInvocation.proceed(CglibAopProxy.java:749)
	at org.springframework.dao.support.PersistenceExceptionTranslationInterceptor.invoke(PersistenceExceptionTranslationInterceptor.java:139)
	at org.springframework.aop.framework.ReflectiveMethodInvocation.proceed(ReflectiveMethodInvocation.java:186)
	at org.springframework.aop.framework.CglibAopProxy$CglibMethodInvocation.proceed(CglibAopProxy.java:749)
	at org.springframework.transaction.interceptor.TransactionAspectSupport.invokeWithinTransaction(TransactionAspectSupport.java:367)
	at org.springframework.transaction.interceptor.TransactionInterceptor.invoke(TransactionInterceptor.java:118)
	at org.springframework.aop.framework.ReflectiveMethodInvocation.proceed(ReflectiveMethodInvocation.java:186)
	at org.springframework.aop.framework.CglibAopProxy$CglibMethodInvocation.proceed(CglibAopProxy.java:749)
	at org.springframework.aop.framework.CglibAopProxy$DynamicAdvisedInterceptor.intercept(CglibAopProxy.java:691)
	at com.mock.example.modules.entrance.repository.impl.CeProfessionRepoImpl$$EnhancerBySpringCGLIB$$5545b719.saveBatch(<generated>)
	at com.mock.example.modules.entrance.service.CeCollegeService.processImportBatch(CeCollegeService.java:221)
	at com.mock.example.modules.entrance.service.CeCollegeService.lambda$importCollegeDataAsync$6(CeCollegeService.java:133)
	at com.mock.example.common.utils.ExcelUtil$1.handle(ExcelUtil.java:261)
	at cn.hutool.poi.excel.sax.Excel07SaxReader.endElement(Excel07SaxReader.java:259)
	at org.apache.xerces.parsers.AbstractSAXParser.endElement(Unknown Source)
	at org.apache.xerces.impl.XMLNSDocumentScannerImpl.scanEndElement(Unknown Source)
	at org.apache.xerces.impl.XMLDocumentFragmentScannerImpl$FragmentContentDispatcher.dispatch(Unknown Source)
	at org.apache.xerces.impl.XMLDocumentFragmentScannerImpl.scanDocument(Unknown Source)
	at org.apache.xerces.parsers.XML11Configuration.parse(Unknown Source)
	at org.apache.xerces.parsers.XML11Configuration.parse(Unknown Source)
	at org.apache.xerces.parsers.XMLParser.parse(Unknown Source)
	at org.apache.xerces.parsers.AbstractSAXParser.parse(Unknown Source)
	at cn.hutool.poi.excel.sax.Excel07SaxReader.parse(Excel07SaxReader.java:337)
	at cn.hutool.poi.excel.sax.Excel07SaxReader.read(Excel07SaxReader.java:152)
	at cn.hutool.poi.excel.sax.Excel07SaxReader.read(Excel07SaxReader.java:122)
	at cn.hutool.poi.excel.ExcelUtil.read07BySax(ExcelUtil.java:84)
	at cn.hutool.poi.excel.ExcelUtil.readBySax(ExcelUtil.java:67)
	at cn.hutool.poi.excel.ExcelUtil.readBySax(ExcelUtil.java:53)
	at com.mock.example.common.utils.ExcelUtil.importExcelStreaming(ExcelUtil.java:186)
	at com.mock.example.modules.entrance.service.CeCollegeService.importCollegeDataAsync(CeCollegeService.java:132)
	at com.mock.example.modules.entrance.service.CeCollegeService$$FastClassBySpringCGLIB$$f1f9cc0f.invoke(<generated>)
	at org.springframework.cglib.proxy.MethodProxy.invoke(MethodProxy.java:218)
	at org.springframework.aop.framework.CglibAopProxy$CglibMethodInvocation.invokeJoinpoint(CglibAopProxy.java:771)
	at org.springframework.aop.framework.ReflectiveMethodInvocation.proceed(ReflectiveMethodInvocation.java:163)
	at org.springframework.aop.framework.CglibAopProxy$CglibMethodInvocation.proceed(CglibAopProxy.java:749)
	at org.springframework.transaction.interceptor.TransactionAspectSupport.invokeWithinTransaction(TransactionAspectSupport.java:367)
	at org.springframework.transaction.interceptor.TransactionInterceptor.invoke(TransactionInterceptor.java:118)
	at org.springframework.aop.framework.ReflectiveMethodInvocation.proceed(ReflectiveMethodInvocation.java:186)
	at org.springframework.aop.framework.CglibAopProxy$CglibMethodInvocation.proceed(CglibAopProxy.java:749)
	at org.springframework.aop.interceptor.AsyncExecutionInterceptor.lambda$invoke$0(AsyncExecutionInterceptor.java:115)
	at java.util.concurrent.FutureTask.run(FutureTask.java:266)
	at java.util.concurrent.ThreadPoolExecutor.runWorker(ThreadPoolExecutor.java:1149)
	at java.util.concurrent.ThreadPoolExecutor$Worker.run(ThreadPoolExecutor.java:624)
	at java.lang.Thread.run(Thread.java:750)
Caused by: java.sql.BatchUpdateException: Data truncation: Data too long for column 'profession_name' at row 181
	at sun.reflect.NativeConstructorAccessorImpl.newInstance0(Native Method)
	at sun.reflect.NativeConstructorAccessorImpl.newInstance(NativeConstructorAccessorImpl.java:62)
	at sun.reflect.DelegatingConstructorAccessorImpl.newInstance(DelegatingConstructorAccessorImpl.java:45)
	at java.lang.reflect.Constructor.newInstance(Constructor.java:423)
	at com.mysql.cj.util.Util.handleNewInstance(Util.java:192)
	at com.mysql.cj.util.Util.getInstance(Util.java:167)
	at com.mysql.cj.util.Util.getInstance(Util.java:174)
	at com.mysql.cj.jdbc.exceptions.SQLError.createBatchUpdateException(SQLError.java:224)
	at com.mysql.cj.jdbc.ClientPreparedStatement.executeBatchedInserts(ClientPreparedStatement.java:755)
	at com.mysql.cj.jdbc.ClientPreparedStatement.executeBatchInternal(ClientPreparedStatement.java:426)
	at com.mysql.cj.jdbc.StatementImpl.executeBatch(StatementImpl.java:796)
	at com.alibaba.druid.filter.FilterChainImpl.statement_executeBatch(FilterChainImpl.java:3066)
	at com.alibaba.druid.filter.FilterAdapter.statement_executeBatch(FilterAdapter.java:2496)
	at com.alibaba.druid.filter.FilterEventAdapter.statement_executeBatch(FilterEventAdapter.java:279)
	at com.alibaba.druid.filter.FilterChainImpl.statement_executeBatch(FilterChainImpl.java:3064)
	at com.alibaba.druid.proxy.jdbc.StatementProxyImpl.executeBatch(StatementProxyImpl.java:202)
	at com.alibaba.druid.pool.DruidPooledPreparedStatement.executeBatch(DruidPooledPreparedStatement.java:566)
	at sun.reflect.GeneratedMethodAccessor205.invoke(Unknown Source)
	at sun.reflect.DelegatingMethodAccessorImpl.invoke(DelegatingMethodAccessorImpl.java:43)
	at java.lang.reflect.Method.invoke(Method.java:498)
	at org.apache.ibatis.logging.jdbc.PreparedStatementLogger.invoke(PreparedStatementLogger.java:78)
	at com.sun.proxy.$Proxy151.executeBatch(Unknown Source)
	at com.baomidou.mybatisplus.core.executor.MybatisBatchExecutor.doFlushStatements(MybatisBatchExecutor.java:135)
	at org.apache.ibatis.executor.BaseExecutor.flushStatements(BaseExecutor.java:129)
	at org.apache.ibatis.executor.BaseExecutor.flushStatements(BaseExecutor.java:122)
	at com.baomidou.mybatisplus.core.executor.MybatisCachingExecutor.flushStatements(MybatisCachingExecutor.java:218)
	at sun.reflect.GeneratedMethodAccessor206.invoke(Unknown Source)
	at sun.reflect.DelegatingMethodAccessorImpl.invoke(DelegatingMethodAccessorImpl.java:43)
	at java.lang.reflect.Method.invoke(Method.java:498)
	at org.apache.ibatis.plugin.Plugin.invoke(Plugin.java:64)
	at com.sun.proxy.$Proxy148.flushStatements(Unknown Source)
	at sun.reflect.GeneratedMethodAccessor206.invoke(Unknown Source)
	at sun.reflect.DelegatingMethodAccessorImpl.invoke(DelegatingMethodAccessorImpl.java:43)
	at java.lang.reflect.Method.invoke(Method.java:498)
	at org.apache.ibatis.plugin.Plugin.invoke(Plugin.java:64)
	at com.sun.proxy.$Proxy148.flushStatements(Unknown Source)
	at org.apache.ibatis.session.defaults.DefaultSqlSession.flushStatements(DefaultSqlSession.java:249)
	at com.baomidou.mybatisplus.extension.toolkit.SqlHelper.lambda$executeBatch$0(SqlHelper.java:217)
	at com.baomidou.mybatisplus.extension.toolkit.SqlHelper.executeBatch(SqlHelper.java:179)
	... 51 common frames omitted
Caused by: com.mysql.cj.jdbc.exceptions.MysqlDataTruncation: Data truncation: Data too long for column 'profession_name' at row 181
	at com.mysql.cj.jdbc.exceptions.SQLExceptionsMapping.translateException(SQLExceptionsMapping.java:104)
	at com.mysql.cj.jdbc.ClientPreparedStatement.executeInternal(ClientPreparedStatement.java:953)
	at com.mysql.cj.jdbc.ClientPreparedStatement.executeUpdateInternal(ClientPreparedStatement.java:1092)
	at com.mysql.cj.jdbc.ClientPreparedStatement.executeUpdateInternal(ClientPreparedStatement.java:1040)
	at com.mysql.cj.jdbc.ClientPreparedStatement.executeLargeUpdate(ClientPreparedStatement.java:1347)
	at com.mysql.cj.jdbc.ClientPreparedStatement.executeBatchedInserts(ClientPreparedStatement.java:716)
	... 81 common frames omitted
2026-04-17 17:15:28.811 [[36mthreadPoolTaskExecutor-1[0;39m] [[1;31mERROR[0;39m] [[32mcom.mock.example.common.utils.ExcelUtil[0;39m]: 流式解析 Excel 行失败: rowIndex=46015
org.springframework.dao.DataIntegrityViolationException: com.mock.example.modules.entrance.mapper.CeProfessionMapper.insert (batch index #35) failed. 34 prior sub executor(s) completed successfully, but will be rolled back. Cause: java.sql.BatchUpdateException: Data truncation: Data too long for column 'profession_name' at row 303
; Data truncation: Data too long for column 'profession_name' at row 303; nested exception is java.sql.BatchUpdateException: Data truncation: Data too long for column 'profession_name' at row 303
	at org.springframework.jdbc.support.SQLStateSQLExceptionTranslator.doTranslate(SQLStateSQLExceptionTranslator.java:104)
	at org.springframework.jdbc.support.AbstractFallbackSQLExceptionTranslator.translate(AbstractFallbackSQLExceptionTranslator.java:72)
	at org.springframework.jdbc.support.AbstractFallbackSQLExceptionTranslator.translate(AbstractFallbackSQLExceptionTranslator.java:81)
	at org.springframework.jdbc.support.AbstractFallbackSQLExceptionTranslator.translate(AbstractFallbackSQLExceptionTranslator.java:81)
	at org.mybatis.spring.MyBatisExceptionTranslator.translateExceptionIfPossible(MyBatisExceptionTranslator.java:88)
	at com.baomidou.mybatisplus.extension.toolkit.SqlHelper.executeBatch(SqlHelper.java:189)
	at com.baomidou.mybatisplus.extension.toolkit.SqlHelper.executeBatch(SqlHelper.java:211)
	at com.baomidou.mybatisplus.extension.service.impl.ServiceImpl.executeBatch(ServiceImpl.java:234)
	at com.baomidou.mybatisplus.extension.service.impl.ServiceImpl.saveBatch(ServiceImpl.java:130)
	at com.baomidou.mybatisplus.extension.service.impl.ServiceImpl$$FastClassBySpringCGLIB$$76535273.invoke(<generated>)
	at org.springframework.cglib.proxy.MethodProxy.invoke(MethodProxy.java:218)
	at org.springframework.aop.framework.CglibAopProxy$CglibMethodInvocation.invokeJoinpoint(CglibAopProxy.java:771)
	at org.springframework.aop.framework.ReflectiveMethodInvocation.proceed(ReflectiveMethodInvocation.java:163)
	at org.springframework.aop.framework.CglibAopProxy$CglibMethodInvocation.proceed(CglibAopProxy.java:749)
	at org.springframework.dao.support.PersistenceExceptionTranslationInterceptor.invoke(PersistenceExceptionTranslationInterceptor.java:139)
	at org.springframework.aop.framework.ReflectiveMethodInvocation.proceed(ReflectiveMethodInvocation.java:186)
	at org.springframework.aop.framework.CglibAopProxy$CglibMethodInvocation.proceed(CglibAopProxy.java:749)
	at org.springframework.transaction.interceptor.TransactionAspectSupport.invokeWithinTransaction(TransactionAspectSupport.java:367)
	at org.springframework.transaction.interceptor.TransactionInterceptor.invoke(TransactionInterceptor.java:118)
	at org.springframework.aop.framework.ReflectiveMethodInvocation.proceed(ReflectiveMethodInvocation.java:186)
	at org.springframework.aop.framework.CglibAopProxy$CglibMethodInvocation.proceed(CglibAopProxy.java:749)
	at org.springframework.aop.framework.CglibAopProxy$DynamicAdvisedInterceptor.intercept(CglibAopProxy.java:691)
	at com.mock.example.modules.entrance.repository.impl.CeProfessionRepoImpl$$EnhancerBySpringCGLIB$$5545b719.saveBatch(<generated>)
	at com.mock.example.modules.entrance.service.CeCollegeService.processImportBatch(CeCollegeService.java:221)
	at com.mock.example.modules.entrance.service.CeCollegeService.lambda$importCollegeDataAsync$6(CeCollegeService.java:133)
	at com.mock.example.common.utils.ExcelUtil$1.handle(ExcelUtil.java:261)
	at cn.hutool.poi.excel.sax.Excel07SaxReader.endElement(Excel07SaxReader.java:259)
	at org.apache.xerces.parsers.AbstractSAXParser.endElement(Unknown Source)
	at org.apache.xerces.impl.XMLNSDocumentScannerImpl.scanEndElement(Unknown Source)
	at org.apache.xerces.impl.XMLDocumentFragmentScannerImpl$FragmentContentDispatcher.dispatch(Unknown Source)
	at org.apache.xerces.impl.XMLDocumentFragmentScannerImpl.scanDocument(Unknown Source)
	at org.apache.xerces.parsers.XML11Configuration.parse(Unknown Source)
	at org.apache.xerces.parsers.XML11Configuration.parse(Unknown Source)
	at org.apache.xerces.parsers.XMLParser.parse(Unknown Source)
	at org.apache.xerces.parsers.AbstractSAXParser.parse(Unknown Source)
	at cn.hutool.poi.excel.sax.Excel07SaxReader.parse(Excel07SaxReader.java:337)
	at cn.hutool.poi.excel.sax.Excel07SaxReader.read(Excel07SaxReader.java:152)
	at cn.hutool.poi.excel.sax.Excel07SaxReader.read(Excel07SaxReader.java:122)
	at cn.hutool.poi.excel.ExcelUtil.read07BySax(ExcelUtil.java:84)
	at cn.hutool.poi.excel.ExcelUtil.readBySax(ExcelUtil.java:67)
	at cn.hutool.poi.excel.ExcelUtil.readBySax(ExcelUtil.java:53)
	at com.mock.example.common.utils.ExcelUtil.importExcelStreaming(ExcelUtil.java:186)
	at com.mock.example.modules.entrance.service.CeCollegeService.importCollegeDataAsync(CeCollegeService.java:132)
	at com.mock.example.modules.entrance.service.CeCollegeService$$FastClassBySpringCGLIB$$f1f9cc0f.invoke(<generated>)
	at org.springframework.cglib.proxy.MethodProxy.invoke(MethodProxy.java:218)
	at org.springframework.aop.framework.CglibAopProxy$CglibMethodInvocation.invokeJoinpoint(CglibAopProxy.java:771)
	at org.springframework.aop.framework.ReflectiveMethodInvocation.proceed(ReflectiveMethodInvocation.java:163)
	at org.springframework.aop.framework.CglibAopProxy$CglibMethodInvocation.proceed(CglibAopProxy.java:749)
	at org.springframework.transaction.interceptor.TransactionAspectSupport.invokeWithinTransaction(TransactionAspectSupport.java:367)
	at org.springframework.transaction.interceptor.TransactionInterceptor.invoke(TransactionInterceptor.java:118)
	at org.springframework.aop.framework.ReflectiveMethodInvocation.proceed(ReflectiveMethodInvocation.java:186)
	at org.springframework.aop.framework.CglibAopProxy$CglibMethodInvocation.proceed(CglibAopProxy.java:749)
	at org.springframework.aop.interceptor.AsyncExecutionInterceptor.lambda$invoke$0(AsyncExecutionInterceptor.java:115)
	at java.util.concurrent.FutureTask.run(FutureTask.java:266)
	at java.util.concurrent.ThreadPoolExecutor.runWorker(ThreadPoolExecutor.java:1149)
	at java.util.concurrent.ThreadPoolExecutor$Worker.run(ThreadPoolExecutor.java:624)
	at java.lang.Thread.run(Thread.java:750)
Caused by: java.sql.BatchUpdateException: Data truncation: Data too long for column 'profession_name' at row 303
	at sun.reflect.NativeConstructorAccessorImpl.newInstance0(Native Method)
	at sun.reflect.NativeConstructorAccessorImpl.newInstance(NativeConstructorAccessorImpl.java:62)
	at sun.reflect.DelegatingConstructorAccessorImpl.newInstance(DelegatingConstructorAccessorImpl.java:45)
	at java.lang.reflect.Constructor.newInstance(Constructor.java:423)
	at com.mysql.cj.util.Util.handleNewInstance(Util.java:192)
	at com.mysql.cj.util.Util.getInstance(Util.java:167)
	at com.mysql.cj.util.Util.getInstance(Util.java:174)
	at com.mysql.cj.jdbc.exceptions.SQLError.createBatchUpdateException(SQLError.java:224)
	at com.mysql.cj.jdbc.ClientPreparedStatement.executeBatchedInserts(ClientPreparedStatement.java:755)
	at com.mysql.cj.jdbc.ClientPreparedStatement.executeBatchInternal(ClientPreparedStatement.java:426)
	at com.mysql.cj.jdbc.StatementImpl.executeBatch(StatementImpl.java:796)
	at com.alibaba.druid.filter.FilterChainImpl.statement_executeBatch(FilterChainImpl.java:3066)
	at com.alibaba.druid.filter.FilterAdapter.statement_executeBatch(FilterAdapter.java:2496)
	at com.alibaba.druid.filter.FilterEventAdapter.statement_executeBatch(FilterEventAdapter.java:279)
	at com.alibaba.druid.filter.FilterChainImpl.statement_executeBatch(FilterChainImpl.java:3064)
	at com.alibaba.druid.proxy.jdbc.StatementProxyImpl.executeBatch(StatementProxyImpl.java:202)
	at com.alibaba.druid.pool.DruidPooledPreparedStatement.executeBatch(DruidPooledPreparedStatement.java:566)
	at sun.reflect.GeneratedMethodAccessor205.invoke(Unknown Source)
	at sun.reflect.DelegatingMethodAccessorImpl.invoke(DelegatingMethodAccessorImpl.java:43)
	at java.lang.reflect.Method.invoke(Method.java:498)
	at org.apache.ibatis.logging.jdbc.PreparedStatementLogger.invoke(PreparedStatementLogger.java:78)
	at com.sun.proxy.$Proxy151.executeBatch(Unknown Source)
	at com.baomidou.mybatisplus.core.executor.MybatisBatchExecutor.doFlushStatements(MybatisBatchExecutor.java:135)
	at org.apache.ibatis.executor.BaseExecutor.flushStatements(BaseExecutor.java:129)
	at org.apache.ibatis.executor.BaseExecutor.flushStatements(BaseExecutor.java:122)
	at com.baomidou.mybatisplus.core.executor.MybatisCachingExecutor.flushStatements(MybatisCachingExecutor.java:218)
	at sun.reflect.GeneratedMethodAccessor206.invoke(Unknown Source)
	at sun.reflect.DelegatingMethodAccessorImpl.invoke(DelegatingMethodAccessorImpl.java:43)
	at java.lang.reflect.Method.invoke(Method.java:498)
	at org.apache.ibatis.plugin.Plugin.invoke(Plugin.java:64)
	at com.sun.proxy.$Proxy148.flushStatements(Unknown Source)
	at sun.reflect.GeneratedMethodAccessor206.invoke(Unknown Source)
	at sun.reflect.DelegatingMethodAccessorImpl.invoke(DelegatingMethodAccessorImpl.java:43)
	at java.lang.reflect.Method.invoke(Method.java:498)
	at org.apache.ibatis.plugin.Plugin.invoke(Plugin.java:64)
	at com.sun.proxy.$Proxy148.flushStatements(Unknown Source)
	at org.apache.ibatis.session.defaults.DefaultSqlSession.flushStatements(DefaultSqlSession.java:249)
	at com.baomidou.mybatisplus.extension.toolkit.SqlHelper.lambda$executeBatch$0(SqlHelper.java:217)
	at com.baomidou.mybatisplus.extension.toolkit.SqlHelper.executeBatch(SqlHelper.java:179)
	... 51 common frames omitted
Caused by: com.mysql.cj.jdbc.exceptions.MysqlDataTruncation: Data truncation: Data too long for column 'profession_name' at row 303
	at com.mysql.cj.jdbc.exceptions.SQLExceptionsMapping.translateException(SQLExceptionsMapping.java:104)
	at com.mysql.cj.jdbc.ClientPreparedStatement.executeInternal(ClientPreparedStatement.java:953)
	at com.mysql.cj.jdbc.ClientPreparedStatement.executeUpdateInternal(ClientPreparedStatement.java:1092)
	at com.mysql.cj.jdbc.ClientPreparedStatement.executeUpdateInternal(ClientPreparedStatement.java:1040)
	at com.mysql.cj.jdbc.ClientPreparedStatement.executeLargeUpdate(ClientPreparedStatement.java:1347)
	at com.mysql.cj.jdbc.ClientPreparedStatement.executeBatchedInserts(ClientPreparedStatement.java:716)
	... 81 common frames omitted
2026-04-17 17:15:30.663 [[36mthreadPoolTaskExecutor-1[0;39m] [[1;31mERROR[0;39m] [[32mcom.mock.example.common.utils.ExcelUtil[0;39m]: 流式解析 Excel 行失败: rowIndex=48016
org.springframework.dao.DataIntegrityViolationException: com.mock.example.modules.entrance.mapper.CeProfessionMapper.insert (batch index #15) failed. 14 prior sub executor(s) completed successfully, but will be rolled back. Cause: java.sql.BatchUpdateException: Data truncation: Data too long for column 'profession_name' at row 457
; Data truncation: Data too long for column 'profession_name' at row 457; nested exception is java.sql.BatchUpdateException: Data truncation: Data too long for column 'profession_name' at row 457
	at org.springframework.jdbc.support.SQLStateSQLExceptionTranslator.doTranslate(SQLStateSQLExceptionTranslator.java:104)
	at org.springframework.jdbc.support.AbstractFallbackSQLExceptionTranslator.translate(AbstractFallbackSQLExceptionTranslator.java:72)
	at org.springframework.jdbc.support.AbstractFallbackSQLExceptionTranslator.translate(AbstractFallbackSQLExceptionTranslator.java:81)
	at org.springframework.jdbc.support.AbstractFallbackSQLExceptionTranslator.translate(AbstractFallbackSQLExceptionTranslator.java:81)
	at org.mybatis.spring.MyBatisExceptionTranslator.translateExceptionIfPossible(MyBatisExceptionTranslator.java:88)
	at com.baomidou.mybatisplus.extension.toolkit.SqlHelper.executeBatch(SqlHelper.java:189)
	at com.baomidou.mybatisplus.extension.toolkit.SqlHelper.executeBatch(SqlHelper.java:211)
	at com.baomidou.mybatisplus.extension.service.impl.ServiceImpl.executeBatch(ServiceImpl.java:234)
	at com.baomidou.mybatisplus.extension.service.impl.ServiceImpl.saveBatch(ServiceImpl.java:130)
	at com.baomidou.mybatisplus.extension.service.impl.ServiceImpl$$FastClassBySpringCGLIB$$76535273.invoke(<generated>)
	at org.springframework.cglib.proxy.MethodProxy.invoke(MethodProxy.java:218)
	at org.springframework.aop.framework.CglibAopProxy$CglibMethodInvocation.invokeJoinpoint(CglibAopProxy.java:771)
	at org.springframework.aop.framework.ReflectiveMethodInvocation.proceed(ReflectiveMethodInvocation.java:163)
	at org.springframework.aop.framework.CglibAopProxy$CglibMethodInvocation.proceed(CglibAopProxy.java:749)
	at org.springframework.dao.support.PersistenceExceptionTranslationInterceptor.invoke(PersistenceExceptionTranslationInterceptor.java:139)
	at org.springframework.aop.framework.ReflectiveMethodInvocation.proceed(ReflectiveMethodInvocation.java:186)
	at org.springframework.aop.framework.CglibAopProxy$CglibMethodInvocation.proceed(CglibAopProxy.java:749)
	at org.springframework.transaction.interceptor.TransactionAspectSupport.invokeWithinTransaction(TransactionAspectSupport.java:367)
	at org.springframework.transaction.interceptor.TransactionInterceptor.invoke(TransactionInterceptor.java:118)
	at org.springframework.aop.framework.ReflectiveMethodInvocation.proceed(ReflectiveMethodInvocation.java:186)
	at org.springframework.aop.framework.CglibAopProxy$CglibMethodInvocation.proceed(CglibAopProxy.java:749)
	at org.springframework.aop.framework.CglibAopProxy$DynamicAdvisedInterceptor.intercept(CglibAopProxy.java:691)
	at com.mock.example.modules.entrance.repository.impl.CeProfessionRepoImpl$$EnhancerBySpringCGLIB$$5545b719.saveBatch(<generated>)
	at com.mock.example.modules.entrance.service.CeCollegeService.processImportBatch(CeCollegeService.java:221)
	at com.mock.example.modules.entrance.service.CeCollegeService.lambda$importCollegeDataAsync$6(CeCollegeService.java:133)
	at com.mock.example.common.utils.ExcelUtil$1.handle(ExcelUtil.java:261)
	at cn.hutool.poi.excel.sax.Excel07SaxReader.endElement(Excel07SaxReader.java:259)
	at org.apache.xerces.parsers.AbstractSAXParser.endElement(Unknown Source)
	at org.apache.xerces.impl.XMLNSDocumentScannerImpl.scanEndElement(Unknown Source)
	at org.apache.xerces.impl.XMLDocumentFragmentScannerImpl$FragmentContentDispatcher.dispatch(Unknown Source)
	at org.apache.xerces.impl.XMLDocumentFragmentScannerImpl.scanDocument(Unknown Source)
	at org.apache.xerces.parsers.XML11Configuration.parse(Unknown Source)
	at org.apache.xerces.parsers.XML11Configuration.parse(Unknown Source)
	at org.apache.xerces.parsers.XMLParser.parse(Unknown Source)
	at org.apache.xerces.parsers.AbstractSAXParser.parse(Unknown Source)
	at cn.hutool.poi.excel.sax.Excel07SaxReader.parse(Excel07SaxReader.java:337)
	at cn.hutool.poi.excel.sax.Excel07SaxReader.read(Excel07SaxReader.java:152)
	at cn.hutool.poi.excel.sax.Excel07SaxReader.read(Excel07SaxReader.java:122)
	at cn.hutool.poi.excel.ExcelUtil.read07BySax(ExcelUtil.java:84)
	at cn.hutool.poi.excel.ExcelUtil.readBySax(ExcelUtil.java:67)
	at cn.hutool.poi.excel.ExcelUtil.readBySax(ExcelUtil.java:53)
	at com.mock.example.common.utils.ExcelUtil.importExcelStreaming(ExcelUtil.java:186)
	at com.mock.example.modules.entrance.service.CeCollegeService.importCollegeDataAsync(CeCollegeService.java:132)
	at com.mock.example.modules.entrance.service.CeCollegeService$$FastClassBySpringCGLIB$$f1f9cc0f.invoke(<generated>)
	at org.springframework.cglib.proxy.MethodProxy.invoke(MethodProxy.java:218)
	at org.springframework.aop.framework.CglibAopProxy$CglibMethodInvocation.invokeJoinpoint(CglibAopProxy.java:771)
	at org.springframework.aop.framework.ReflectiveMethodInvocation.proceed(ReflectiveMethodInvocation.java:163)
	at org.springframework.aop.framework.CglibAopProxy$CglibMethodInvocation.proceed(CglibAopProxy.java:749)
	at org.springframework.transaction.interceptor.TransactionAspectSupport.invokeWithinTransaction(TransactionAspectSupport.java:367)
	at org.springframework.transaction.interceptor.TransactionInterceptor.invoke(TransactionInterceptor.java:118)
	at org.springframework.aop.framework.ReflectiveMethodInvocation.proceed(ReflectiveMethodInvocation.java:186)
	at org.springframework.aop.framework.CglibAopProxy$CglibMethodInvocation.proceed(CglibAopProxy.java:749)
	at org.springframework.aop.interceptor.AsyncExecutionInterceptor.lambda$invoke$0(AsyncExecutionInterceptor.java:115)
	at java.util.concurrent.FutureTask.run(FutureTask.java:266)
	at java.util.concurrent.ThreadPoolExecutor.runWorker(ThreadPoolExecutor.java:1149)
	at java.util.concurrent.ThreadPoolExecutor$Worker.run(ThreadPoolExecutor.java:624)
	at java.lang.Thread.run(Thread.java:750)
Caused by: java.sql.BatchUpdateException: Data truncation: Data too long for column 'profession_name' at row 457
	at sun.reflect.GeneratedConstructorAccessor83.newInstance(Unknown Source)
	at sun.reflect.DelegatingConstructorAccessorImpl.newInstance(DelegatingConstructorAccessorImpl.java:45)
	at java.lang.reflect.Constructor.newInstance(Constructor.java:423)
	at com.mysql.cj.util.Util.handleNewInstance(Util.java:192)
	at com.mysql.cj.util.Util.getInstance(Util.java:167)
	at com.mysql.cj.util.Util.getInstance(Util.java:174)
	at com.mysql.cj.jdbc.exceptions.SQLError.createBatchUpdateException(SQLError.java:224)
	at com.mysql.cj.jdbc.ClientPreparedStatement.executeBatchedInserts(ClientPreparedStatement.java:755)
	at com.mysql.cj.jdbc.ClientPreparedStatement.executeBatchInternal(ClientPreparedStatement.java:426)
	at com.mysql.cj.jdbc.StatementImpl.executeBatch(StatementImpl.java:796)
	at com.alibaba.druid.filter.FilterChainImpl.statement_executeBatch(FilterChainImpl.java:3066)
	at com.alibaba.druid.filter.FilterAdapter.statement_executeBatch(FilterAdapter.java:2496)
	at com.alibaba.druid.filter.FilterEventAdapter.statement_executeBatch(FilterEventAdapter.java:279)
	at com.alibaba.druid.filter.FilterChainImpl.statement_executeBatch(FilterChainImpl.java:3064)
	at com.alibaba.druid.proxy.jdbc.StatementProxyImpl.executeBatch(StatementProxyImpl.java:202)
	at com.alibaba.druid.pool.DruidPooledPreparedStatement.executeBatch(DruidPooledPreparedStatement.java:566)
	at sun.reflect.GeneratedMethodAccessor205.invoke(Unknown Source)
	at sun.reflect.DelegatingMethodAccessorImpl.invoke(DelegatingMethodAccessorImpl.java:43)
	at java.lang.reflect.Method.invoke(Method.java:498)
	at org.apache.ibatis.logging.jdbc.PreparedStatementLogger.invoke(PreparedStatementLogger.java:78)
	at com.sun.proxy.$Proxy151.executeBatch(Unknown Source)
	at com.baomidou.mybatisplus.core.executor.MybatisBatchExecutor.doFlushStatements(MybatisBatchExecutor.java:135)
	at org.apache.ibatis.executor.BaseExecutor.flushStatements(BaseExecutor.java:129)
	at org.apache.ibatis.executor.BaseExecutor.flushStatements(BaseExecutor.java:122)
	at com.baomidou.mybatisplus.core.executor.MybatisCachingExecutor.flushStatements(MybatisCachingExecutor.java:218)
	at sun.reflect.GeneratedMethodAccessor206.invoke(Unknown Source)
	at sun.reflect.DelegatingMethodAccessorImpl.invoke(DelegatingMethodAccessorImpl.java:43)
	at java.lang.reflect.Method.invoke(Method.java:498)
	at org.apache.ibatis.plugin.Plugin.invoke(Plugin.java:64)
	at com.sun.proxy.$Proxy148.flushStatements(Unknown Source)
	at sun.reflect.GeneratedMethodAccessor206.invoke(Unknown Source)
	at sun.reflect.DelegatingMethodAccessorImpl.invoke(DelegatingMethodAccessorImpl.java:43)
	at java.lang.reflect.Method.invoke(Method.java:498)
	at org.apache.ibatis.plugin.Plugin.invoke(Plugin.java:64)
	at com.sun.proxy.$Proxy148.flushStatements(Unknown Source)
	at org.apache.ibatis.session.defaults.DefaultSqlSession.flushStatements(DefaultSqlSession.java:249)
	at com.baomidou.mybatisplus.extension.toolkit.SqlHelper.lambda$executeBatch$0(SqlHelper.java:217)
	at com.baomidou.mybatisplus.extension.toolkit.SqlHelper.executeBatch(SqlHelper.java:179)
	... 51 common frames omitted
Caused by: com.mysql.cj.jdbc.exceptions.MysqlDataTruncation: Data truncation: Data too long for column 'profession_name' at row 457
	at com.mysql.cj.jdbc.exceptions.SQLExceptionsMapping.translateException(SQLExceptionsMapping.java:104)
	at com.mysql.cj.jdbc.ClientPreparedStatement.executeInternal(ClientPreparedStatement.java:953)
	at com.mysql.cj.jdbc.ClientPreparedStatement.executeUpdateInternal(ClientPreparedStatement.java:1092)
	at com.mysql.cj.jdbc.ClientPreparedStatement.executeUpdateInternal(ClientPreparedStatement.java:1040)
	at com.mysql.cj.jdbc.ClientPreparedStatement.executeLargeUpdate(ClientPreparedStatement.java:1347)
	at com.mysql.cj.jdbc.ClientPreparedStatement.executeBatchedInserts(ClientPreparedStatement.java:716)
	... 81 common frames omitted
2026-04-17 17:15:32.473 [[36mthreadPoolTaskExecutor-1[0;39m] [[1;31mERROR[0;39m] [[32mcom.mock.example.common.utils.ExcelUtil[0;39m]: 流式解析 Excel 行失败: rowIndex=50017
org.springframework.dao.DataIntegrityViolationException: com.mock.example.modules.entrance.mapper.CeProfessionMapper.insert (batch index #11) failed. 10 prior sub executor(s) completed successfully, but will be rolled back. Cause: java.sql.BatchUpdateException: Data truncation: Data too long for column 'profession_name' at row 305
; Data truncation: Data too long for column 'profession_name' at row 305; nested exception is java.sql.BatchUpdateException: Data truncation: Data too long for column 'profession_name' at row 305
	at org.springframework.jdbc.support.SQLStateSQLExceptionTranslator.doTranslate(SQLStateSQLExceptionTranslator.java:104)
	at org.springframework.jdbc.support.AbstractFallbackSQLExceptionTranslator.translate(AbstractFallbackSQLExceptionTranslator.java:72)
	at org.springframework.jdbc.support.AbstractFallbackSQLExceptionTranslator.translate(AbstractFallbackSQLExceptionTranslator.java:81)
	at org.springframework.jdbc.support.AbstractFallbackSQLExceptionTranslator.translate(AbstractFallbackSQLExceptionTranslator.java:81)
	at org.mybatis.spring.MyBatisExceptionTranslator.translateExceptionIfPossible(MyBatisExceptionTranslator.java:88)
	at com.baomidou.mybatisplus.extension.toolkit.SqlHelper.executeBatch(SqlHelper.java:189)
	at com.baomidou.mybatisplus.extension.toolkit.SqlHelper.executeBatch(SqlHelper.java:211)
	at com.baomidou.mybatisplus.extension.service.impl.ServiceImpl.executeBatch(ServiceImpl.java:234)
	at com.baomidou.mybatisplus.extension.service.impl.ServiceImpl.saveBatch(ServiceImpl.java:130)
	at com.baomidou.mybatisplus.extension.service.impl.ServiceImpl$$FastClassBySpringCGLIB$$76535273.invoke(<generated>)
	at org.springframework.cglib.proxy.MethodProxy.invoke(MethodProxy.java:218)
	at org.springframework.aop.framework.CglibAopProxy$CglibMethodInvocation.invokeJoinpoint(CglibAopProxy.java:771)
	at org.springframework.aop.framework.ReflectiveMethodInvocation.proceed(ReflectiveMethodInvocation.java:163)
	at org.springframework.aop.framework.CglibAopProxy$CglibMethodInvocation.proceed(CglibAopProxy.java:749)
	at org.springframework.dao.support.PersistenceExceptionTranslationInterceptor.invoke(PersistenceExceptionTranslationInterceptor.java:139)
	at org.springframework.aop.framework.ReflectiveMethodInvocation.proceed(ReflectiveMethodInvocation.java:186)
	at org.springframework.aop.framework.CglibAopProxy$CglibMethodInvocation.proceed(CglibAopProxy.java:749)
	at org.springframework.transaction.interceptor.TransactionAspectSupport.invokeWithinTransaction(TransactionAspectSupport.java:367)
	at org.springframework.transaction.interceptor.TransactionInterceptor.invoke(TransactionInterceptor.java:118)
	at org.springframework.aop.framework.ReflectiveMethodInvocation.proceed(ReflectiveMethodInvocation.java:186)
	at org.springframework.aop.framework.CglibAopProxy$CglibMethodInvocation.proceed(CglibAopProxy.java:749)
	at org.springframework.aop.framework.CglibAopProxy$DynamicAdvisedInterceptor.intercept(CglibAopProxy.java:691)
	at com.mock.example.modules.entrance.repository.impl.CeProfessionRepoImpl$$EnhancerBySpringCGLIB$$5545b719.saveBatch(<generated>)
	at com.mock.example.modules.entrance.service.CeCollegeService.processImportBatch(CeCollegeService.java:221)
	at com.mock.example.modules.entrance.service.CeCollegeService.lambda$importCollegeDataAsync$6(CeCollegeService.java:133)
	at com.mock.example.common.utils.ExcelUtil$1.handle(ExcelUtil.java:261)
	at cn.hutool.poi.excel.sax.Excel07SaxReader.endElement(Excel07SaxReader.java:259)
	at org.apache.xerces.parsers.AbstractSAXParser.endElement(Unknown Source)
	at org.apache.xerces.impl.XMLNSDocumentScannerImpl.scanEndElement(Unknown Source)
	at org.apache.xerces.impl.XMLDocumentFragmentScannerImpl$FragmentContentDispatcher.dispatch(Unknown Source)
	at org.apache.xerces.impl.XMLDocumentFragmentScannerImpl.scanDocument(Unknown Source)
	at org.apache.xerces.parsers.XML11Configuration.parse(Unknown Source)
	at org.apache.xerces.parsers.XML11Configuration.parse(Unknown Source)
	at org.apache.xerces.parsers.XMLParser.parse(Unknown Source)
	at org.apache.xerces.parsers.AbstractSAXParser.parse(Unknown Source)
	at cn.hutool.poi.excel.sax.Excel07SaxReader.parse(Excel07SaxReader.java:337)
	at cn.hutool.poi.excel.sax.Excel07SaxReader.read(Excel07SaxReader.java:152)
	at cn.hutool.poi.excel.sax.Excel07SaxReader.read(Excel07SaxReader.java:122)
	at cn.hutool.poi.excel.ExcelUtil.read07BySax(ExcelUtil.java:84)
	at cn.hutool.poi.excel.ExcelUtil.readBySax(ExcelUtil.java:67)
	at cn.hutool.poi.excel.ExcelUtil.readBySax(ExcelUtil.java:53)
	at com.mock.example.common.utils.ExcelUtil.importExcelStreaming(ExcelUtil.java:186)
	at com.mock.example.modules.entrance.service.CeCollegeService.importCollegeDataAsync(CeCollegeService.java:132)
	at com.mock.example.modules.entrance.service.CeCollegeService$$FastClassBySpringCGLIB$$f1f9cc0f.invoke(<generated>)
	at org.springframework.cglib.proxy.MethodProxy.invoke(MethodProxy.java:218)
	at org.springframework.aop.framework.CglibAopProxy$CglibMethodInvocation.invokeJoinpoint(CglibAopProxy.java:771)
	at org.springframework.aop.framework.ReflectiveMethodInvocation.proceed(ReflectiveMethodInvocation.java:163)
	at org.springframework.aop.framework.CglibAopProxy$CglibMethodInvocation.proceed(CglibAopProxy.java:749)
	at org.springframework.transaction.interceptor.TransactionAspectSupport.invokeWithinTransaction(TransactionAspectSupport.java:367)
	at org.springframework.transaction.interceptor.TransactionInterceptor.invoke(TransactionInterceptor.java:118)
	at org.springframework.aop.framework.ReflectiveMethodInvocation.proceed(ReflectiveMethodInvocation.java:186)
	at org.springframework.aop.framework.CglibAopProxy$CglibMethodInvocation.proceed(CglibAopProxy.java:749)
	at org.springframework.aop.interceptor.AsyncExecutionInterceptor.lambda$invoke$0(AsyncExecutionInterceptor.java:115)
	at java.util.concurrent.FutureTask.run(FutureTask.java:266)
	at java.util.concurrent.ThreadPoolExecutor.runWorker(ThreadPoolExecutor.java:1149)
	at java.util.concurrent.ThreadPoolExecutor$Worker.run(ThreadPoolExecutor.java:624)
	at java.lang.Thread.run(Thread.java:750)
Caused by: java.sql.BatchUpdateException: Data truncation: Data too long for column 'profession_name' at row 305
	at sun.reflect.GeneratedConstructorAccessor83.newInstance(Unknown Source)
	at sun.reflect.DelegatingConstructorAccessorImpl.newInstance(DelegatingConstructorAccessorImpl.java:45)
	at java.lang.reflect.Constructor.newInstance(Constructor.java:423)
	at com.mysql.cj.util.Util.handleNewInstance(Util.java:192)
	at com.mysql.cj.util.Util.getInstance(Util.java:167)
	at com.mysql.cj.util.Util.getInstance(Util.java:174)
	at com.mysql.cj.jdbc.exceptions.SQLError.createBatchUpdateException(SQLError.java:224)
	at com.mysql.cj.jdbc.ClientPreparedStatement.executeBatchedInserts(ClientPreparedStatement.java:755)
	at com.mysql.cj.jdbc.ClientPreparedStatement.executeBatchInternal(ClientPreparedStatement.java:426)
	at com.mysql.cj.jdbc.StatementImpl.executeBatch(StatementImpl.java:796)
	at com.alibaba.druid.filter.FilterChainImpl.statement_executeBatch(FilterChainImpl.java:3066)
	at com.alibaba.druid.filter.FilterAdapter.statement_executeBatch(FilterAdapter.java:2496)
	at com.alibaba.druid.filter.FilterEventAdapter.statement_executeBatch(FilterEventAdapter.java:279)
	at com.alibaba.druid.filter.FilterChainImpl.statement_executeBatch(FilterChainImpl.java:3064)
	at com.alibaba.druid.proxy.jdbc.StatementProxyImpl.executeBatch(StatementProxyImpl.java:202)
	at com.alibaba.druid.pool.DruidPooledPreparedStatement.executeBatch(DruidPooledPreparedStatement.java:566)
	at sun.reflect.GeneratedMethodAccessor205.invoke(Unknown Source)
	at sun.reflect.DelegatingMethodAccessorImpl.invoke(DelegatingMethodAccessorImpl.java:43)
	at java.lang.reflect.Method.invoke(Method.java:498)
	at org.apache.ibatis.logging.jdbc.PreparedStatementLogger.invoke(PreparedStatementLogger.java:78)
	at com.sun.proxy.$Proxy151.executeBatch(Unknown Source)
	at com.baomidou.mybatisplus.core.executor.MybatisBatchExecutor.doFlushStatements(MybatisBatchExecutor.java:135)
	at org.apache.ibatis.executor.BaseExecutor.flushStatements(BaseExecutor.java:129)
	at org.apache.ibatis.executor.BaseExecutor.flushStatements(BaseExecutor.java:122)
	at com.baomidou.mybatisplus.core.executor.MybatisCachingExecutor.flushStatements(MybatisCachingExecutor.java:218)
	at sun.reflect.GeneratedMethodAccessor206.invoke(Unknown Source)
	at sun.reflect.DelegatingMethodAccessorImpl.invoke(DelegatingMethodAccessorImpl.java:43)
	at java.lang.reflect.Method.invoke(Method.java:498)
	at org.apache.ibatis.plugin.Plugin.invoke(Plugin.java:64)
	at com.sun.proxy.$Proxy148.flushStatements(Unknown Source)
	at sun.reflect.GeneratedMethodAccessor206.invoke(Unknown Source)
	at sun.reflect.DelegatingMethodAccessorImpl.invoke(DelegatingMethodAccessorImpl.java:43)
	at java.lang.reflect.Method.invoke(Method.java:498)
	at org.apache.ibatis.plugin.Plugin.invoke(Plugin.java:64)
	at com.sun.proxy.$Proxy148.flushStatements(Unknown Source)
	at org.apache.ibatis.session.defaults.DefaultSqlSession.flushStatements(DefaultSqlSession.java:249)
	at com.baomidou.mybatisplus.extension.toolkit.SqlHelper.lambda$executeBatch$0(SqlHelper.java:217)
	at com.baomidou.mybatisplus.extension.toolkit.SqlHelper.executeBatch(SqlHelper.java:179)
	... 51 common frames omitted
Caused by: com.mysql.cj.jdbc.exceptions.MysqlDataTruncation: Data truncation: Data too long for column 'profession_name' at row 305
	at com.mysql.cj.jdbc.exceptions.SQLExceptionsMapping.translateException(SQLExceptionsMapping.java:104)
	at com.mysql.cj.jdbc.ClientPreparedStatement.executeInternal(ClientPreparedStatement.java:953)
	at com.mysql.cj.jdbc.ClientPreparedStatement.executeUpdateInternal(ClientPreparedStatement.java:1092)
	at com.mysql.cj.jdbc.ClientPreparedStatement.executeUpdateInternal(ClientPreparedStatement.java:1040)
	at com.mysql.cj.jdbc.ClientPreparedStatement.executeLargeUpdate(ClientPreparedStatement.java:1347)
	at com.mysql.cj.jdbc.ClientPreparedStatement.executeBatchedInserts(ClientPreparedStatement.java:716)
	... 81 common frames omitted
2026-04-17 17:15:34.248 [[36mthreadPoolTaskExecutor-1[0;39m] [[1;31mERROR[0;39m] [[32mcom.mock.example.common.utils.ExcelUtil[0;39m]: 流式解析 Excel 行失败: rowIndex=52018
org.springframework.dao.DataIntegrityViolationException: com.mock.example.modules.entrance.mapper.CeProfessionMapper.insert (batch index #1) failed. Cause: java.sql.BatchUpdateException: Data truncation: Data too long for column 'profession_name' at row 105
; Data truncation: Data too long for column 'profession_name' at row 105; nested exception is java.sql.BatchUpdateException: Data truncation: Data too long for column 'profession_name' at row 105
	at org.springframework.jdbc.support.SQLStateSQLExceptionTranslator.doTranslate(SQLStateSQLExceptionTranslator.java:104)
	at org.springframework.jdbc.support.AbstractFallbackSQLExceptionTranslator.translate(AbstractFallbackSQLExceptionTranslator.java:72)
	at org.springframework.jdbc.support.AbstractFallbackSQLExceptionTranslator.translate(AbstractFallbackSQLExceptionTranslator.java:81)
	at org.springframework.jdbc.support.AbstractFallbackSQLExceptionTranslator.translate(AbstractFallbackSQLExceptionTranslator.java:81)
	at org.mybatis.spring.MyBatisExceptionTranslator.translateExceptionIfPossible(MyBatisExceptionTranslator.java:88)
	at com.baomidou.mybatisplus.extension.toolkit.SqlHelper.executeBatch(SqlHelper.java:189)
	at com.baomidou.mybatisplus.extension.toolkit.SqlHelper.executeBatch(SqlHelper.java:211)
	at com.baomidou.mybatisplus.extension.service.impl.ServiceImpl.executeBatch(ServiceImpl.java:234)
	at com.baomidou.mybatisplus.extension.service.impl.ServiceImpl.saveBatch(ServiceImpl.java:130)
	at com.baomidou.mybatisplus.extension.service.impl.ServiceImpl$$FastClassBySpringCGLIB$$76535273.invoke(<generated>)
	at org.springframework.cglib.proxy.MethodProxy.invoke(MethodProxy.java:218)
	at org.springframework.aop.framework.CglibAopProxy$CglibMethodInvocation.invokeJoinpoint(CglibAopProxy.java:771)
	at org.springframework.aop.framework.ReflectiveMethodInvocation.proceed(ReflectiveMethodInvocation.java:163)
	at org.springframework.aop.framework.CglibAopProxy$CglibMethodInvocation.proceed(CglibAopProxy.java:749)
	at org.springframework.dao.support.PersistenceExceptionTranslationInterceptor.invoke(PersistenceExceptionTranslationInterceptor.java:139)
	at org.springframework.aop.framework.ReflectiveMethodInvocation.proceed(ReflectiveMethodInvocation.java:186)
	at org.springframework.aop.framework.CglibAopProxy$CglibMethodInvocation.proceed(CglibAopProxy.java:749)
	at org.springframework.transaction.interceptor.TransactionAspectSupport.invokeWithinTransaction(TransactionAspectSupport.java:367)
	at org.springframework.transaction.interceptor.TransactionInterceptor.invoke(TransactionInterceptor.java:118)
	at org.springframework.aop.framework.ReflectiveMethodInvocation.proceed(ReflectiveMethodInvocation.java:186)
	at org.springframework.aop.framework.CglibAopProxy$CglibMethodInvocation.proceed(CglibAopProxy.java:749)
	at org.springframework.aop.framework.CglibAopProxy$DynamicAdvisedInterceptor.intercept(CglibAopProxy.java:691)
	at com.mock.example.modules.entrance.repository.impl.CeProfessionRepoImpl$$EnhancerBySpringCGLIB$$5545b719.saveBatch(<generated>)
	at com.mock.example.modules.entrance.service.CeCollegeService.processImportBatch(CeCollegeService.java:221)
	at com.mock.example.modules.entrance.service.CeCollegeService.lambda$importCollegeDataAsync$6(CeCollegeService.java:133)
	at com.mock.example.common.utils.ExcelUtil$1.handle(ExcelUtil.java:261)
	at cn.hutool.poi.excel.sax.Excel07SaxReader.endElement(Excel07SaxReader.java:259)
	at org.apache.xerces.parsers.AbstractSAXParser.endElement(Unknown Source)
	at org.apache.xerces.impl.XMLNSDocumentScannerImpl.scanEndElement(Unknown Source)
	at org.apache.xerces.impl.XMLDocumentFragmentScannerImpl$FragmentContentDispatcher.dispatch(Unknown Source)
	at org.apache.xerces.impl.XMLDocumentFragmentScannerImpl.scanDocument(Unknown Source)
	at org.apache.xerces.parsers.XML11Configuration.parse(Unknown Source)
	at org.apache.xerces.parsers.XML11Configuration.parse(Unknown Source)
	at org.apache.xerces.parsers.XMLParser.parse(Unknown Source)
	at org.apache.xerces.parsers.AbstractSAXParser.parse(Unknown Source)
	at cn.hutool.poi.excel.sax.Excel07SaxReader.parse(Excel07SaxReader.java:337)
	at cn.hutool.poi.excel.sax.Excel07SaxReader.read(Excel07SaxReader.java:152)
	at cn.hutool.poi.excel.sax.Excel07SaxReader.read(Excel07SaxReader.java:122)
	at cn.hutool.poi.excel.ExcelUtil.read07BySax(ExcelUtil.java:84)
	at cn.hutool.poi.excel.ExcelUtil.readBySax(ExcelUtil.java:67)
	at cn.hutool.poi.excel.ExcelUtil.readBySax(ExcelUtil.java:53)
	at com.mock.example.common.utils.ExcelUtil.importExcelStreaming(ExcelUtil.java:186)
	at com.mock.example.modules.entrance.service.CeCollegeService.importCollegeDataAsync(CeCollegeService.java:132)
	at com.mock.example.modules.entrance.service.CeCollegeService$$FastClassBySpringCGLIB$$f1f9cc0f.invoke(<generated>)
	at org.springframework.cglib.proxy.MethodProxy.invoke(MethodProxy.java:218)
	at org.springframework.aop.framework.CglibAopProxy$CglibMethodInvocation.invokeJoinpoint(CglibAopProxy.java:771)
	at org.springframework.aop.framework.ReflectiveMethodInvocation.proceed(ReflectiveMethodInvocation.java:163)
	at org.springframework.aop.framework.CglibAopProxy$CglibMethodInvocation.proceed(CglibAopProxy.java:749)
	at org.springframework.transaction.interceptor.TransactionAspectSupport.invokeWithinTransaction(TransactionAspectSupport.java:367)
	at org.springframework.transaction.interceptor.TransactionInterceptor.invoke(TransactionInterceptor.java:118)
	at org.springframework.aop.framework.ReflectiveMethodInvocation.proceed(ReflectiveMethodInvocation.java:186)
	at org.springframework.aop.framework.CglibAopProxy$CglibMethodInvocation.proceed(CglibAopProxy.java:749)
	at org.springframework.aop.interceptor.AsyncExecutionInterceptor.lambda$invoke$0(AsyncExecutionInterceptor.java:115)
	at java.util.concurrent.FutureTask.run(FutureTask.java:266)
	at java.util.concurrent.ThreadPoolExecutor.runWorker(ThreadPoolExecutor.java:1149)
	at java.util.concurrent.ThreadPoolExecutor$Worker.run(ThreadPoolExecutor.java:624)
	at java.lang.Thread.run(Thread.java:750)
Caused by: java.sql.BatchUpdateException: Data truncation: Data too long for column 'profession_name' at row 105
	at sun.reflect.GeneratedConstructorAccessor83.newInstance(Unknown Source)
	at sun.reflect.DelegatingConstructorAccessorImpl.newInstance(DelegatingConstructorAccessorImpl.java:45)
	at java.lang.reflect.Constructor.newInstance(Constructor.java:423)
	at com.mysql.cj.util.Util.handleNewInstance(Util.java:192)
	at com.mysql.cj.util.Util.getInstance(Util.java:167)
	at com.mysql.cj.util.Util.getInstance(Util.java:174)
	at com.mysql.cj.jdbc.exceptions.SQLError.createBatchUpdateException(SQLError.java:224)
	at com.mysql.cj.jdbc.ClientPreparedStatement.executeBatchedInserts(ClientPreparedStatement.java:755)
	at com.mysql.cj.jdbc.ClientPreparedStatement.executeBatchInternal(ClientPreparedStatement.java:426)
	at com.mysql.cj.jdbc.StatementImpl.executeBatch(StatementImpl.java:796)
	at com.alibaba.druid.filter.FilterChainImpl.statement_executeBatch(FilterChainImpl.java:3066)
	at com.alibaba.druid.filter.FilterAdapter.statement_executeBatch(FilterAdapter.java:2496)
	at com.alibaba.druid.filter.FilterEventAdapter.statement_executeBatch(FilterEventAdapter.java:279)
	at com.alibaba.druid.filter.FilterChainImpl.statement_executeBatch(FilterChainImpl.java:3064)
	at com.alibaba.druid.proxy.jdbc.StatementProxyImpl.executeBatch(StatementProxyImpl.java:202)
	at com.alibaba.druid.pool.DruidPooledPreparedStatement.executeBatch(DruidPooledPreparedStatement.java:566)
	at sun.reflect.GeneratedMethodAccessor205.invoke(Unknown Source)
	at sun.reflect.DelegatingMethodAccessorImpl.invoke(DelegatingMethodAccessorImpl.java:43)
	at java.lang.reflect.Method.invoke(Method.java:498)
	at org.apache.ibatis.logging.jdbc.PreparedStatementLogger.invoke(PreparedStatementLogger.java:78)
	at com.sun.proxy.$Proxy151.executeBatch(Unknown Source)
	at com.baomidou.mybatisplus.core.executor.MybatisBatchExecutor.doFlushStatements(MybatisBatchExecutor.java:135)
	at org.apache.ibatis.executor.BaseExecutor.flushStatements(BaseExecutor.java:129)
	at org.apache.ibatis.executor.BaseExecutor.flushStatements(BaseExecutor.java:122)
	at com.baomidou.mybatisplus.core.executor.MybatisCachingExecutor.flushStatements(MybatisCachingExecutor.java:218)
	at sun.reflect.GeneratedMethodAccessor206.invoke(Unknown Source)
	at sun.reflect.DelegatingMethodAccessorImpl.invoke(DelegatingMethodAccessorImpl.java:43)
	at java.lang.reflect.Method.invoke(Method.java:498)
	at org.apache.ibatis.plugin.Plugin.invoke(Plugin.java:64)
	at com.sun.proxy.$Proxy148.flushStatements(Unknown Source)
	at sun.reflect.GeneratedMethodAccessor206.invoke(Unknown Source)
	at sun.reflect.DelegatingMethodAccessorImpl.invoke(DelegatingMethodAccessorImpl.java:43)
	at java.lang.reflect.Method.invoke(Method.java:498)
	at org.apache.ibatis.plugin.Plugin.invoke(Plugin.java:64)
	at com.sun.proxy.$Proxy148.flushStatements(Unknown Source)
	at org.apache.ibatis.session.defaults.DefaultSqlSession.flushStatements(DefaultSqlSession.java:249)
	at com.baomidou.mybatisplus.extension.toolkit.SqlHelper.lambda$executeBatch$0(SqlHelper.java:217)
	at com.baomidou.mybatisplus.extension.toolkit.SqlHelper.executeBatch(SqlHelper.java:179)
	... 51 common frames omitted
Caused by: com.mysql.cj.jdbc.exceptions.MysqlDataTruncation: Data truncation: Data too long for column 'profession_name' at row 105
	at com.mysql.cj.jdbc.exceptions.SQLExceptionsMapping.translateException(SQLExceptionsMapping.java:104)
	at com.mysql.cj.jdbc.ClientPreparedStatement.executeInternal(ClientPreparedStatement.java:953)
	at com.mysql.cj.jdbc.ClientPreparedStatement.executeUpdateInternal(ClientPreparedStatement.java:1092)
	at com.mysql.cj.jdbc.ClientPreparedStatement.executeUpdateInternal(ClientPreparedStatement.java:1040)
	at com.mysql.cj.jdbc.ClientPreparedStatement.executeLargeUpdate(ClientPreparedStatement.java:1347)
	at com.mysql.cj.jdbc.ClientPreparedStatement.executeBatchedInserts(ClientPreparedStatement.java:716)
	... 81 common frames omitted
2026-04-17 17:15:35.611 [[36mthreadPoolTaskExecutor-1[0;39m] [[1;31mERROR[0;39m] [[32mcom.mock.example.common.utils.ExcelUtil[0;39m]: 流式解析 Excel 行失败: rowIndex=54019
org.springframework.dao.DataIntegrityViolationException: com.mock.example.modules.entrance.mapper.CeProfessionMapper.insert (batch index #9) failed. 8 prior sub executor(s) completed successfully, but will be rolled back. Cause: java.sql.BatchUpdateException: Data truncation: Data too long for column 'profession_name' at row 80
; Data truncation: Data too long for column 'profession_name' at row 80; nested exception is java.sql.BatchUpdateException: Data truncation: Data too long for column 'profession_name' at row 80
	at org.springframework.jdbc.support.SQLStateSQLExceptionTranslator.doTranslate(SQLStateSQLExceptionTranslator.java:104)
	at org.springframework.jdbc.support.AbstractFallbackSQLExceptionTranslator.translate(AbstractFallbackSQLExceptionTranslator.java:72)
	at org.springframework.jdbc.support.AbstractFallbackSQLExceptionTranslator.translate(AbstractFallbackSQLExceptionTranslator.java:81)
	at org.springframework.jdbc.support.AbstractFallbackSQLExceptionTranslator.translate(AbstractFallbackSQLExceptionTranslator.java:81)
	at org.mybatis.spring.MyBatisExceptionTranslator.translateExceptionIfPossible(MyBatisExceptionTranslator.java:88)
	at com.baomidou.mybatisplus.extension.toolkit.SqlHelper.executeBatch(SqlHelper.java:189)
	at com.baomidou.mybatisplus.extension.toolkit.SqlHelper.executeBatch(SqlHelper.java:211)
	at com.baomidou.mybatisplus.extension.service.impl.ServiceImpl.executeBatch(ServiceImpl.java:234)
	at com.baomidou.mybatisplus.extension.service.impl.ServiceImpl.saveBatch(ServiceImpl.java:130)
	at com.baomidou.mybatisplus.extension.service.impl.ServiceImpl$$FastClassBySpringCGLIB$$76535273.invoke(<generated>)
	at org.springframework.cglib.proxy.MethodProxy.invoke(MethodProxy.java:218)
	at org.springframework.aop.framework.CglibAopProxy$CglibMethodInvocation.invokeJoinpoint(CglibAopProxy.java:771)
	at org.springframework.aop.framework.ReflectiveMethodInvocation.proceed(ReflectiveMethodInvocation.java:163)
	at org.springframework.aop.framework.CglibAopProxy$CglibMethodInvocation.proceed(CglibAopProxy.java:749)
	at org.springframework.dao.support.PersistenceExceptionTranslationInterceptor.invoke(PersistenceExceptionTranslationInterceptor.java:139)
	at org.springframework.aop.framework.ReflectiveMethodInvocation.proceed(ReflectiveMethodInvocation.java:186)
	at org.springframework.aop.framework.CglibAopProxy$CglibMethodInvocation.proceed(CglibAopProxy.java:749)
	at org.springframework.transaction.interceptor.TransactionAspectSupport.invokeWithinTransaction(TransactionAspectSupport.java:367)
	at org.springframework.transaction.interceptor.TransactionInterceptor.invoke(TransactionInterceptor.java:118)
	at org.springframework.aop.framework.ReflectiveMethodInvocation.proceed(ReflectiveMethodInvocation.java:186)
	at org.springframework.aop.framework.CglibAopProxy$CglibMethodInvocation.proceed(CglibAopProxy.java:749)
	at org.springframework.aop.framework.CglibAopProxy$DynamicAdvisedInterceptor.intercept(CglibAopProxy.java:691)
	at com.mock.example.modules.entrance.repository.impl.CeProfessionRepoImpl$$EnhancerBySpringCGLIB$$5545b719.saveBatch(<generated>)
	at com.mock.example.modules.entrance.service.CeCollegeService.processImportBatch(CeCollegeService.java:221)
	at com.mock.example.modules.entrance.service.CeCollegeService.lambda$importCollegeDataAsync$6(CeCollegeService.java:133)
	at com.mock.example.common.utils.ExcelUtil$1.handle(ExcelUtil.java:261)
	at cn.hutool.poi.excel.sax.Excel07SaxReader.endElement(Excel07SaxReader.java:259)
	at org.apache.xerces.parsers.AbstractSAXParser.endElement(Unknown Source)
	at org.apache.xerces.impl.XMLNSDocumentScannerImpl.scanEndElement(Unknown Source)
	at org.apache.xerces.impl.XMLDocumentFragmentScannerImpl$FragmentContentDispatcher.dispatch(Unknown Source)
	at org.apache.xerces.impl.XMLDocumentFragmentScannerImpl.scanDocument(Unknown Source)
	at org.apache.xerces.parsers.XML11Configuration.parse(Unknown Source)
	at org.apache.xerces.parsers.XML11Configuration.parse(Unknown Source)
	at org.apache.xerces.parsers.XMLParser.parse(Unknown Source)
	at org.apache.xerces.parsers.AbstractSAXParser.parse(Unknown Source)
	at cn.hutool.poi.excel.sax.Excel07SaxReader.parse(Excel07SaxReader.java:337)
	at cn.hutool.poi.excel.sax.Excel07SaxReader.read(Excel07SaxReader.java:152)
	at cn.hutool.poi.excel.sax.Excel07SaxReader.read(Excel07SaxReader.java:122)
	at cn.hutool.poi.excel.ExcelUtil.read07BySax(ExcelUtil.java:84)
	at cn.hutool.poi.excel.ExcelUtil.readBySax(ExcelUtil.java:67)
	at cn.hutool.poi.excel.ExcelUtil.readBySax(ExcelUtil.java:53)
	at com.mock.example.common.utils.ExcelUtil.importExcelStreaming(ExcelUtil.java:186)
	at com.mock.example.modules.entrance.service.CeCollegeService.importCollegeDataAsync(CeCollegeService.java:132)
	at com.mock.example.modules.entrance.service.CeCollegeService$$FastClassBySpringCGLIB$$f1f9cc0f.invoke(<generated>)
	at org.springframework.cglib.proxy.MethodProxy.invoke(MethodProxy.java:218)
	at org.springframework.aop.framework.CglibAopProxy$CglibMethodInvocation.invokeJoinpoint(CglibAopProxy.java:771)
	at org.springframework.aop.framework.ReflectiveMethodInvocation.proceed(ReflectiveMethodInvocation.java:163)
	at org.springframework.aop.framework.CglibAopProxy$CglibMethodInvocation.proceed(CglibAopProxy.java:749)
	at org.springframework.transaction.interceptor.TransactionAspectSupport.invokeWithinTransaction(TransactionAspectSupport.java:367)
	at org.springframework.transaction.interceptor.TransactionInterceptor.invoke(TransactionInterceptor.java:118)
	at org.springframework.aop.framework.ReflectiveMethodInvocation.proceed(ReflectiveMethodInvocation.java:186)
	at org.springframework.aop.framework.CglibAopProxy$CglibMethodInvocation.proceed(CglibAopProxy.java:749)
	at org.springframework.aop.interceptor.AsyncExecutionInterceptor.lambda$invoke$0(AsyncExecutionInterceptor.java:115)
	at java.util.concurrent.FutureTask.run(FutureTask.java:266)
	at java.util.concurrent.ThreadPoolExecutor.runWorker(ThreadPoolExecutor.java:1149)
	at java.util.concurrent.ThreadPoolExecutor$Worker.run(ThreadPoolExecutor.java:624)
	at java.lang.Thread.run(Thread.java:750)
Caused by: java.sql.BatchUpdateException: Data truncation: Data too long for column 'profession_name' at row 80
	at sun.reflect.GeneratedConstructorAccessor83.newInstance(Unknown Source)
	at sun.reflect.DelegatingConstructorAccessorImpl.newInstance(DelegatingConstructorAccessorImpl.java:45)
	at java.lang.reflect.Constructor.newInstance(Constructor.java:423)
	at com.mysql.cj.util.Util.handleNewInstance(Util.java:192)
	at com.mysql.cj.util.Util.getInstance(Util.java:167)
	at com.mysql.cj.util.Util.getInstance(Util.java:174)
	at com.mysql.cj.jdbc.exceptions.SQLError.createBatchUpdateException(SQLError.java:224)
	at com.mysql.cj.jdbc.ClientPreparedStatement.executeBatchedInserts(ClientPreparedStatement.java:755)
	at com.mysql.cj.jdbc.ClientPreparedStatement.executeBatchInternal(ClientPreparedStatement.java:426)
	at com.mysql.cj.jdbc.StatementImpl.executeBatch(StatementImpl.java:796)
	at com.alibaba.druid.filter.FilterChainImpl.statement_executeBatch(FilterChainImpl.java:3066)
	at com.alibaba.druid.filter.FilterAdapter.statement_executeBatch(FilterAdapter.java:2496)
	at com.alibaba.druid.filter.FilterEventAdapter.statement_executeBatch(FilterEventAdapter.java:279)
	at com.alibaba.druid.filter.FilterChainImpl.statement_executeBatch(FilterChainImpl.java:3064)
	at com.alibaba.druid.proxy.jdbc.StatementProxyImpl.executeBatch(StatementProxyImpl.java:202)
	at com.alibaba.druid.pool.DruidPooledPreparedStatement.executeBatch(DruidPooledPreparedStatement.java:566)
	at sun.reflect.GeneratedMethodAccessor205.invoke(Unknown Source)
	at sun.reflect.DelegatingMethodAccessorImpl.invoke(DelegatingMethodAccessorImpl.java:43)
	at java.lang.reflect.Method.invoke(Method.java:498)
	at org.apache.ibatis.logging.jdbc.PreparedStatementLogger.invoke(PreparedStatementLogger.java:78)
	at com.sun.proxy.$Proxy151.executeBatch(Unknown Source)
	at com.baomidou.mybatisplus.core.executor.MybatisBatchExecutor.doFlushStatements(MybatisBatchExecutor.java:135)
	at org.apache.ibatis.executor.BaseExecutor.flushStatements(BaseExecutor.java:129)
	at org.apache.ibatis.executor.BaseExecutor.flushStatements(BaseExecutor.java:122)
	at com.baomidou.mybatisplus.core.executor.MybatisCachingExecutor.flushStatements(MybatisCachingExecutor.java:218)
	at sun.reflect.GeneratedMethodAccessor206.invoke(Unknown Source)
	at sun.reflect.DelegatingMethodAccessorImpl.invoke(DelegatingMethodAccessorImpl.java:43)
	at java.lang.reflect.Method.invoke(Method.java:498)
	at org.apache.ibatis.plugin.Plugin.invoke(Plugin.java:64)
	at com.sun.proxy.$Proxy148.flushStatements(Unknown Source)
	at sun.reflect.GeneratedMethodAccessor206.invoke(Unknown Source)
	at sun.reflect.DelegatingMethodAccessorImpl.invoke(DelegatingMethodAccessorImpl.java:43)
	at java.lang.reflect.Method.invoke(Method.java:498)
	at org.apache.ibatis.plugin.Plugin.invoke(Plugin.java:64)
	at com.sun.proxy.$Proxy148.flushStatements(Unknown Source)
	at org.apache.ibatis.session.defaults.DefaultSqlSession.flushStatements(DefaultSqlSession.java:249)
	at com.baomidou.mybatisplus.extension.toolkit.SqlHelper.lambda$executeBatch$0(SqlHelper.java:217)
	at com.baomidou.mybatisplus.extension.toolkit.SqlHelper.executeBatch(SqlHelper.java:179)
	... 51 common frames omitted
Caused by: com.mysql.cj.jdbc.exceptions.MysqlDataTruncation: Data truncation: Data too long for column 'profession_name' at row 80
	at com.mysql.cj.jdbc.exceptions.SQLExceptionsMapping.translateException(SQLExceptionsMapping.java:104)
	at com.mysql.cj.jdbc.ClientPreparedStatement.executeInternal(ClientPreparedStatement.java:953)
	at com.mysql.cj.jdbc.ClientPreparedStatement.executeUpdateInternal(ClientPreparedStatement.java:1092)
	at com.mysql.cj.jdbc.ClientPreparedStatement.executeUpdateInternal(ClientPreparedStatement.java:1040)
	at com.mysql.cj.jdbc.ClientPreparedStatement.executeLargeUpdate(ClientPreparedStatement.java:1347)
	at com.mysql.cj.jdbc.ClientPreparedStatement.executeBatchedInserts(ClientPreparedStatement.java:716)
	... 81 common frames omitted
2026-04-17 17:15:37.070 [[36mthreadPoolTaskExecutor-1[0;39m] [[1;31mERROR[0;39m] [[32mcom.mock.example.common.utils.ExcelUtil[0;39m]: 流式解析 Excel 行失败: rowIndex=56020
org.springframework.dao.DataIntegrityViolationException: com.mock.example.modules.entrance.mapper.CeProfessionMapper.insert (batch index #6) failed. 5 prior sub executor(s) completed successfully, but will be rolled back. Cause: java.sql.BatchUpdateException: Data truncation: Data too long for column 'profession_name' at row 104
; Data truncation: Data too long for column 'profession_name' at row 104; nested exception is java.sql.BatchUpdateException: Data truncation: Data too long for column 'profession_name' at row 104
	at org.springframework.jdbc.support.SQLStateSQLExceptionTranslator.doTranslate(SQLStateSQLExceptionTranslator.java:104)
	at org.springframework.jdbc.support.AbstractFallbackSQLExceptionTranslator.translate(AbstractFallbackSQLExceptionTranslator.java:72)
	at org.springframework.jdbc.support.AbstractFallbackSQLExceptionTranslator.translate(AbstractFallbackSQLExceptionTranslator.java:81)
	at org.springframework.jdbc.support.AbstractFallbackSQLExceptionTranslator.translate(AbstractFallbackSQLExceptionTranslator.java:81)
	at org.mybatis.spring.MyBatisExceptionTranslator.translateExceptionIfPossible(MyBatisExceptionTranslator.java:88)
	at com.baomidou.mybatisplus.extension.toolkit.SqlHelper.executeBatch(SqlHelper.java:189)
	at com.baomidou.mybatisplus.extension.toolkit.SqlHelper.executeBatch(SqlHelper.java:211)
	at com.baomidou.mybatisplus.extension.service.impl.ServiceImpl.executeBatch(ServiceImpl.java:234)
	at com.baomidou.mybatisplus.extension.service.impl.ServiceImpl.saveBatch(ServiceImpl.java:130)
	at com.baomidou.mybatisplus.extension.service.impl.ServiceImpl$$FastClassBySpringCGLIB$$76535273.invoke(<generated>)
	at org.springframework.cglib.proxy.MethodProxy.invoke(MethodProxy.java:218)
	at org.springframework.aop.framework.CglibAopProxy$CglibMethodInvocation.invokeJoinpoint(CglibAopProxy.java:771)
	at org.springframework.aop.framework.ReflectiveMethodInvocation.proceed(ReflectiveMethodInvocation.java:163)
	at org.springframework.aop.framework.CglibAopProxy$CglibMethodInvocation.proceed(CglibAopProxy.java:749)
	at org.springframework.dao.support.PersistenceExceptionTranslationInterceptor.invoke(PersistenceExceptionTranslationInterceptor.java:139)
	at org.springframework.aop.framework.ReflectiveMethodInvocation.proceed(ReflectiveMethodInvocation.java:186)
	at org.springframework.aop.framework.CglibAopProxy$CglibMethodInvocation.proceed(CglibAopProxy.java:749)
	at org.springframework.transaction.interceptor.TransactionAspectSupport.invokeWithinTransaction(TransactionAspectSupport.java:367)
	at org.springframework.transaction.interceptor.TransactionInterceptor.invoke(TransactionInterceptor.java:118)
	at org.springframework.aop.framework.ReflectiveMethodInvocation.proceed(ReflectiveMethodInvocation.java:186)
	at org.springframework.aop.framework.CglibAopProxy$CglibMethodInvocation.proceed(CglibAopProxy.java:749)
	at org.springframework.aop.framework.CglibAopProxy$DynamicAdvisedInterceptor.intercept(CglibAopProxy.java:691)
	at com.mock.example.modules.entrance.repository.impl.CeProfessionRepoImpl$$EnhancerBySpringCGLIB$$5545b719.saveBatch(<generated>)
	at com.mock.example.modules.entrance.service.CeCollegeService.processImportBatch(CeCollegeService.java:221)
	at com.mock.example.modules.entrance.service.CeCollegeService.lambda$importCollegeDataAsync$6(CeCollegeService.java:133)
	at com.mock.example.common.utils.ExcelUtil$1.handle(ExcelUtil.java:261)
	at cn.hutool.poi.excel.sax.Excel07SaxReader.endElement(Excel07SaxReader.java:259)
	at org.apache.xerces.parsers.AbstractSAXParser.endElement(Unknown Source)
	at org.apache.xerces.impl.XMLNSDocumentScannerImpl.scanEndElement(Unknown Source)
	at org.apache.xerces.impl.XMLDocumentFragmentScannerImpl$FragmentContentDispatcher.dispatch(Unknown Source)
	at org.apache.xerces.impl.XMLDocumentFragmentScannerImpl.scanDocument(Unknown Source)
	at org.apache.xerces.parsers.XML11Configuration.parse(Unknown Source)
	at org.apache.xerces.parsers.XML11Configuration.parse(Unknown Source)
	at org.apache.xerces.parsers.XMLParser.parse(Unknown Source)
	at org.apache.xerces.parsers.AbstractSAXParser.parse(Unknown Source)
	at cn.hutool.poi.excel.sax.Excel07SaxReader.parse(Excel07SaxReader.java:337)
	at cn.hutool.poi.excel.sax.Excel07SaxReader.read(Excel07SaxReader.java:152)
	at cn.hutool.poi.excel.sax.Excel07SaxReader.read(Excel07SaxReader.java:122)
	at cn.hutool.poi.excel.ExcelUtil.read07BySax(ExcelUtil.java:84)
	at cn.hutool.poi.excel.ExcelUtil.readBySax(ExcelUtil.java:67)
	at cn.hutool.poi.excel.ExcelUtil.readBySax(ExcelUtil.java:53)
	at com.mock.example.common.utils.ExcelUtil.importExcelStreaming(ExcelUtil.java:186)
	at com.mock.example.modules.entrance.service.CeCollegeService.importCollegeDataAsync(CeCollegeService.java:132)
	at com.mock.example.modules.entrance.service.CeCollegeService$$FastClassBySpringCGLIB$$f1f9cc0f.invoke(<generated>)
	at org.springframework.cglib.proxy.MethodProxy.invoke(MethodProxy.java:218)
	at org.springframework.aop.framework.CglibAopProxy$CglibMethodInvocation.invokeJoinpoint(CglibAopProxy.java:771)
	at org.springframework.aop.framework.ReflectiveMethodInvocation.proceed(ReflectiveMethodInvocation.java:163)
	at org.springframework.aop.framework.CglibAopProxy$CglibMethodInvocation.proceed(CglibAopProxy.java:749)
	at org.springframework.transaction.interceptor.TransactionAspectSupport.invokeWithinTransaction(TransactionAspectSupport.java:367)
	at org.springframework.transaction.interceptor.TransactionInterceptor.invoke(TransactionInterceptor.java:118)
	at org.springframework.aop.framework.ReflectiveMethodInvocation.proceed(ReflectiveMethodInvocation.java:186)
	at org.springframework.aop.framework.CglibAopProxy$CglibMethodInvocation.proceed(CglibAopProxy.java:749)
	at org.springframework.aop.interceptor.AsyncExecutionInterceptor.lambda$invoke$0(AsyncExecutionInterceptor.java:115)
	at java.util.concurrent.FutureTask.run(FutureTask.java:266)
	at java.util.concurrent.ThreadPoolExecutor.runWorker(ThreadPoolExecutor.java:1149)
	at java.util.concurrent.ThreadPoolExecutor$Worker.run(ThreadPoolExecutor.java:624)
	at java.lang.Thread.run(Thread.java:750)
Caused by: java.sql.BatchUpdateException: Data truncation: Data too long for column 'profession_name' at row 104
	at sun.reflect.GeneratedConstructorAccessor83.newInstance(Unknown Source)
	at sun.reflect.DelegatingConstructorAccessorImpl.newInstance(DelegatingConstructorAccessorImpl.java:45)
	at java.lang.reflect.Constructor.newInstance(Constructor.java:423)
	at com.mysql.cj.util.Util.handleNewInstance(Util.java:192)
	at com.mysql.cj.util.Util.getInstance(Util.java:167)
	at com.mysql.cj.util.Util.getInstance(Util.java:174)
	at com.mysql.cj.jdbc.exceptions.SQLError.createBatchUpdateException(SQLError.java:224)
	at com.mysql.cj.jdbc.ClientPreparedStatement.executeBatchedInserts(ClientPreparedStatement.java:755)
	at com.mysql.cj.jdbc.ClientPreparedStatement.executeBatchInternal(ClientPreparedStatement.java:426)
	at com.mysql.cj.jdbc.StatementImpl.executeBatch(StatementImpl.java:796)
	at com.alibaba.druid.filter.FilterChainImpl.statement_executeBatch(FilterChainImpl.java:3066)
	at com.alibaba.druid.filter.FilterAdapter.statement_executeBatch(FilterAdapter.java:2496)
	at com.alibaba.druid.filter.FilterEventAdapter.statement_executeBatch(FilterEventAdapter.java:279)
	at com.alibaba.druid.filter.FilterChainImpl.statement_executeBatch(FilterChainImpl.java:3064)
	at com.alibaba.druid.proxy.jdbc.StatementProxyImpl.executeBatch(StatementProxyImpl.java:202)
	at com.alibaba.druid.pool.DruidPooledPreparedStatement.executeBatch(DruidPooledPreparedStatement.java:566)
	at sun.reflect.GeneratedMethodAccessor205.invoke(Unknown Source)
	at sun.reflect.DelegatingMethodAccessorImpl.invoke(DelegatingMethodAccessorImpl.java:43)
	at java.lang.reflect.Method.invoke(Method.java:498)
	at org.apache.ibatis.logging.jdbc.PreparedStatementLogger.invoke(PreparedStatementLogger.java:78)
	at com.sun.proxy.$Proxy151.executeBatch(Unknown Source)
	at com.baomidou.mybatisplus.core.executor.MybatisBatchExecutor.doFlushStatements(MybatisBatchExecutor.java:135)
	at org.apache.ibatis.executor.BaseExecutor.flushStatements(BaseExecutor.java:129)
	at org.apache.ibatis.executor.BaseExecutor.flushStatements(BaseExecutor.java:122)
	at com.baomidou.mybatisplus.core.executor.MybatisCachingExecutor.flushStatements(MybatisCachingExecutor.java:218)
	at sun.reflect.GeneratedMethodAccessor206.invoke(Unknown Source)
	at sun.reflect.DelegatingMethodAccessorImpl.invoke(DelegatingMethodAccessorImpl.java:43)
	at java.lang.reflect.Method.invoke(Method.java:498)
	at org.apache.ibatis.plugin.Plugin.invoke(Plugin.java:64)
	at com.sun.proxy.$Proxy148.flushStatements(Unknown Source)
	at sun.reflect.GeneratedMethodAccessor206.invoke(Unknown Source)
	at sun.reflect.DelegatingMethodAccessorImpl.invoke(DelegatingMethodAccessorImpl.java:43)
	at java.lang.reflect.Method.invoke(Method.java:498)
	at org.apache.ibatis.plugin.Plugin.invoke(Plugin.java:64)
	at com.sun.proxy.$Proxy148.flushStatements(Unknown Source)
	at org.apache.ibatis.session.defaults.DefaultSqlSession.flushStatements(DefaultSqlSession.java:249)
	at com.baomidou.mybatisplus.extension.toolkit.SqlHelper.lambda$executeBatch$0(SqlHelper.java:217)
	at com.baomidou.mybatisplus.extension.toolkit.SqlHelper.executeBatch(SqlHelper.java:179)
	... 51 common frames omitted
Caused by: com.mysql.cj.jdbc.exceptions.MysqlDataTruncation: Data truncation: Data too long for column 'profession_name' at row 104
	at com.mysql.cj.jdbc.exceptions.SQLExceptionsMapping.translateException(SQLExceptionsMapping.java:104)
	at com.mysql.cj.jdbc.ClientPreparedStatement.executeInternal(ClientPreparedStatement.java:953)
	at com.mysql.cj.jdbc.ClientPreparedStatement.executeUpdateInternal(ClientPreparedStatement.java:1092)
	at com.mysql.cj.jdbc.ClientPreparedStatement.executeUpdateInternal(ClientPreparedStatement.java:1040)
	at com.mysql.cj.jdbc.ClientPreparedStatement.executeLargeUpdate(ClientPreparedStatement.java:1347)
	at com.mysql.cj.jdbc.ClientPreparedStatement.executeBatchedInserts(ClientPreparedStatement.java:716)
	... 81 common frames omitted
2026-04-17 17:15:39.370 [[36mthreadPoolTaskExecutor-1[0;39m] [[1;31mERROR[0;39m] [[32mcom.mock.example.common.utils.ExcelUtil[0;39m]: 流式解析 Excel 行失败: rowIndex=60021
org.springframework.dao.DataIntegrityViolationException: com.mock.example.modules.entrance.mapper.CeProfessionMapper.insert (batch index #13) failed. 12 prior sub executor(s) completed successfully, but will be rolled back. Cause: java.sql.BatchUpdateException: Data truncation: Data too long for column 'profession_name' at row 48
; Data truncation: Data too long for column 'profession_name' at row 48; nested exception is java.sql.BatchUpdateException: Data truncation: Data too long for column 'profession_name' at row 48
	at org.springframework.jdbc.support.SQLStateSQLExceptionTranslator.doTranslate(SQLStateSQLExceptionTranslator.java:104)
	at org.springframework.jdbc.support.AbstractFallbackSQLExceptionTranslator.translate(AbstractFallbackSQLExceptionTranslator.java:72)
	at org.springframework.jdbc.support.AbstractFallbackSQLExceptionTranslator.translate(AbstractFallbackSQLExceptionTranslator.java:81)
	at org.springframework.jdbc.support.AbstractFallbackSQLExceptionTranslator.translate(AbstractFallbackSQLExceptionTranslator.java:81)
	at org.mybatis.spring.MyBatisExceptionTranslator.translateExceptionIfPossible(MyBatisExceptionTranslator.java:88)
	at com.baomidou.mybatisplus.extension.toolkit.SqlHelper.executeBatch(SqlHelper.java:189)
	at com.baomidou.mybatisplus.extension.toolkit.SqlHelper.executeBatch(SqlHelper.java:211)
	at com.baomidou.mybatisplus.extension.service.impl.ServiceImpl.executeBatch(ServiceImpl.java:234)
	at com.baomidou.mybatisplus.extension.service.impl.ServiceImpl.saveBatch(ServiceImpl.java:130)
	at com.baomidou.mybatisplus.extension.service.impl.ServiceImpl$$FastClassBySpringCGLIB$$76535273.invoke(<generated>)
	at org.springframework.cglib.proxy.MethodProxy.invoke(MethodProxy.java:218)
	at org.springframework.aop.framework.CglibAopProxy$CglibMethodInvocation.invokeJoinpoint(CglibAopProxy.java:771)
	at org.springframework.aop.framework.ReflectiveMethodInvocation.proceed(ReflectiveMethodInvocation.java:163)
	at org.springframework.aop.framework.CglibAopProxy$CglibMethodInvocation.proceed(CglibAopProxy.java:749)
	at org.springframework.dao.support.PersistenceExceptionTranslationInterceptor.invoke(PersistenceExceptionTranslationInterceptor.java:139)
	at org.springframework.aop.framework.ReflectiveMethodInvocation.proceed(ReflectiveMethodInvocation.java:186)
	at org.springframework.aop.framework.CglibAopProxy$CglibMethodInvocation.proceed(CglibAopProxy.java:749)
	at org.springframework.transaction.interceptor.TransactionAspectSupport.invokeWithinTransaction(TransactionAspectSupport.java:367)
	at org.springframework.transaction.interceptor.TransactionInterceptor.invoke(TransactionInterceptor.java:118)
	at org.springframework.aop.framework.ReflectiveMethodInvocation.proceed(ReflectiveMethodInvocation.java:186)
	at org.springframework.aop.framework.CglibAopProxy$CglibMethodInvocation.proceed(CglibAopProxy.java:749)
	at org.springframework.aop.framework.CglibAopProxy$DynamicAdvisedInterceptor.intercept(CglibAopProxy.java:691)
	at com.mock.example.modules.entrance.repository.impl.CeProfessionRepoImpl$$EnhancerBySpringCGLIB$$5545b719.saveBatch(<generated>)
	at com.mock.example.modules.entrance.service.CeCollegeService.processImportBatch(CeCollegeService.java:221)
	at com.mock.example.modules.entrance.service.CeCollegeService.lambda$importCollegeDataAsync$6(CeCollegeService.java:133)
	at com.mock.example.common.utils.ExcelUtil$1.handle(ExcelUtil.java:261)
	at cn.hutool.poi.excel.sax.Excel07SaxReader.endElement(Excel07SaxReader.java:259)
	at org.apache.xerces.parsers.AbstractSAXParser.endElement(Unknown Source)
	at org.apache.xerces.impl.XMLNSDocumentScannerImpl.scanEndElement(Unknown Source)
	at org.apache.xerces.impl.XMLDocumentFragmentScannerImpl$FragmentContentDispatcher.dispatch(Unknown Source)
	at org.apache.xerces.impl.XMLDocumentFragmentScannerImpl.scanDocument(Unknown Source)
	at org.apache.xerces.parsers.XML11Configuration.parse(Unknown Source)
	at org.apache.xerces.parsers.XML11Configuration.parse(Unknown Source)
	at org.apache.xerces.parsers.XMLParser.parse(Unknown Source)
	at org.apache.xerces.parsers.AbstractSAXParser.parse(Unknown Source)
	at cn.hutool.poi.excel.sax.Excel07SaxReader.parse(Excel07SaxReader.java:337)
	at cn.hutool.poi.excel.sax.Excel07SaxReader.read(Excel07SaxReader.java:152)
	at cn.hutool.poi.excel.sax.Excel07SaxReader.read(Excel07SaxReader.java:122)
	at cn.hutool.poi.excel.ExcelUtil.read07BySax(ExcelUtil.java:84)
	at cn.hutool.poi.excel.ExcelUtil.readBySax(ExcelUtil.java:67)
	at cn.hutool.poi.excel.ExcelUtil.readBySax(ExcelUtil.java:53)
	at com.mock.example.common.utils.ExcelUtil.importExcelStreaming(ExcelUtil.java:186)
	at com.mock.example.modules.entrance.service.CeCollegeService.importCollegeDataAsync(CeCollegeService.java:132)
	at com.mock.example.modules.entrance.service.CeCollegeService$$FastClassBySpringCGLIB$$f1f9cc0f.invoke(<generated>)
	at org.springframework.cglib.proxy.MethodProxy.invoke(MethodProxy.java:218)
	at org.springframework.aop.framework.CglibAopProxy$CglibMethodInvocation.invokeJoinpoint(CglibAopProxy.java:771)
	at org.springframework.aop.framework.ReflectiveMethodInvocation.proceed(ReflectiveMethodInvocation.java:163)
	at org.springframework.aop.framework.CglibAopProxy$CglibMethodInvocation.proceed(CglibAopProxy.java:749)
	at org.springframework.transaction.interceptor.TransactionAspectSupport.invokeWithinTransaction(TransactionAspectSupport.java:367)
	at org.springframework.transaction.interceptor.TransactionInterceptor.invoke(TransactionInterceptor.java:118)
	at org.springframework.aop.framework.ReflectiveMethodInvocation.proceed(ReflectiveMethodInvocation.java:186)
	at org.springframework.aop.framework.CglibAopProxy$CglibMethodInvocation.proceed(CglibAopProxy.java:749)
	at org.springframework.aop.interceptor.AsyncExecutionInterceptor.lambda$invoke$0(AsyncExecutionInterceptor.java:115)
	at java.util.concurrent.FutureTask.run(FutureTask.java:266)
	at java.util.concurrent.ThreadPoolExecutor.runWorker(ThreadPoolExecutor.java:1149)
	at java.util.concurrent.ThreadPoolExecutor$Worker.run(ThreadPoolExecutor.java:624)
	at java.lang.Thread.run(Thread.java:750)
Caused by: java.sql.BatchUpdateException: Data truncation: Data too long for column 'profession_name' at row 48
	at sun.reflect.GeneratedConstructorAccessor83.newInstance(Unknown Source)
	at sun.reflect.DelegatingConstructorAccessorImpl.newInstance(DelegatingConstructorAccessorImpl.java:45)
	at java.lang.reflect.Constructor.newInstance(Constructor.java:423)
	at com.mysql.cj.util.Util.handleNewInstance(Util.java:192)
	at com.mysql.cj.util.Util.getInstance(Util.java:167)
	at com.mysql.cj.util.Util.getInstance(Util.java:174)
	at com.mysql.cj.jdbc.exceptions.SQLError.createBatchUpdateException(SQLError.java:224)
	at com.mysql.cj.jdbc.ClientPreparedStatement.executeBatchedInserts(ClientPreparedStatement.java:755)
	at com.mysql.cj.jdbc.ClientPreparedStatement.executeBatchInternal(ClientPreparedStatement.java:426)
	at com.mysql.cj.jdbc.StatementImpl.executeBatch(StatementImpl.java:796)
	at com.alibaba.druid.filter.FilterChainImpl.statement_executeBatch(FilterChainImpl.java:3066)
	at com.alibaba.druid.filter.FilterAdapter.statement_executeBatch(FilterAdapter.java:2496)
	at com.alibaba.druid.filter.FilterEventAdapter.statement_executeBatch(FilterEventAdapter.java:279)
	at com.alibaba.druid.filter.FilterChainImpl.statement_executeBatch(FilterChainImpl.java:3064)
	at com.alibaba.druid.proxy.jdbc.StatementProxyImpl.executeBatch(StatementProxyImpl.java:202)
	at com.alibaba.druid.pool.DruidPooledPreparedStatement.executeBatch(DruidPooledPreparedStatement.java:566)
	at sun.reflect.GeneratedMethodAccessor205.invoke(Unknown Source)
	at sun.reflect.DelegatingMethodAccessorImpl.invoke(DelegatingMethodAccessorImpl.java:43)
	at java.lang.reflect.Method.invoke(Method.java:498)
	at org.apache.ibatis.logging.jdbc.PreparedStatementLogger.invoke(PreparedStatementLogger.java:78)
	at com.sun.proxy.$Proxy151.executeBatch(Unknown Source)
	at com.baomidou.mybatisplus.core.executor.MybatisBatchExecutor.doFlushStatements(MybatisBatchExecutor.java:135)
	at org.apache.ibatis.executor.BaseExecutor.flushStatements(BaseExecutor.java:129)
	at org.apache.ibatis.executor.BaseExecutor.flushStatements(BaseExecutor.java:122)
	at com.baomidou.mybatisplus.core.executor.MybatisCachingExecutor.flushStatements(MybatisCachingExecutor.java:218)
	at sun.reflect.GeneratedMethodAccessor206.invoke(Unknown Source)
	at sun.reflect.DelegatingMethodAccessorImpl.invoke(DelegatingMethodAccessorImpl.java:43)
	at java.lang.reflect.Method.invoke(Method.java:498)
	at org.apache.ibatis.plugin.Plugin.invoke(Plugin.java:64)
	at com.sun.proxy.$Proxy148.flushStatements(Unknown Source)
	at sun.reflect.GeneratedMethodAccessor206.invoke(Unknown Source)
	at sun.reflect.DelegatingMethodAccessorImpl.invoke(DelegatingMethodAccessorImpl.java:43)
	at java.lang.reflect.Method.invoke(Method.java:498)
	at org.apache.ibatis.plugin.Plugin.invoke(Plugin.java:64)
	at com.sun.proxy.$Proxy148.flushStatements(Unknown Source)
	at org.apache.ibatis.session.defaults.DefaultSqlSession.flushStatements(DefaultSqlSession.java:249)
	at com.baomidou.mybatisplus.extension.toolkit.SqlHelper.lambda$executeBatch$0(SqlHelper.java:217)
	at com.baomidou.mybatisplus.extension.toolkit.SqlHelper.executeBatch(SqlHelper.java:179)
	... 51 common frames omitted
Caused by: com.mysql.cj.jdbc.exceptions.MysqlDataTruncation: Data truncation: Data too long for column 'profession_name' at row 48
	at com.mysql.cj.jdbc.exceptions.SQLExceptionsMapping.translateException(SQLExceptionsMapping.java:104)
	at com.mysql.cj.jdbc.ClientPreparedStatement.executeInternal(ClientPreparedStatement.java:953)
	at com.mysql.cj.jdbc.ClientPreparedStatement.executeUpdateInternal(ClientPreparedStatement.java:1092)
	at com.mysql.cj.jdbc.ClientPreparedStatement.executeUpdateInternal(ClientPreparedStatement.java:1040)
	at com.mysql.cj.jdbc.ClientPreparedStatement.executeLargeUpdate(ClientPreparedStatement.java:1347)
	at com.mysql.cj.jdbc.ClientPreparedStatement.executeBatchedInserts(ClientPreparedStatement.java:716)
	... 81 common frames omitted
2026-04-17 17:15:40.975 [[36mthreadPoolTaskExecutor-1[0;39m] [[1;31mERROR[0;39m] [[32mcom.mock.example.common.utils.ExcelUtil[0;39m]: 流式解析 Excel 行失败: rowIndex=62022
org.springframework.dao.DataIntegrityViolationException: com.mock.example.modules.entrance.mapper.CeProfessionMapper.insert (batch index #1) failed. Cause: java.sql.BatchUpdateException: Data truncation: Data too long for column 'profession_name' at row 495
; Data truncation: Data too long for column 'profession_name' at row 495; nested exception is java.sql.BatchUpdateException: Data truncation: Data too long for column 'profession_name' at row 495
	at org.springframework.jdbc.support.SQLStateSQLExceptionTranslator.doTranslate(SQLStateSQLExceptionTranslator.java:104)
	at org.springframework.jdbc.support.AbstractFallbackSQLExceptionTranslator.translate(AbstractFallbackSQLExceptionTranslator.java:72)
	at org.springframework.jdbc.support.AbstractFallbackSQLExceptionTranslator.translate(AbstractFallbackSQLExceptionTranslator.java:81)
	at org.springframework.jdbc.support.AbstractFallbackSQLExceptionTranslator.translate(AbstractFallbackSQLExceptionTranslator.java:81)
	at org.mybatis.spring.MyBatisExceptionTranslator.translateExceptionIfPossible(MyBatisExceptionTranslator.java:88)
	at com.baomidou.mybatisplus.extension.toolkit.SqlHelper.executeBatch(SqlHelper.java:189)
	at com.baomidou.mybatisplus.extension.toolkit.SqlHelper.executeBatch(SqlHelper.java:211)
	at com.baomidou.mybatisplus.extension.service.impl.ServiceImpl.executeBatch(ServiceImpl.java:234)
	at com.baomidou.mybatisplus.extension.service.impl.ServiceImpl.saveBatch(ServiceImpl.java:130)
	at com.baomidou.mybatisplus.extension.service.impl.ServiceImpl$$FastClassBySpringCGLIB$$76535273.invoke(<generated>)
	at org.springframework.cglib.proxy.MethodProxy.invoke(MethodProxy.java:218)
	at org.springframework.aop.framework.CglibAopProxy$CglibMethodInvocation.invokeJoinpoint(CglibAopProxy.java:771)
	at org.springframework.aop.framework.ReflectiveMethodInvocation.proceed(ReflectiveMethodInvocation.java:163)
	at org.springframework.aop.framework.CglibAopProxy$CglibMethodInvocation.proceed(CglibAopProxy.java:749)
	at org.springframework.dao.support.PersistenceExceptionTranslationInterceptor.invoke(PersistenceExceptionTranslationInterceptor.java:139)
	at org.springframework.aop.framework.ReflectiveMethodInvocation.proceed(ReflectiveMethodInvocation.java:186)
	at org.springframework.aop.framework.CglibAopProxy$CglibMethodInvocation.proceed(CglibAopProxy.java:749)
	at org.springframework.transaction.interceptor.TransactionAspectSupport.invokeWithinTransaction(TransactionAspectSupport.java:367)
	at org.springframework.transaction.interceptor.TransactionInterceptor.invoke(TransactionInterceptor.java:118)
	at org.springframework.aop.framework.ReflectiveMethodInvocation.proceed(ReflectiveMethodInvocation.java:186)
	at org.springframework.aop.framework.CglibAopProxy$CglibMethodInvocation.proceed(CglibAopProxy.java:749)
	at org.springframework.aop.framework.CglibAopProxy$DynamicAdvisedInterceptor.intercept(CglibAopProxy.java:691)
	at com.mock.example.modules.entrance.repository.impl.CeProfessionRepoImpl$$EnhancerBySpringCGLIB$$5545b719.saveBatch(<generated>)
	at com.mock.example.modules.entrance.service.CeCollegeService.processImportBatch(CeCollegeService.java:221)
	at com.mock.example.modules.entrance.service.CeCollegeService.lambda$importCollegeDataAsync$6(CeCollegeService.java:133)
	at com.mock.example.common.utils.ExcelUtil$1.handle(ExcelUtil.java:261)
	at cn.hutool.poi.excel.sax.Excel07SaxReader.endElement(Excel07SaxReader.java:259)
	at org.apache.xerces.parsers.AbstractSAXParser.endElement(Unknown Source)
	at org.apache.xerces.impl.XMLNSDocumentScannerImpl.scanEndElement(Unknown Source)
	at org.apache.xerces.impl.XMLDocumentFragmentScannerImpl$FragmentContentDispatcher.dispatch(Unknown Source)
	at org.apache.xerces.impl.XMLDocumentFragmentScannerImpl.scanDocument(Unknown Source)
	at org.apache.xerces.parsers.XML11Configuration.parse(Unknown Source)
	at org.apache.xerces.parsers.XML11Configuration.parse(Unknown Source)
	at org.apache.xerces.parsers.XMLParser.parse(Unknown Source)
	at org.apache.xerces.parsers.AbstractSAXParser.parse(Unknown Source)
	at cn.hutool.poi.excel.sax.Excel07SaxReader.parse(Excel07SaxReader.java:337)
	at cn.hutool.poi.excel.sax.Excel07SaxReader.read(Excel07SaxReader.java:152)
	at cn.hutool.poi.excel.sax.Excel07SaxReader.read(Excel07SaxReader.java:122)
	at cn.hutool.poi.excel.ExcelUtil.read07BySax(ExcelUtil.java:84)
	at cn.hutool.poi.excel.ExcelUtil.readBySax(ExcelUtil.java:67)
	at cn.hutool.poi.excel.ExcelUtil.readBySax(ExcelUtil.java:53)
	at com.mock.example.common.utils.ExcelUtil.importExcelStreaming(ExcelUtil.java:186)
	at com.mock.example.modules.entrance.service.CeCollegeService.importCollegeDataAsync(CeCollegeService.java:132)
	at com.mock.example.modules.entrance.service.CeCollegeService$$FastClassBySpringCGLIB$$f1f9cc0f.invoke(<generated>)
	at org.springframework.cglib.proxy.MethodProxy.invoke(MethodProxy.java:218)
	at org.springframework.aop.framework.CglibAopProxy$CglibMethodInvocation.invokeJoinpoint(CglibAopProxy.java:771)
	at org.springframework.aop.framework.ReflectiveMethodInvocation.proceed(ReflectiveMethodInvocation.java:163)
	at org.springframework.aop.framework.CglibAopProxy$CglibMethodInvocation.proceed(CglibAopProxy.java:749)
	at org.springframework.transaction.interceptor.TransactionAspectSupport.invokeWithinTransaction(TransactionAspectSupport.java:367)
	at org.springframework.transaction.interceptor.TransactionInterceptor.invoke(TransactionInterceptor.java:118)
	at org.springframework.aop.framework.ReflectiveMethodInvocation.proceed(ReflectiveMethodInvocation.java:186)
	at org.springframework.aop.framework.CglibAopProxy$CglibMethodInvocation.proceed(CglibAopProxy.java:749)
	at org.springframework.aop.interceptor.AsyncExecutionInterceptor.lambda$invoke$0(AsyncExecutionInterceptor.java:115)
	at java.util.concurrent.FutureTask.run(FutureTask.java:266)
	at java.util.concurrent.ThreadPoolExecutor.runWorker(ThreadPoolExecutor.java:1149)
	at java.util.concurrent.ThreadPoolExecutor$Worker.run(ThreadPoolExecutor.java:624)
	at java.lang.Thread.run(Thread.java:750)
Caused by: java.sql.BatchUpdateException: Data truncation: Data too long for column 'profession_name' at row 495
	at sun.reflect.GeneratedConstructorAccessor83.newInstance(Unknown Source)
	at sun.reflect.DelegatingConstructorAccessorImpl.newInstance(DelegatingConstructorAccessorImpl.java:45)
	at java.lang.reflect.Constructor.newInstance(Constructor.java:423)
	at com.mysql.cj.util.Util.handleNewInstance(Util.java:192)
	at com.mysql.cj.util.Util.getInstance(Util.java:167)
	at com.mysql.cj.util.Util.getInstance(Util.java:174)
	at com.mysql.cj.jdbc.exceptions.SQLError.createBatchUpdateException(SQLError.java:224)
	at com.mysql.cj.jdbc.ClientPreparedStatement.executeBatchedInserts(ClientPreparedStatement.java:755)
	at com.mysql.cj.jdbc.ClientPreparedStatement.executeBatchInternal(ClientPreparedStatement.java:426)
	at com.mysql.cj.jdbc.StatementImpl.executeBatch(StatementImpl.java:796)
	at com.alibaba.druid.filter.FilterChainImpl.statement_executeBatch(FilterChainImpl.java:3066)
	at com.alibaba.druid.filter.FilterAdapter.statement_executeBatch(FilterAdapter.java:2496)
	at com.alibaba.druid.filter.FilterEventAdapter.statement_executeBatch(FilterEventAdapter.java:279)
	at com.alibaba.druid.filter.FilterChainImpl.statement_executeBatch(FilterChainImpl.java:3064)
	at com.alibaba.druid.proxy.jdbc.StatementProxyImpl.executeBatch(StatementProxyImpl.java:202)
	at com.alibaba.druid.pool.DruidPooledPreparedStatement.executeBatch(DruidPooledPreparedStatement.java:566)
	at sun.reflect.GeneratedMethodAccessor205.invoke(Unknown Source)
	at sun.reflect.DelegatingMethodAccessorImpl.invoke(DelegatingMethodAccessorImpl.java:43)
	at java.lang.reflect.Method.invoke(Method.java:498)
	at org.apache.ibatis.logging.jdbc.PreparedStatementLogger.invoke(PreparedStatementLogger.java:78)
	at com.sun.proxy.$Proxy151.executeBatch(Unknown Source)
	at com.baomidou.mybatisplus.core.executor.MybatisBatchExecutor.doFlushStatements(MybatisBatchExecutor.java:135)
	at org.apache.ibatis.executor.BaseExecutor.flushStatements(BaseExecutor.java:129)
	at org.apache.ibatis.executor.BaseExecutor.flushStatements(BaseExecutor.java:122)
	at com.baomidou.mybatisplus.core.executor.MybatisCachingExecutor.flushStatements(MybatisCachingExecutor.java:218)
	at sun.reflect.GeneratedMethodAccessor206.invoke(Unknown Source)
	at sun.reflect.DelegatingMethodAccessorImpl.invoke(DelegatingMethodAccessorImpl.java:43)
	at java.lang.reflect.Method.invoke(Method.java:498)
	at org.apache.ibatis.plugin.Plugin.invoke(Plugin.java:64)
	at com.sun.proxy.$Proxy148.flushStatements(Unknown Source)
	at sun.reflect.GeneratedMethodAccessor206.invoke(Unknown Source)
	at sun.reflect.DelegatingMethodAccessorImpl.invoke(DelegatingMethodAccessorImpl.java:43)
	at java.lang.reflect.Method.invoke(Method.java:498)
	at org.apache.ibatis.plugin.Plugin.invoke(Plugin.java:64)
	at com.sun.proxy.$Proxy148.flushStatements(Unknown Source)
	at org.apache.ibatis.session.defaults.DefaultSqlSession.flushStatements(DefaultSqlSession.java:249)
	at com.baomidou.mybatisplus.extension.toolkit.SqlHelper.lambda$executeBatch$0(SqlHelper.java:217)
	at com.baomidou.mybatisplus.extension.toolkit.SqlHelper.executeBatch(SqlHelper.java:179)
	... 51 common frames omitted
Caused by: com.mysql.cj.jdbc.exceptions.MysqlDataTruncation: Data truncation: Data too long for column 'profession_name' at row 495
	at com.mysql.cj.jdbc.exceptions.SQLExceptionsMapping.translateException(SQLExceptionsMapping.java:104)
	at com.mysql.cj.jdbc.ClientPreparedStatement.executeInternal(ClientPreparedStatement.java:953)
	at com.mysql.cj.jdbc.ClientPreparedStatement.executeUpdateInternal(ClientPreparedStatement.java:1092)
	at com.mysql.cj.jdbc.ClientPreparedStatement.executeUpdateInternal(ClientPreparedStatement.java:1040)
	at com.mysql.cj.jdbc.ClientPreparedStatement.executeLargeUpdate(ClientPreparedStatement.java:1347)
	at com.mysql.cj.jdbc.ClientPreparedStatement.executeBatchedInserts(ClientPreparedStatement.java:716)
	... 81 common frames omitted
2026-04-17 17:15:42.380 [[36mthreadPoolTaskExecutor-1[0;39m] [[1;31mERROR[0;39m] [[32mcom.mock.example.common.utils.ExcelUtil[0;39m]: 流式解析 Excel 行失败: rowIndex=64023
org.springframework.dao.DataIntegrityViolationException: com.mock.example.modules.entrance.mapper.CeProfessionMapper.insert (batch index #5) failed. 4 prior sub executor(s) completed successfully, but will be rolled back. Cause: java.sql.BatchUpdateException: Data truncation: Data too long for column 'profession_name' at row 10
; Data truncation: Data too long for column 'profession_name' at row 10; nested exception is java.sql.BatchUpdateException: Data truncation: Data too long for column 'profession_name' at row 10
	at org.springframework.jdbc.support.SQLStateSQLExceptionTranslator.doTranslate(SQLStateSQLExceptionTranslator.java:104)
	at org.springframework.jdbc.support.AbstractFallbackSQLExceptionTranslator.translate(AbstractFallbackSQLExceptionTranslator.java:72)
	at org.springframework.jdbc.support.AbstractFallbackSQLExceptionTranslator.translate(AbstractFallbackSQLExceptionTranslator.java:81)
	at org.springframework.jdbc.support.AbstractFallbackSQLExceptionTranslator.translate(AbstractFallbackSQLExceptionTranslator.java:81)
	at org.mybatis.spring.MyBatisExceptionTranslator.translateExceptionIfPossible(MyBatisExceptionTranslator.java:88)
	at com.baomidou.mybatisplus.extension.toolkit.SqlHelper.executeBatch(SqlHelper.java:189)
	at com.baomidou.mybatisplus.extension.toolkit.SqlHelper.executeBatch(SqlHelper.java:211)
	at com.baomidou.mybatisplus.extension.service.impl.ServiceImpl.executeBatch(ServiceImpl.java:234)
	at com.baomidou.mybatisplus.extension.service.impl.ServiceImpl.saveBatch(ServiceImpl.java:130)
	at com.baomidou.mybatisplus.extension.service.impl.ServiceImpl$$FastClassBySpringCGLIB$$76535273.invoke(<generated>)
	at org.springframework.cglib.proxy.MethodProxy.invoke(MethodProxy.java:218)
	at org.springframework.aop.framework.CglibAopProxy$CglibMethodInvocation.invokeJoinpoint(CglibAopProxy.java:771)
	at org.springframework.aop.framework.ReflectiveMethodInvocation.proceed(ReflectiveMethodInvocation.java:163)
	at org.springframework.aop.framework.CglibAopProxy$CglibMethodInvocation.proceed(CglibAopProxy.java:749)
	at org.springframework.dao.support.PersistenceExceptionTranslationInterceptor.invoke(PersistenceExceptionTranslationInterceptor.java:139)
	at org.springframework.aop.framework.ReflectiveMethodInvocation.proceed(ReflectiveMethodInvocation.java:186)
	at org.springframework.aop.framework.CglibAopProxy$CglibMethodInvocation.proceed(CglibAopProxy.java:749)
	at org.springframework.transaction.interceptor.TransactionAspectSupport.invokeWithinTransaction(TransactionAspectSupport.java:367)
	at org.springframework.transaction.interceptor.TransactionInterceptor.invoke(TransactionInterceptor.java:118)
	at org.springframework.aop.framework.ReflectiveMethodInvocation.proceed(ReflectiveMethodInvocation.java:186)
	at org.springframework.aop.framework.CglibAopProxy$CglibMethodInvocation.proceed(CglibAopProxy.java:749)
	at org.springframework.aop.framework.CglibAopProxy$DynamicAdvisedInterceptor.intercept(CglibAopProxy.java:691)
	at com.mock.example.modules.entrance.repository.impl.CeProfessionRepoImpl$$EnhancerBySpringCGLIB$$5545b719.saveBatch(<generated>)
	at com.mock.example.modules.entrance.service.CeCollegeService.processImportBatch(CeCollegeService.java:221)
	at com.mock.example.modules.entrance.service.CeCollegeService.lambda$importCollegeDataAsync$6(CeCollegeService.java:133)
	at com.mock.example.common.utils.ExcelUtil$1.handle(ExcelUtil.java:261)
	at cn.hutool.poi.excel.sax.Excel07SaxReader.endElement(Excel07SaxReader.java:259)
	at org.apache.xerces.parsers.AbstractSAXParser.endElement(Unknown Source)
	at org.apache.xerces.impl.XMLNSDocumentScannerImpl.scanEndElement(Unknown Source)
	at org.apache.xerces.impl.XMLDocumentFragmentScannerImpl$FragmentContentDispatcher.dispatch(Unknown Source)
	at org.apache.xerces.impl.XMLDocumentFragmentScannerImpl.scanDocument(Unknown Source)
	at org.apache.xerces.parsers.XML11Configuration.parse(Unknown Source)
	at org.apache.xerces.parsers.XML11Configuration.parse(Unknown Source)
	at org.apache.xerces.parsers.XMLParser.parse(Unknown Source)
	at org.apache.xerces.parsers.AbstractSAXParser.parse(Unknown Source)
	at cn.hutool.poi.excel.sax.Excel07SaxReader.parse(Excel07SaxReader.java:337)
	at cn.hutool.poi.excel.sax.Excel07SaxReader.read(Excel07SaxReader.java:152)
	at cn.hutool.poi.excel.sax.Excel07SaxReader.read(Excel07SaxReader.java:122)
	at cn.hutool.poi.excel.ExcelUtil.read07BySax(ExcelUtil.java:84)
	at cn.hutool.poi.excel.ExcelUtil.readBySax(ExcelUtil.java:67)
	at cn.hutool.poi.excel.ExcelUtil.readBySax(ExcelUtil.java:53)
	at com.mock.example.common.utils.ExcelUtil.importExcelStreaming(ExcelUtil.java:186)
	at com.mock.example.modules.entrance.service.CeCollegeService.importCollegeDataAsync(CeCollegeService.java:132)
	at com.mock.example.modules.entrance.service.CeCollegeService$$FastClassBySpringCGLIB$$f1f9cc0f.invoke(<generated>)
	at org.springframework.cglib.proxy.MethodProxy.invoke(MethodProxy.java:218)
	at org.springframework.aop.framework.CglibAopProxy$CglibMethodInvocation.invokeJoinpoint(CglibAopProxy.java:771)
	at org.springframework.aop.framework.ReflectiveMethodInvocation.proceed(ReflectiveMethodInvocation.java:163)
	at org.springframework.aop.framework.CglibAopProxy$CglibMethodInvocation.proceed(CglibAopProxy.java:749)
	at org.springframework.transaction.interceptor.TransactionAspectSupport.invokeWithinTransaction(TransactionAspectSupport.java:367)
	at org.springframework.transaction.interceptor.TransactionInterceptor.invoke(TransactionInterceptor.java:118)
	at org.springframework.aop.framework.ReflectiveMethodInvocation.proceed(ReflectiveMethodInvocation.java:186)
	at org.springframework.aop.framework.CglibAopProxy$CglibMethodInvocation.proceed(CglibAopProxy.java:749)
	at org.springframework.aop.interceptor.AsyncExecutionInterceptor.lambda$invoke$0(AsyncExecutionInterceptor.java:115)
	at java.util.concurrent.FutureTask.run(FutureTask.java:266)
	at java.util.concurrent.ThreadPoolExecutor.runWorker(ThreadPoolExecutor.java:1149)
	at java.util.concurrent.ThreadPoolExecutor$Worker.run(ThreadPoolExecutor.java:624)
	at java.lang.Thread.run(Thread.java:750)
Caused by: java.sql.BatchUpdateException: Data truncation: Data too long for column 'profession_name' at row 10
	at sun.reflect.GeneratedConstructorAccessor83.newInstance(Unknown Source)
	at sun.reflect.DelegatingConstructorAccessorImpl.newInstance(DelegatingConstructorAccessorImpl.java:45)
	at java.lang.reflect.Constructor.newInstance(Constructor.java:423)
	at com.mysql.cj.util.Util.handleNewInstance(Util.java:192)
	at com.mysql.cj.util.Util.getInstance(Util.java:167)
	at com.mysql.cj.util.Util.getInstance(Util.java:174)
	at com.mysql.cj.jdbc.exceptions.SQLError.createBatchUpdateException(SQLError.java:224)
	at com.mysql.cj.jdbc.ClientPreparedStatement.executeBatchedInserts(ClientPreparedStatement.java:755)
	at com.mysql.cj.jdbc.ClientPreparedStatement.executeBatchInternal(ClientPreparedStatement.java:426)
	at com.mysql.cj.jdbc.StatementImpl.executeBatch(StatementImpl.java:796)
	at com.alibaba.druid.filter.FilterChainImpl.statement_executeBatch(FilterChainImpl.java:3066)
	at com.alibaba.druid.filter.FilterAdapter.statement_executeBatch(FilterAdapter.java:2496)
	at com.alibaba.druid.filter.FilterEventAdapter.statement_executeBatch(FilterEventAdapter.java:279)
	at com.alibaba.druid.filter.FilterChainImpl.statement_executeBatch(FilterChainImpl.java:3064)
	at com.alibaba.druid.proxy.jdbc.StatementProxyImpl.executeBatch(StatementProxyImpl.java:202)
	at com.alibaba.druid.pool.DruidPooledPreparedStatement.executeBatch(DruidPooledPreparedStatement.java:566)
	at sun.reflect.GeneratedMethodAccessor205.invoke(Unknown Source)
	at sun.reflect.DelegatingMethodAccessorImpl.invoke(DelegatingMethodAccessorImpl.java:43)
	at java.lang.reflect.Method.invoke(Method.java:498)
	at org.apache.ibatis.logging.jdbc.PreparedStatementLogger.invoke(PreparedStatementLogger.java:78)
	at com.sun.proxy.$Proxy151.executeBatch(Unknown Source)
	at com.baomidou.mybatisplus.core.executor.MybatisBatchExecutor.doFlushStatements(MybatisBatchExecutor.java:135)
	at org.apache.ibatis.executor.BaseExecutor.flushStatements(BaseExecutor.java:129)
	at org.apache.ibatis.executor.BaseExecutor.flushStatements(BaseExecutor.java:122)
	at com.baomidou.mybatisplus.core.executor.MybatisCachingExecutor.flushStatements(MybatisCachingExecutor.java:218)
	at sun.reflect.GeneratedMethodAccessor206.invoke(Unknown Source)
	at sun.reflect.DelegatingMethodAccessorImpl.invoke(DelegatingMethodAccessorImpl.java:43)
	at java.lang.reflect.Method.invoke(Method.java:498)
	at org.apache.ibatis.plugin.Plugin.invoke(Plugin.java:64)
	at com.sun.proxy.$Proxy148.flushStatements(Unknown Source)
	at sun.reflect.GeneratedMethodAccessor206.invoke(Unknown Source)
	at sun.reflect.DelegatingMethodAccessorImpl.invoke(DelegatingMethodAccessorImpl.java:43)
	at java.lang.reflect.Method.invoke(Method.java:498)
	at org.apache.ibatis.plugin.Plugin.invoke(Plugin.java:64)
	at com.sun.proxy.$Proxy148.flushStatements(Unknown Source)
	at org.apache.ibatis.session.defaults.DefaultSqlSession.flushStatements(DefaultSqlSession.java:249)
	at com.baomidou.mybatisplus.extension.toolkit.SqlHelper.lambda$executeBatch$0(SqlHelper.java:217)
	at com.baomidou.mybatisplus.extension.toolkit.SqlHelper.executeBatch(SqlHelper.java:179)
	... 51 common frames omitted
Caused by: com.mysql.cj.jdbc.exceptions.MysqlDataTruncation: Data truncation: Data too long for column 'profession_name' at row 10
	at com.mysql.cj.jdbc.exceptions.SQLExceptionsMapping.translateException(SQLExceptionsMapping.java:104)
	at com.mysql.cj.jdbc.ClientPreparedStatement.executeInternal(ClientPreparedStatement.java:953)
	at com.mysql.cj.jdbc.ClientPreparedStatement.executeUpdateInternal(ClientPreparedStatement.java:1092)
	at com.mysql.cj.jdbc.ClientPreparedStatement.executeUpdateInternal(ClientPreparedStatement.java:1040)
	at com.mysql.cj.jdbc.ClientPreparedStatement.executeLargeUpdate(ClientPreparedStatement.java:1347)
	at com.mysql.cj.jdbc.ClientPreparedStatement.executeBatchedInserts(ClientPreparedStatement.java:716)
	... 81 common frames omitted
2026-04-17 17:15:43.845 [[36mthreadPoolTaskExecutor-1[0;39m] [[1;31mERROR[0;39m] [[32mcom.mock.example.common.utils.ExcelUtil[0;39m]: 流式解析 Excel 行失败: rowIndex=66024
org.springframework.dao.DataIntegrityViolationException: com.mock.example.modules.entrance.mapper.CeProfessionMapper.insert (batch index #1) failed. Cause: java.sql.BatchUpdateException: Data truncation: Data too long for column 'profession_name' at row 306
; Data truncation: Data too long for column 'profession_name' at row 306; nested exception is java.sql.BatchUpdateException: Data truncation: Data too long for column 'profession_name' at row 306
	at org.springframework.jdbc.support.SQLStateSQLExceptionTranslator.doTranslate(SQLStateSQLExceptionTranslator.java:104)
	at org.springframework.jdbc.support.AbstractFallbackSQLExceptionTranslator.translate(AbstractFallbackSQLExceptionTranslator.java:72)
	at org.springframework.jdbc.support.AbstractFallbackSQLExceptionTranslator.translate(AbstractFallbackSQLExceptionTranslator.java:81)
	at org.springframework.jdbc.support.AbstractFallbackSQLExceptionTranslator.translate(AbstractFallbackSQLExceptionTranslator.java:81)
	at org.mybatis.spring.MyBatisExceptionTranslator.translateExceptionIfPossible(MyBatisExceptionTranslator.java:88)
	at com.baomidou.mybatisplus.extension.toolkit.SqlHelper.executeBatch(SqlHelper.java:189)
	at com.baomidou.mybatisplus.extension.toolkit.SqlHelper.executeBatch(SqlHelper.java:211)
	at com.baomidou.mybatisplus.extension.service.impl.ServiceImpl.executeBatch(ServiceImpl.java:234)
	at com.baomidou.mybatisplus.extension.service.impl.ServiceImpl.saveBatch(ServiceImpl.java:130)
	at com.baomidou.mybatisplus.extension.service.impl.ServiceImpl$$FastClassBySpringCGLIB$$76535273.invoke(<generated>)
	at org.springframework.cglib.proxy.MethodProxy.invoke(MethodProxy.java:218)
	at org.springframework.aop.framework.CglibAopProxy$CglibMethodInvocation.invokeJoinpoint(CglibAopProxy.java:771)
	at org.springframework.aop.framework.ReflectiveMethodInvocation.proceed(ReflectiveMethodInvocation.java:163)
	at org.springframework.aop.framework.CglibAopProxy$CglibMethodInvocation.proceed(CglibAopProxy.java:749)
	at org.springframework.dao.support.PersistenceExceptionTranslationInterceptor.invoke(PersistenceExceptionTranslationInterceptor.java:139)
	at org.springframework.aop.framework.ReflectiveMethodInvocation.proceed(ReflectiveMethodInvocation.java:186)
	at org.springframework.aop.framework.CglibAopProxy$CglibMethodInvocation.proceed(CglibAopProxy.java:749)
	at org.springframework.transaction.interceptor.TransactionAspectSupport.invokeWithinTransaction(TransactionAspectSupport.java:367)
	at org.springframework.transaction.interceptor.TransactionInterceptor.invoke(TransactionInterceptor.java:118)
	at org.springframework.aop.framework.ReflectiveMethodInvocation.proceed(ReflectiveMethodInvocation.java:186)
	at org.springframework.aop.framework.CglibAopProxy$CglibMethodInvocation.proceed(CglibAopProxy.java:749)
	at org.springframework.aop.framework.CglibAopProxy$DynamicAdvisedInterceptor.intercept(CglibAopProxy.java:691)
	at com.mock.example.modules.entrance.repository.impl.CeProfessionRepoImpl$$EnhancerBySpringCGLIB$$5545b719.saveBatch(<generated>)
	at com.mock.example.modules.entrance.service.CeCollegeService.processImportBatch(CeCollegeService.java:221)
	at com.mock.example.modules.entrance.service.CeCollegeService.lambda$importCollegeDataAsync$6(CeCollegeService.java:133)
	at com.mock.example.common.utils.ExcelUtil$1.handle(ExcelUtil.java:261)
	at cn.hutool.poi.excel.sax.Excel07SaxReader.endElement(Excel07SaxReader.java:259)
	at org.apache.xerces.parsers.AbstractSAXParser.endElement(Unknown Source)
	at org.apache.xerces.impl.XMLNSDocumentScannerImpl.scanEndElement(Unknown Source)
	at org.apache.xerces.impl.XMLDocumentFragmentScannerImpl$FragmentContentDispatcher.dispatch(Unknown Source)
	at org.apache.xerces.impl.XMLDocumentFragmentScannerImpl.scanDocument(Unknown Source)
	at org.apache.xerces.parsers.XML11Configuration.parse(Unknown Source)
	at org.apache.xerces.parsers.XML11Configuration.parse(Unknown Source)
	at org.apache.xerces.parsers.XMLParser.parse(Unknown Source)
	at org.apache.xerces.parsers.AbstractSAXParser.parse(Unknown Source)
	at cn.hutool.poi.excel.sax.Excel07SaxReader.parse(Excel07SaxReader.java:337)
	at cn.hutool.poi.excel.sax.Excel07SaxReader.read(Excel07SaxReader.java:152)
	at cn.hutool.poi.excel.sax.Excel07SaxReader.read(Excel07SaxReader.java:122)
	at cn.hutool.poi.excel.ExcelUtil.read07BySax(ExcelUtil.java:84)
	at cn.hutool.poi.excel.ExcelUtil.readBySax(ExcelUtil.java:67)
	at cn.hutool.poi.excel.ExcelUtil.readBySax(ExcelUtil.java:53)
	at com.mock.example.common.utils.ExcelUtil.importExcelStreaming(ExcelUtil.java:186)
	at com.mock.example.modules.entrance.service.CeCollegeService.importCollegeDataAsync(CeCollegeService.java:132)
	at com.mock.example.modules.entrance.service.CeCollegeService$$FastClassBySpringCGLIB$$f1f9cc0f.invoke(<generated>)
	at org.springframework.cglib.proxy.MethodProxy.invoke(MethodProxy.java:218)
	at org.springframework.aop.framework.CglibAopProxy$CglibMethodInvocation.invokeJoinpoint(CglibAopProxy.java:771)
	at org.springframework.aop.framework.ReflectiveMethodInvocation.proceed(ReflectiveMethodInvocation.java:163)
	at org.springframework.aop.framework.CglibAopProxy$CglibMethodInvocation.proceed(CglibAopProxy.java:749)
	at org.springframework.transaction.interceptor.TransactionAspectSupport.invokeWithinTransaction(TransactionAspectSupport.java:367)
	at org.springframework.transaction.interceptor.TransactionInterceptor.invoke(TransactionInterceptor.java:118)
	at org.springframework.aop.framework.ReflectiveMethodInvocation.proceed(ReflectiveMethodInvocation.java:186)
	at org.springframework.aop.framework.CglibAopProxy$CglibMethodInvocation.proceed(CglibAopProxy.java:749)
	at org.springframework.aop.interceptor.AsyncExecutionInterceptor.lambda$invoke$0(AsyncExecutionInterceptor.java:115)
	at java.util.concurrent.FutureTask.run(FutureTask.java:266)
	at java.util.concurrent.ThreadPoolExecutor.runWorker(ThreadPoolExecutor.java:1149)
	at java.util.concurrent.ThreadPoolExecutor$Worker.run(ThreadPoolExecutor.java:624)
	at java.lang.Thread.run(Thread.java:750)
Caused by: java.sql.BatchUpdateException: Data truncation: Data too long for column 'profession_name' at row 306
	at sun.reflect.GeneratedConstructorAccessor83.newInstance(Unknown Source)
	at sun.reflect.DelegatingConstructorAccessorImpl.newInstance(DelegatingConstructorAccessorImpl.java:45)
	at java.lang.reflect.Constructor.newInstance(Constructor.java:423)
	at com.mysql.cj.util.Util.handleNewInstance(Util.java:192)
	at com.mysql.cj.util.Util.getInstance(Util.java:167)
	at com.mysql.cj.util.Util.getInstance(Util.java:174)
	at com.mysql.cj.jdbc.exceptions.SQLError.createBatchUpdateException(SQLError.java:224)
	at com.mysql.cj.jdbc.ClientPreparedStatement.executeBatchedInserts(ClientPreparedStatement.java:755)
	at com.mysql.cj.jdbc.ClientPreparedStatement.executeBatchInternal(ClientPreparedStatement.java:426)
	at com.mysql.cj.jdbc.StatementImpl.executeBatch(StatementImpl.java:796)
	at com.alibaba.druid.filter.FilterChainImpl.statement_executeBatch(FilterChainImpl.java:3066)
	at com.alibaba.druid.filter.FilterAdapter.statement_executeBatch(FilterAdapter.java:2496)
	at com.alibaba.druid.filter.FilterEventAdapter.statement_executeBatch(FilterEventAdapter.java:279)
	at com.alibaba.druid.filter.FilterChainImpl.statement_executeBatch(FilterChainImpl.java:3064)
	at com.alibaba.druid.proxy.jdbc.StatementProxyImpl.executeBatch(StatementProxyImpl.java:202)
	at com.alibaba.druid.pool.DruidPooledPreparedStatement.executeBatch(DruidPooledPreparedStatement.java:566)
	at sun.reflect.GeneratedMethodAccessor205.invoke(Unknown Source)
	at sun.reflect.DelegatingMethodAccessorImpl.invoke(DelegatingMethodAccessorImpl.java:43)
	at java.lang.reflect.Method.invoke(Method.java:498)
	at org.apache.ibatis.logging.jdbc.PreparedStatementLogger.invoke(PreparedStatementLogger.java:78)
	at com.sun.proxy.$Proxy151.executeBatch(Unknown Source)
	at com.baomidou.mybatisplus.core.executor.MybatisBatchExecutor.doFlushStatements(MybatisBatchExecutor.java:135)
	at org.apache.ibatis.executor.BaseExecutor.flushStatements(BaseExecutor.java:129)
	at org.apache.ibatis.executor.BaseExecutor.flushStatements(BaseExecutor.java:122)
	at com.baomidou.mybatisplus.core.executor.MybatisCachingExecutor.flushStatements(MybatisCachingExecutor.java:218)
	at sun.reflect.GeneratedMethodAccessor206.invoke(Unknown Source)
	at sun.reflect.DelegatingMethodAccessorImpl.invoke(DelegatingMethodAccessorImpl.java:43)
	at java.lang.reflect.Method.invoke(Method.java:498)
	at org.apache.ibatis.plugin.Plugin.invoke(Plugin.java:64)
	at com.sun.proxy.$Proxy148.flushStatements(Unknown Source)
	at sun.reflect.GeneratedMethodAccessor206.invoke(Unknown Source)
	at sun.reflect.DelegatingMethodAccessorImpl.invoke(DelegatingMethodAccessorImpl.java:43)
	at java.lang.reflect.Method.invoke(Method.java:498)
	at org.apache.ibatis.plugin.Plugin.invoke(Plugin.java:64)
	at com.sun.proxy.$Proxy148.flushStatements(Unknown Source)
	at org.apache.ibatis.session.defaults.DefaultSqlSession.flushStatements(DefaultSqlSession.java:249)
	at com.baomidou.mybatisplus.extension.toolkit.SqlHelper.lambda$executeBatch$0(SqlHelper.java:217)
	at com.baomidou.mybatisplus.extension.toolkit.SqlHelper.executeBatch(SqlHelper.java:179)
	... 51 common frames omitted
Caused by: com.mysql.cj.jdbc.exceptions.MysqlDataTruncation: Data truncation: Data too long for column 'profession_name' at row 306
	at com.mysql.cj.jdbc.exceptions.SQLExceptionsMapping.translateException(SQLExceptionsMapping.java:104)
	at com.mysql.cj.jdbc.ClientPreparedStatement.executeInternal(ClientPreparedStatement.java:953)
	at com.mysql.cj.jdbc.ClientPreparedStatement.executeUpdateInternal(ClientPreparedStatement.java:1092)
	at com.mysql.cj.jdbc.ClientPreparedStatement.executeUpdateInternal(ClientPreparedStatement.java:1040)
	at com.mysql.cj.jdbc.ClientPreparedStatement.executeLargeUpdate(ClientPreparedStatement.java:1347)
	at com.mysql.cj.jdbc.ClientPreparedStatement.executeBatchedInserts(ClientPreparedStatement.java:716)
	... 81 common frames omitted
2026-04-17 17:15:45.410 [[36mthreadPoolTaskExecutor-1[0;39m] [[1;31mERROR[0;39m] [[32mcom.mock.example.common.utils.ExcelUtil[0;39m]: 流式解析 Excel 行失败: rowIndex=68025
org.springframework.dao.DataIntegrityViolationException: com.mock.example.modules.entrance.mapper.CeProfessionMapper.insert (batch index #7) failed. 6 prior sub executor(s) completed successfully, but will be rolled back. Cause: java.sql.BatchUpdateException: Data truncation: Data too long for column 'profession_name' at row 663
; Data truncation: Data too long for column 'profession_name' at row 663; nested exception is java.sql.BatchUpdateException: Data truncation: Data too long for column 'profession_name' at row 663
	at org.springframework.jdbc.support.SQLStateSQLExceptionTranslator.doTranslate(SQLStateSQLExceptionTranslator.java:104)
	at org.springframework.jdbc.support.AbstractFallbackSQLExceptionTranslator.translate(AbstractFallbackSQLExceptionTranslator.java:72)
	at org.springframework.jdbc.support.AbstractFallbackSQLExceptionTranslator.translate(AbstractFallbackSQLExceptionTranslator.java:81)
	at org.springframework.jdbc.support.AbstractFallbackSQLExceptionTranslator.translate(AbstractFallbackSQLExceptionTranslator.java:81)
	at org.mybatis.spring.MyBatisExceptionTranslator.translateExceptionIfPossible(MyBatisExceptionTranslator.java:88)
	at com.baomidou.mybatisplus.extension.toolkit.SqlHelper.executeBatch(SqlHelper.java:189)
	at com.baomidou.mybatisplus.extension.toolkit.SqlHelper.executeBatch(SqlHelper.java:211)
	at com.baomidou.mybatisplus.extension.service.impl.ServiceImpl.executeBatch(ServiceImpl.java:234)
	at com.baomidou.mybatisplus.extension.service.impl.ServiceImpl.saveBatch(ServiceImpl.java:130)
	at com.baomidou.mybatisplus.extension.service.impl.ServiceImpl$$FastClassBySpringCGLIB$$76535273.invoke(<generated>)
	at org.springframework.cglib.proxy.MethodProxy.invoke(MethodProxy.java:218)
	at org.springframework.aop.framework.CglibAopProxy$CglibMethodInvocation.invokeJoinpoint(CglibAopProxy.java:771)
	at org.springframework.aop.framework.ReflectiveMethodInvocation.proceed(ReflectiveMethodInvocation.java:163)
	at org.springframework.aop.framework.CglibAopProxy$CglibMethodInvocation.proceed(CglibAopProxy.java:749)
	at org.springframework.dao.support.PersistenceExceptionTranslationInterceptor.invoke(PersistenceExceptionTranslationInterceptor.java:139)
	at org.springframework.aop.framework.ReflectiveMethodInvocation.proceed(ReflectiveMethodInvocation.java:186)
	at org.springframework.aop.framework.CglibAopProxy$CglibMethodInvocation.proceed(CglibAopProxy.java:749)
	at org.springframework.transaction.interceptor.TransactionAspectSupport.invokeWithinTransaction(TransactionAspectSupport.java:367)
	at org.springframework.transaction.interceptor.TransactionInterceptor.invoke(TransactionInterceptor.java:118)
	at org.springframework.aop.framework.ReflectiveMethodInvocation.proceed(ReflectiveMethodInvocation.java:186)
	at org.springframework.aop.framework.CglibAopProxy$CglibMethodInvocation.proceed(CglibAopProxy.java:749)
	at org.springframework.aop.framework.CglibAopProxy$DynamicAdvisedInterceptor.intercept(CglibAopProxy.java:691)
	at com.mock.example.modules.entrance.repository.impl.CeProfessionRepoImpl$$EnhancerBySpringCGLIB$$5545b719.saveBatch(<generated>)
	at com.mock.example.modules.entrance.service.CeCollegeService.processImportBatch(CeCollegeService.java:221)
	at com.mock.example.modules.entrance.service.CeCollegeService.lambda$importCollegeDataAsync$6(CeCollegeService.java:133)
	at com.mock.example.common.utils.ExcelUtil$1.handle(ExcelUtil.java:261)
	at cn.hutool.poi.excel.sax.Excel07SaxReader.endElement(Excel07SaxReader.java:259)
	at org.apache.xerces.parsers.AbstractSAXParser.endElement(Unknown Source)
	at org.apache.xerces.impl.XMLNSDocumentScannerImpl.scanEndElement(Unknown Source)
	at org.apache.xerces.impl.XMLDocumentFragmentScannerImpl$FragmentContentDispatcher.dispatch(Unknown Source)
	at org.apache.xerces.impl.XMLDocumentFragmentScannerImpl.scanDocument(Unknown Source)
	at org.apache.xerces.parsers.XML11Configuration.parse(Unknown Source)
	at org.apache.xerces.parsers.XML11Configuration.parse(Unknown Source)
	at org.apache.xerces.parsers.XMLParser.parse(Unknown Source)
	at org.apache.xerces.parsers.AbstractSAXParser.parse(Unknown Source)
	at cn.hutool.poi.excel.sax.Excel07SaxReader.parse(Excel07SaxReader.java:337)
	at cn.hutool.poi.excel.sax.Excel07SaxReader.read(Excel07SaxReader.java:152)
	at cn.hutool.poi.excel.sax.Excel07SaxReader.read(Excel07SaxReader.java:122)
	at cn.hutool.poi.excel.ExcelUtil.read07BySax(ExcelUtil.java:84)
	at cn.hutool.poi.excel.ExcelUtil.readBySax(ExcelUtil.java:67)
	at cn.hutool.poi.excel.ExcelUtil.readBySax(ExcelUtil.java:53)
	at com.mock.example.common.utils.ExcelUtil.importExcelStreaming(ExcelUtil.java:186)
	at com.mock.example.modules.entrance.service.CeCollegeService.importCollegeDataAsync(CeCollegeService.java:132)
	at com.mock.example.modules.entrance.service.CeCollegeService$$FastClassBySpringCGLIB$$f1f9cc0f.invoke(<generated>)
	at org.springframework.cglib.proxy.MethodProxy.invoke(MethodProxy.java:218)
	at org.springframework.aop.framework.CglibAopProxy$CglibMethodInvocation.invokeJoinpoint(CglibAopProxy.java:771)
	at org.springframework.aop.framework.ReflectiveMethodInvocation.proceed(ReflectiveMethodInvocation.java:163)
	at org.springframework.aop.framework.CglibAopProxy$CglibMethodInvocation.proceed(CglibAopProxy.java:749)
	at org.springframework.transaction.interceptor.TransactionAspectSupport.invokeWithinTransaction(TransactionAspectSupport.java:367)
	at org.springframework.transaction.interceptor.TransactionInterceptor.invoke(TransactionInterceptor.java:118)
	at org.springframework.aop.framework.ReflectiveMethodInvocation.proceed(ReflectiveMethodInvocation.java:186)
	at org.springframework.aop.framework.CglibAopProxy$CglibMethodInvocation.proceed(CglibAopProxy.java:749)
	at org.springframework.aop.interceptor.AsyncExecutionInterceptor.lambda$invoke$0(AsyncExecutionInterceptor.java:115)
	at java.util.concurrent.FutureTask.run(FutureTask.java:266)
	at java.util.concurrent.ThreadPoolExecutor.runWorker(ThreadPoolExecutor.java:1149)
	at java.util.concurrent.ThreadPoolExecutor$Worker.run(ThreadPoolExecutor.java:624)
	at java.lang.Thread.run(Thread.java:750)
Caused by: java.sql.BatchUpdateException: Data truncation: Data too long for column 'profession_name' at row 663
	at sun.reflect.GeneratedConstructorAccessor83.newInstance(Unknown Source)
	at sun.reflect.DelegatingConstructorAccessorImpl.newInstance(DelegatingConstructorAccessorImpl.java:45)
	at java.lang.reflect.Constructor.newInstance(Constructor.java:423)
	at com.mysql.cj.util.Util.handleNewInstance(Util.java:192)
	at com.mysql.cj.util.Util.getInstance(Util.java:167)
	at com.mysql.cj.util.Util.getInstance(Util.java:174)
	at com.mysql.cj.jdbc.exceptions.SQLError.createBatchUpdateException(SQLError.java:224)
	at com.mysql.cj.jdbc.ClientPreparedStatement.executeBatchedInserts(ClientPreparedStatement.java:755)
	at com.mysql.cj.jdbc.ClientPreparedStatement.executeBatchInternal(ClientPreparedStatement.java:426)
	at com.mysql.cj.jdbc.StatementImpl.executeBatch(StatementImpl.java:796)
	at com.alibaba.druid.filter.FilterChainImpl.statement_executeBatch(FilterChainImpl.java:3066)
	at com.alibaba.druid.filter.FilterAdapter.statement_executeBatch(FilterAdapter.java:2496)
	at com.alibaba.druid.filter.FilterEventAdapter.statement_executeBatch(FilterEventAdapter.java:279)
	at com.alibaba.druid.filter.FilterChainImpl.statement_executeBatch(FilterChainImpl.java:3064)
	at com.alibaba.druid.proxy.jdbc.StatementProxyImpl.executeBatch(StatementProxyImpl.java:202)
	at com.alibaba.druid.pool.DruidPooledPreparedStatement.executeBatch(DruidPooledPreparedStatement.java:566)
	at sun.reflect.GeneratedMethodAccessor205.invoke(Unknown Source)
	at sun.reflect.DelegatingMethodAccessorImpl.invoke(DelegatingMethodAccessorImpl.java:43)
	at java.lang.reflect.Method.invoke(Method.java:498)
	at org.apache.ibatis.logging.jdbc.PreparedStatementLogger.invoke(PreparedStatementLogger.java:78)
	at com.sun.proxy.$Proxy151.executeBatch(Unknown Source)
	at com.baomidou.mybatisplus.core.executor.MybatisBatchExecutor.doFlushStatements(MybatisBatchExecutor.java:135)
	at org.apache.ibatis.executor.BaseExecutor.flushStatements(BaseExecutor.java:129)
	at org.apache.ibatis.executor.BaseExecutor.flushStatements(BaseExecutor.java:122)
	at com.baomidou.mybatisplus.core.executor.MybatisCachingExecutor.flushStatements(MybatisCachingExecutor.java:218)
	at sun.reflect.GeneratedMethodAccessor206.invoke(Unknown Source)
	at sun.reflect.DelegatingMethodAccessorImpl.invoke(DelegatingMethodAccessorImpl.java:43)
	at java.lang.reflect.Method.invoke(Method.java:498)
	at org.apache.ibatis.plugin.Plugin.invoke(Plugin.java:64)
	at com.sun.proxy.$Proxy148.flushStatements(Unknown Source)
	at sun.reflect.GeneratedMethodAccessor206.invoke(Unknown Source)
	at sun.reflect.DelegatingMethodAccessorImpl.invoke(DelegatingMethodAccessorImpl.java:43)
	at java.lang.reflect.Method.invoke(Method.java:498)
	at org.apache.ibatis.plugin.Plugin.invoke(Plugin.java:64)
	at com.sun.proxy.$Proxy148.flushStatements(Unknown Source)
	at org.apache.ibatis.session.defaults.DefaultSqlSession.flushStatements(DefaultSqlSession.java:249)
	at com.baomidou.mybatisplus.extension.toolkit.SqlHelper.lambda$executeBatch$0(SqlHelper.java:217)
	at com.baomidou.mybatisplus.extension.toolkit.SqlHelper.executeBatch(SqlHelper.java:179)
	... 51 common frames omitted
Caused by: com.mysql.cj.jdbc.exceptions.MysqlDataTruncation: Data truncation: Data too long for column 'profession_name' at row 663
	at com.mysql.cj.jdbc.exceptions.SQLExceptionsMapping.translateException(SQLExceptionsMapping.java:104)
	at com.mysql.cj.jdbc.ClientPreparedStatement.executeInternal(ClientPreparedStatement.java:953)
	at com.mysql.cj.jdbc.ClientPreparedStatement.executeUpdateInternal(ClientPreparedStatement.java:1092)
	at com.mysql.cj.jdbc.ClientPreparedStatement.executeUpdateInternal(ClientPreparedStatement.java:1040)
	at com.mysql.cj.jdbc.ClientPreparedStatement.executeLargeUpdate(ClientPreparedStatement.java:1347)
	at com.mysql.cj.jdbc.ClientPreparedStatement.executeBatchedInserts(ClientPreparedStatement.java:716)
	... 81 common frames omitted
2026-04-17 17:15:46.840 [[36mthreadPoolTaskExecutor-1[0;39m] [[1;31mERROR[0;39m] [[32mcom.mock.example.common.utils.ExcelUtil[0;39m]: 流式解析 Excel 行失败: rowIndex=70026
org.springframework.dao.DataIntegrityViolationException: com.mock.example.modules.entrance.mapper.CeProfessionMapper.insert (batch index #1) failed. Cause: java.sql.BatchUpdateException: Data truncation: Data too long for column 'profession_name' at row 693
; Data truncation: Data too long for column 'profession_name' at row 693; nested exception is java.sql.BatchUpdateException: Data truncation: Data too long for column 'profession_name' at row 693
	at org.springframework.jdbc.support.SQLStateSQLExceptionTranslator.doTranslate(SQLStateSQLExceptionTranslator.java:104)
	at org.springframework.jdbc.support.AbstractFallbackSQLExceptionTranslator.translate(AbstractFallbackSQLExceptionTranslator.java:72)
	at org.springframework.jdbc.support.AbstractFallbackSQLExceptionTranslator.translate(AbstractFallbackSQLExceptionTranslator.java:81)
	at org.springframework.jdbc.support.AbstractFallbackSQLExceptionTranslator.translate(AbstractFallbackSQLExceptionTranslator.java:81)
	at org.mybatis.spring.MyBatisExceptionTranslator.translateExceptionIfPossible(MyBatisExceptionTranslator.java:88)
	at com.baomidou.mybatisplus.extension.toolkit.SqlHelper.executeBatch(SqlHelper.java:189)
	at com.baomidou.mybatisplus.extension.toolkit.SqlHelper.executeBatch(SqlHelper.java:211)
	at com.baomidou.mybatisplus.extension.service.impl.ServiceImpl.executeBatch(ServiceImpl.java:234)
	at com.baomidou.mybatisplus.extension.service.impl.ServiceImpl.saveBatch(ServiceImpl.java:130)
	at com.baomidou.mybatisplus.extension.service.impl.ServiceImpl$$FastClassBySpringCGLIB$$76535273.invoke(<generated>)
	at org.springframework.cglib.proxy.MethodProxy.invoke(MethodProxy.java:218)
	at org.springframework.aop.framework.CglibAopProxy$CglibMethodInvocation.invokeJoinpoint(CglibAopProxy.java:771)
	at org.springframework.aop.framework.ReflectiveMethodInvocation.proceed(ReflectiveMethodInvocation.java:163)
	at org.springframework.aop.framework.CglibAopProxy$CglibMethodInvocation.proceed(CglibAopProxy.java:749)
	at org.springframework.dao.support.PersistenceExceptionTranslationInterceptor.invoke(PersistenceExceptionTranslationInterceptor.java:139)
	at org.springframework.aop.framework.ReflectiveMethodInvocation.proceed(ReflectiveMethodInvocation.java:186)
	at org.springframework.aop.framework.CglibAopProxy$CglibMethodInvocation.proceed(CglibAopProxy.java:749)
	at org.springframework.transaction.interceptor.TransactionAspectSupport.invokeWithinTransaction(TransactionAspectSupport.java:367)
	at org.springframework.transaction.interceptor.TransactionInterceptor.invoke(TransactionInterceptor.java:118)
	at org.springframework.aop.framework.ReflectiveMethodInvocation.proceed(ReflectiveMethodInvocation.java:186)
	at org.springframework.aop.framework.CglibAopProxy$CglibMethodInvocation.proceed(CglibAopProxy.java:749)
	at org.springframework.aop.framework.CglibAopProxy$DynamicAdvisedInterceptor.intercept(CglibAopProxy.java:691)
	at com.mock.example.modules.entrance.repository.impl.CeProfessionRepoImpl$$EnhancerBySpringCGLIB$$5545b719.saveBatch(<generated>)
	at com.mock.example.modules.entrance.service.CeCollegeService.processImportBatch(CeCollegeService.java:221)
	at com.mock.example.modules.entrance.service.CeCollegeService.lambda$importCollegeDataAsync$6(CeCollegeService.java:133)
	at com.mock.example.common.utils.ExcelUtil$1.handle(ExcelUtil.java:261)
	at cn.hutool.poi.excel.sax.Excel07SaxReader.endElement(Excel07SaxReader.java:259)
	at org.apache.xerces.parsers.AbstractSAXParser.endElement(Unknown Source)
	at org.apache.xerces.impl.XMLNSDocumentScannerImpl.scanEndElement(Unknown Source)
	at org.apache.xerces.impl.XMLDocumentFragmentScannerImpl$FragmentContentDispatcher.dispatch(Unknown Source)
	at org.apache.xerces.impl.XMLDocumentFragmentScannerImpl.scanDocument(Unknown Source)
	at org.apache.xerces.parsers.XML11Configuration.parse(Unknown Source)
	at org.apache.xerces.parsers.XML11Configuration.parse(Unknown Source)
	at org.apache.xerces.parsers.XMLParser.parse(Unknown Source)
	at org.apache.xerces.parsers.AbstractSAXParser.parse(Unknown Source)
	at cn.hutool.poi.excel.sax.Excel07SaxReader.parse(Excel07SaxReader.java:337)
	at cn.hutool.poi.excel.sax.Excel07SaxReader.read(Excel07SaxReader.java:152)
	at cn.hutool.poi.excel.sax.Excel07SaxReader.read(Excel07SaxReader.java:122)
	at cn.hutool.poi.excel.ExcelUtil.read07BySax(ExcelUtil.java:84)
	at cn.hutool.poi.excel.ExcelUtil.readBySax(ExcelUtil.java:67)
	at cn.hutool.poi.excel.ExcelUtil.readBySax(ExcelUtil.java:53)
	at com.mock.example.common.utils.ExcelUtil.importExcelStreaming(ExcelUtil.java:186)
	at com.mock.example.modules.entrance.service.CeCollegeService.importCollegeDataAsync(CeCollegeService.java:132)
	at com.mock.example.modules.entrance.service.CeCollegeService$$FastClassBySpringCGLIB$$f1f9cc0f.invoke(<generated>)
	at org.springframework.cglib.proxy.MethodProxy.invoke(MethodProxy.java:218)
	at org.springframework.aop.framework.CglibAopProxy$CglibMethodInvocation.invokeJoinpoint(CglibAopProxy.java:771)
	at org.springframework.aop.framework.ReflectiveMethodInvocation.proceed(ReflectiveMethodInvocation.java:163)
	at org.springframework.aop.framework.CglibAopProxy$CglibMethodInvocation.proceed(CglibAopProxy.java:749)
	at org.springframework.transaction.interceptor.TransactionAspectSupport.invokeWithinTransaction(TransactionAspectSupport.java:367)
	at org.springframework.transaction.interceptor.TransactionInterceptor.invoke(TransactionInterceptor.java:118)
	at org.springframework.aop.framework.ReflectiveMethodInvocation.proceed(ReflectiveMethodInvocation.java:186)
	at org.springframework.aop.framework.CglibAopProxy$CglibMethodInvocation.proceed(CglibAopProxy.java:749)
	at org.springframework.aop.interceptor.AsyncExecutionInterceptor.lambda$invoke$0(AsyncExecutionInterceptor.java:115)
	at java.util.concurrent.FutureTask.run(FutureTask.java:266)
	at java.util.concurrent.ThreadPoolExecutor.runWorker(ThreadPoolExecutor.java:1149)
	at java.util.concurrent.ThreadPoolExecutor$Worker.run(ThreadPoolExecutor.java:624)
	at java.lang.Thread.run(Thread.java:750)
Caused by: java.sql.BatchUpdateException: Data truncation: Data too long for column 'profession_name' at row 693
	at sun.reflect.GeneratedConstructorAccessor83.newInstance(Unknown Source)
	at sun.reflect.DelegatingConstructorAccessorImpl.newInstance(DelegatingConstructorAccessorImpl.java:45)
	at java.lang.reflect.Constructor.newInstance(Constructor.java:423)
	at com.mysql.cj.util.Util.handleNewInstance(Util.java:192)
	at com.mysql.cj.util.Util.getInstance(Util.java:167)
	at com.mysql.cj.util.Util.getInstance(Util.java:174)
	at com.mysql.cj.jdbc.exceptions.SQLError.createBatchUpdateException(SQLError.java:224)
	at com.mysql.cj.jdbc.ClientPreparedStatement.executeBatchedInserts(ClientPreparedStatement.java:755)
	at com.mysql.cj.jdbc.ClientPreparedStatement.executeBatchInternal(ClientPreparedStatement.java:426)
	at com.mysql.cj.jdbc.StatementImpl.executeBatch(StatementImpl.java:796)
	at com.alibaba.druid.filter.FilterChainImpl.statement_executeBatch(FilterChainImpl.java:3066)
	at com.alibaba.druid.filter.FilterAdapter.statement_executeBatch(FilterAdapter.java:2496)
	at com.alibaba.druid.filter.FilterEventAdapter.statement_executeBatch(FilterEventAdapter.java:279)
	at com.alibaba.druid.filter.FilterChainImpl.statement_executeBatch(FilterChainImpl.java:3064)
	at com.alibaba.druid.proxy.jdbc.StatementProxyImpl.executeBatch(StatementProxyImpl.java:202)
	at com.alibaba.druid.pool.DruidPooledPreparedStatement.executeBatch(DruidPooledPreparedStatement.java:566)
	at sun.reflect.GeneratedMethodAccessor205.invoke(Unknown Source)
	at sun.reflect.DelegatingMethodAccessorImpl.invoke(DelegatingMethodAccessorImpl.java:43)
	at java.lang.reflect.Method.invoke(Method.java:498)
	at org.apache.ibatis.logging.jdbc.PreparedStatementLogger.invoke(PreparedStatementLogger.java:78)
	at com.sun.proxy.$Proxy151.executeBatch(Unknown Source)
	at com.baomidou.mybatisplus.core.executor.MybatisBatchExecutor.doFlushStatements(MybatisBatchExecutor.java:135)
	at org.apache.ibatis.executor.BaseExecutor.flushStatements(BaseExecutor.java:129)
	at org.apache.ibatis.executor.BaseExecutor.flushStatements(BaseExecutor.java:122)
	at com.baomidou.mybatisplus.core.executor.MybatisCachingExecutor.flushStatements(MybatisCachingExecutor.java:218)
	at sun.reflect.GeneratedMethodAccessor206.invoke(Unknown Source)
	at sun.reflect.DelegatingMethodAccessorImpl.invoke(DelegatingMethodAccessorImpl.java:43)
	at java.lang.reflect.Method.invoke(Method.java:498)
	at org.apache.ibatis.plugin.Plugin.invoke(Plugin.java:64)
	at com.sun.proxy.$Proxy148.flushStatements(Unknown Source)
	at sun.reflect.GeneratedMethodAccessor206.invoke(Unknown Source)
	at sun.reflect.DelegatingMethodAccessorImpl.invoke(DelegatingMethodAccessorImpl.java:43)
	at java.lang.reflect.Method.invoke(Method.java:498)
	at org.apache.ibatis.plugin.Plugin.invoke(Plugin.java:64)
	at com.sun.proxy.$Proxy148.flushStatements(Unknown Source)
	at org.apache.ibatis.session.defaults.DefaultSqlSession.flushStatements(DefaultSqlSession.java:249)
	at com.baomidou.mybatisplus.extension.toolkit.SqlHelper.lambda$executeBatch$0(SqlHelper.java:217)
	at com.baomidou.mybatisplus.extension.toolkit.SqlHelper.executeBatch(SqlHelper.java:179)
	... 51 common frames omitted
Caused by: com.mysql.cj.jdbc.exceptions.MysqlDataTruncation: Data truncation: Data too long for column 'profession_name' at row 693
	at com.mysql.cj.jdbc.exceptions.SQLExceptionsMapping.translateException(SQLExceptionsMapping.java:104)
	at com.mysql.cj.jdbc.ClientPreparedStatement.executeInternal(ClientPreparedStatement.java:953)
	at com.mysql.cj.jdbc.ClientPreparedStatement.executeUpdateInternal(ClientPreparedStatement.java:1092)
	at com.mysql.cj.jdbc.ClientPreparedStatement.executeUpdateInternal(ClientPreparedStatement.java:1040)
	at com.mysql.cj.jdbc.ClientPreparedStatement.executeLargeUpdate(ClientPreparedStatement.java:1347)
	at com.mysql.cj.jdbc.ClientPreparedStatement.executeBatchedInserts(ClientPreparedStatement.java:716)
	... 81 common frames omitted
2026-04-17 17:15:48.190 [[36mthreadPoolTaskExecutor-1[0;39m] [[1;31mERROR[0;39m] [[32mcom.mock.example.common.utils.ExcelUtil[0;39m]: 流式解析 Excel 行失败: rowIndex=72027
org.springframework.dao.DataIntegrityViolationException: com.mock.example.modules.entrance.mapper.CeProfessionMapper.insert (batch index #1) failed. Cause: java.sql.BatchUpdateException: Data truncation: Data too long for column 'profession_name' at row 72
; Data truncation: Data too long for column 'profession_name' at row 72; nested exception is java.sql.BatchUpdateException: Data truncation: Data too long for column 'profession_name' at row 72
	at org.springframework.jdbc.support.SQLStateSQLExceptionTranslator.doTranslate(SQLStateSQLExceptionTranslator.java:104)
	at org.springframework.jdbc.support.AbstractFallbackSQLExceptionTranslator.translate(AbstractFallbackSQLExceptionTranslator.java:72)
	at org.springframework.jdbc.support.AbstractFallbackSQLExceptionTranslator.translate(AbstractFallbackSQLExceptionTranslator.java:81)
	at org.springframework.jdbc.support.AbstractFallbackSQLExceptionTranslator.translate(AbstractFallbackSQLExceptionTranslator.java:81)
	at org.mybatis.spring.MyBatisExceptionTranslator.translateExceptionIfPossible(MyBatisExceptionTranslator.java:88)
	at com.baomidou.mybatisplus.extension.toolkit.SqlHelper.executeBatch(SqlHelper.java:189)
	at com.baomidou.mybatisplus.extension.toolkit.SqlHelper.executeBatch(SqlHelper.java:211)
	at com.baomidou.mybatisplus.extension.service.impl.ServiceImpl.executeBatch(ServiceImpl.java:234)
	at com.baomidou.mybatisplus.extension.service.impl.ServiceImpl.saveBatch(ServiceImpl.java:130)
	at com.baomidou.mybatisplus.extension.service.impl.ServiceImpl$$FastClassBySpringCGLIB$$76535273.invoke(<generated>)
	at org.springframework.cglib.proxy.MethodProxy.invoke(MethodProxy.java:218)
	at org.springframework.aop.framework.CglibAopProxy$CglibMethodInvocation.invokeJoinpoint(CglibAopProxy.java:771)
	at org.springframework.aop.framework.ReflectiveMethodInvocation.proceed(ReflectiveMethodInvocation.java:163)
	at org.springframework.aop.framework.CglibAopProxy$CglibMethodInvocation.proceed(CglibAopProxy.java:749)
	at org.springframework.dao.support.PersistenceExceptionTranslationInterceptor.invoke(PersistenceExceptionTranslationInterceptor.java:139)
	at org.springframework.aop.framework.ReflectiveMethodInvocation.proceed(ReflectiveMethodInvocation.java:186)
	at org.springframework.aop.framework.CglibAopProxy$CglibMethodInvocation.proceed(CglibAopProxy.java:749)
	at org.springframework.transaction.interceptor.TransactionAspectSupport.invokeWithinTransaction(TransactionAspectSupport.java:367)
	at org.springframework.transaction.interceptor.TransactionInterceptor.invoke(TransactionInterceptor.java:118)
	at org.springframework.aop.framework.ReflectiveMethodInvocation.proceed(ReflectiveMethodInvocation.java:186)
	at org.springframework.aop.framework.CglibAopProxy$CglibMethodInvocation.proceed(CglibAopProxy.java:749)
	at org.springframework.aop.framework.CglibAopProxy$DynamicAdvisedInterceptor.intercept(CglibAopProxy.java:691)
	at com.mock.example.modules.entrance.repository.impl.CeProfessionRepoImpl$$EnhancerBySpringCGLIB$$5545b719.saveBatch(<generated>)
	at com.mock.example.modules.entrance.service.CeCollegeService.processImportBatch(CeCollegeService.java:221)
	at com.mock.example.modules.entrance.service.CeCollegeService.lambda$importCollegeDataAsync$6(CeCollegeService.java:133)
	at com.mock.example.common.utils.ExcelUtil$1.handle(ExcelUtil.java:261)
	at cn.hutool.poi.excel.sax.Excel07SaxReader.endElement(Excel07SaxReader.java:259)
	at org.apache.xerces.parsers.AbstractSAXParser.endElement(Unknown Source)
	at org.apache.xerces.impl.XMLNSDocumentScannerImpl.scanEndElement(Unknown Source)
	at org.apache.xerces.impl.XMLDocumentFragmentScannerImpl$FragmentContentDispatcher.dispatch(Unknown Source)
	at org.apache.xerces.impl.XMLDocumentFragmentScannerImpl.scanDocument(Unknown Source)
	at org.apache.xerces.parsers.XML11Configuration.parse(Unknown Source)
	at org.apache.xerces.parsers.XML11Configuration.parse(Unknown Source)
	at org.apache.xerces.parsers.XMLParser.parse(Unknown Source)
	at org.apache.xerces.parsers.AbstractSAXParser.parse(Unknown Source)
	at cn.hutool.poi.excel.sax.Excel07SaxReader.parse(Excel07SaxReader.java:337)
	at cn.hutool.poi.excel.sax.Excel07SaxReader.read(Excel07SaxReader.java:152)
	at cn.hutool.poi.excel.sax.Excel07SaxReader.read(Excel07SaxReader.java:122)
	at cn.hutool.poi.excel.ExcelUtil.read07BySax(ExcelUtil.java:84)
	at cn.hutool.poi.excel.ExcelUtil.readBySax(ExcelUtil.java:67)
	at cn.hutool.poi.excel.ExcelUtil.readBySax(ExcelUtil.java:53)
	at com.mock.example.common.utils.ExcelUtil.importExcelStreaming(ExcelUtil.java:186)
	at com.mock.example.modules.entrance.service.CeCollegeService.importCollegeDataAsync(CeCollegeService.java:132)
	at com.mock.example.modules.entrance.service.CeCollegeService$$FastClassBySpringCGLIB$$f1f9cc0f.invoke(<generated>)
	at org.springframework.cglib.proxy.MethodProxy.invoke(MethodProxy.java:218)
	at org.springframework.aop.framework.CglibAopProxy$CglibMethodInvocation.invokeJoinpoint(CglibAopProxy.java:771)
	at org.springframework.aop.framework.ReflectiveMethodInvocation.proceed(ReflectiveMethodInvocation.java:163)
	at org.springframework.aop.framework.CglibAopProxy$CglibMethodInvocation.proceed(CglibAopProxy.java:749)
	at org.springframework.transaction.interceptor.TransactionAspectSupport.invokeWithinTransaction(TransactionAspectSupport.java:367)
	at org.springframework.transaction.interceptor.TransactionInterceptor.invoke(TransactionInterceptor.java:118)
	at org.springframework.aop.framework.ReflectiveMethodInvocation.proceed(ReflectiveMethodInvocation.java:186)
	at org.springframework.aop.framework.CglibAopProxy$CglibMethodInvocation.proceed(CglibAopProxy.java:749)
	at org.springframework.aop.interceptor.AsyncExecutionInterceptor.lambda$invoke$0(AsyncExecutionInterceptor.java:115)
	at java.util.concurrent.FutureTask.run(FutureTask.java:266)
	at java.util.concurrent.ThreadPoolExecutor.runWorker(ThreadPoolExecutor.java:1149)
	at java.util.concurrent.ThreadPoolExecutor$Worker.run(ThreadPoolExecutor.java:624)
	at java.lang.Thread.run(Thread.java:750)
Caused by: java.sql.BatchUpdateException: Data truncation: Data too long for column 'profession_name' at row 72
	at sun.reflect.GeneratedConstructorAccessor83.newInstance(Unknown Source)
	at sun.reflect.DelegatingConstructorAccessorImpl.newInstance(DelegatingConstructorAccessorImpl.java:45)
	at java.lang.reflect.Constructor.newInstance(Constructor.java:423)
	at com.mysql.cj.util.Util.handleNewInstance(Util.java:192)
	at com.mysql.cj.util.Util.getInstance(Util.java:167)
	at com.mysql.cj.util.Util.getInstance(Util.java:174)
	at com.mysql.cj.jdbc.exceptions.SQLError.createBatchUpdateException(SQLError.java:224)
	at com.mysql.cj.jdbc.ClientPreparedStatement.executeBatchedInserts(ClientPreparedStatement.java:755)
	at com.mysql.cj.jdbc.ClientPreparedStatement.executeBatchInternal(ClientPreparedStatement.java:426)
	at com.mysql.cj.jdbc.StatementImpl.executeBatch(StatementImpl.java:796)
	at com.alibaba.druid.filter.FilterChainImpl.statement_executeBatch(FilterChainImpl.java:3066)
	at com.alibaba.druid.filter.FilterAdapter.statement_executeBatch(FilterAdapter.java:2496)
	at com.alibaba.druid.filter.FilterEventAdapter.statement_executeBatch(FilterEventAdapter.java:279)
	at com.alibaba.druid.filter.FilterChainImpl.statement_executeBatch(FilterChainImpl.java:3064)
	at com.alibaba.druid.proxy.jdbc.StatementProxyImpl.executeBatch(StatementProxyImpl.java:202)
	at com.alibaba.druid.pool.DruidPooledPreparedStatement.executeBatch(DruidPooledPreparedStatement.java:566)
	at sun.reflect.GeneratedMethodAccessor205.invoke(Unknown Source)
	at sun.reflect.DelegatingMethodAccessorImpl.invoke(DelegatingMethodAccessorImpl.java:43)
	at java.lang.reflect.Method.invoke(Method.java:498)
	at org.apache.ibatis.logging.jdbc.PreparedStatementLogger.invoke(PreparedStatementLogger.java:78)
	at com.sun.proxy.$Proxy151.executeBatch(Unknown Source)
	at com.baomidou.mybatisplus.core.executor.MybatisBatchExecutor.doFlushStatements(MybatisBatchExecutor.java:135)
	at org.apache.ibatis.executor.BaseExecutor.flushStatements(BaseExecutor.java:129)
	at org.apache.ibatis.executor.BaseExecutor.flushStatements(BaseExecutor.java:122)
	at com.baomidou.mybatisplus.core.executor.MybatisCachingExecutor.flushStatements(MybatisCachingExecutor.java:218)
	at sun.reflect.GeneratedMethodAccessor206.invoke(Unknown Source)
	at sun.reflect.DelegatingMethodAccessorImpl.invoke(DelegatingMethodAccessorImpl.java:43)
	at java.lang.reflect.Method.invoke(Method.java:498)
	at org.apache.ibatis.plugin.Plugin.invoke(Plugin.java:64)
	at com.sun.proxy.$Proxy148.flushStatements(Unknown Source)
	at sun.reflect.GeneratedMethodAccessor206.invoke(Unknown Source)
	at sun.reflect.DelegatingMethodAccessorImpl.invoke(DelegatingMethodAccessorImpl.java:43)
	at java.lang.reflect.Method.invoke(Method.java:498)
	at org.apache.ibatis.plugin.Plugin.invoke(Plugin.java:64)
	at com.sun.proxy.$Proxy148.flushStatements(Unknown Source)
	at org.apache.ibatis.session.defaults.DefaultSqlSession.flushStatements(DefaultSqlSession.java:249)
	at com.baomidou.mybatisplus.extension.toolkit.SqlHelper.lambda$executeBatch$0(SqlHelper.java:217)
	at com.baomidou.mybatisplus.extension.toolkit.SqlHelper.executeBatch(SqlHelper.java:179)
	... 51 common frames omitted
Caused by: com.mysql.cj.jdbc.exceptions.MysqlDataTruncation: Data truncation: Data too long for column 'profession_name' at row 72
	at com.mysql.cj.jdbc.exceptions.SQLExceptionsMapping.translateException(SQLExceptionsMapping.java:104)
	at com.mysql.cj.jdbc.ClientPreparedStatement.executeInternal(ClientPreparedStatement.java:953)
	at com.mysql.cj.jdbc.ClientPreparedStatement.executeUpdateInternal(ClientPreparedStatement.java:1092)
	at com.mysql.cj.jdbc.ClientPreparedStatement.executeUpdateInternal(ClientPreparedStatement.java:1040)
	at com.mysql.cj.jdbc.ClientPreparedStatement.executeLargeUpdate(ClientPreparedStatement.java:1347)
	at com.mysql.cj.jdbc.ClientPreparedStatement.executeBatchedInserts(ClientPreparedStatement.java:716)
	... 81 common frames omitted
2026-04-17 17:15:49.524 [[36mthreadPoolTaskExecutor-1[0;39m] [[1;31mERROR[0;39m] [[32mcom.mock.example.common.utils.ExcelUtil[0;39m]: 流式解析 Excel 行失败: rowIndex=74028
org.springframework.dao.DataIntegrityViolationException: com.mock.example.modules.entrance.mapper.CeProfessionMapper.insert (batch index #1) failed. Cause: java.sql.BatchUpdateException: Data truncation: Data too long for column 'profession_name' at row 179
; Data truncation: Data too long for column 'profession_name' at row 179; nested exception is java.sql.BatchUpdateException: Data truncation: Data too long for column 'profession_name' at row 179
	at org.springframework.jdbc.support.SQLStateSQLExceptionTranslator.doTranslate(SQLStateSQLExceptionTranslator.java:104)
	at org.springframework.jdbc.support.AbstractFallbackSQLExceptionTranslator.translate(AbstractFallbackSQLExceptionTranslator.java:72)
	at org.springframework.jdbc.support.AbstractFallbackSQLExceptionTranslator.translate(AbstractFallbackSQLExceptionTranslator.java:81)
	at org.springframework.jdbc.support.AbstractFallbackSQLExceptionTranslator.translate(AbstractFallbackSQLExceptionTranslator.java:81)
	at org.mybatis.spring.MyBatisExceptionTranslator.translateExceptionIfPossible(MyBatisExceptionTranslator.java:88)
	at com.baomidou.mybatisplus.extension.toolkit.SqlHelper.executeBatch(SqlHelper.java:189)
	at com.baomidou.mybatisplus.extension.toolkit.SqlHelper.executeBatch(SqlHelper.java:211)
	at com.baomidou.mybatisplus.extension.service.impl.ServiceImpl.executeBatch(ServiceImpl.java:234)
	at com.baomidou.mybatisplus.extension.service.impl.ServiceImpl.saveBatch(ServiceImpl.java:130)
	at com.baomidou.mybatisplus.extension.service.impl.ServiceImpl$$FastClassBySpringCGLIB$$76535273.invoke(<generated>)
	at org.springframework.cglib.proxy.MethodProxy.invoke(MethodProxy.java:218)
	at org.springframework.aop.framework.CglibAopProxy$CglibMethodInvocation.invokeJoinpoint(CglibAopProxy.java:771)
	at org.springframework.aop.framework.ReflectiveMethodInvocation.proceed(ReflectiveMethodInvocation.java:163)
	at org.springframework.aop.framework.CglibAopProxy$CglibMethodInvocation.proceed(CglibAopProxy.java:749)
	at org.springframework.dao.support.PersistenceExceptionTranslationInterceptor.invoke(PersistenceExceptionTranslationInterceptor.java:139)
	at org.springframework.aop.framework.ReflectiveMethodInvocation.proceed(ReflectiveMethodInvocation.java:186)
	at org.springframework.aop.framework.CglibAopProxy$CglibMethodInvocation.proceed(CglibAopProxy.java:749)
	at org.springframework.transaction.interceptor.TransactionAspectSupport.invokeWithinTransaction(TransactionAspectSupport.java:367)
	at org.springframework.transaction.interceptor.TransactionInterceptor.invoke(TransactionInterceptor.java:118)
	at org.springframework.aop.framework.ReflectiveMethodInvocation.proceed(ReflectiveMethodInvocation.java:186)
	at org.springframework.aop.framework.CglibAopProxy$CglibMethodInvocation.proceed(CglibAopProxy.java:749)
	at org.springframework.aop.framework.CglibAopProxy$DynamicAdvisedInterceptor.intercept(CglibAopProxy.java:691)
	at com.mock.example.modules.entrance.repository.impl.CeProfessionRepoImpl$$EnhancerBySpringCGLIB$$5545b719.saveBatch(<generated>)
	at com.mock.example.modules.entrance.service.CeCollegeService.processImportBatch(CeCollegeService.java:221)
	at com.mock.example.modules.entrance.service.CeCollegeService.lambda$importCollegeDataAsync$6(CeCollegeService.java:133)
	at com.mock.example.common.utils.ExcelUtil$1.handle(ExcelUtil.java:261)
	at cn.hutool.poi.excel.sax.Excel07SaxReader.endElement(Excel07SaxReader.java:259)
	at org.apache.xerces.parsers.AbstractSAXParser.endElement(Unknown Source)
	at org.apache.xerces.impl.XMLNSDocumentScannerImpl.scanEndElement(Unknown Source)
	at org.apache.xerces.impl.XMLDocumentFragmentScannerImpl$FragmentContentDispatcher.dispatch(Unknown Source)
	at org.apache.xerces.impl.XMLDocumentFragmentScannerImpl.scanDocument(Unknown Source)
	at org.apache.xerces.parsers.XML11Configuration.parse(Unknown Source)
	at org.apache.xerces.parsers.XML11Configuration.parse(Unknown Source)
	at org.apache.xerces.parsers.XMLParser.parse(Unknown Source)
	at org.apache.xerces.parsers.AbstractSAXParser.parse(Unknown Source)
	at cn.hutool.poi.excel.sax.Excel07SaxReader.parse(Excel07SaxReader.java:337)
	at cn.hutool.poi.excel.sax.Excel07SaxReader.read(Excel07SaxReader.java:152)
	at cn.hutool.poi.excel.sax.Excel07SaxReader.read(Excel07SaxReader.java:122)
	at cn.hutool.poi.excel.ExcelUtil.read07BySax(ExcelUtil.java:84)
	at cn.hutool.poi.excel.ExcelUtil.readBySax(ExcelUtil.java:67)
	at cn.hutool.poi.excel.ExcelUtil.readBySax(ExcelUtil.java:53)
	at com.mock.example.common.utils.ExcelUtil.importExcelStreaming(ExcelUtil.java:186)
	at com.mock.example.modules.entrance.service.CeCollegeService.importCollegeDataAsync(CeCollegeService.java:132)
	at com.mock.example.modules.entrance.service.CeCollegeService$$FastClassBySpringCGLIB$$f1f9cc0f.invoke(<generated>)
	at org.springframework.cglib.proxy.MethodProxy.invoke(MethodProxy.java:218)
	at org.springframework.aop.framework.CglibAopProxy$CglibMethodInvocation.invokeJoinpoint(CglibAopProxy.java:771)
	at org.springframework.aop.framework.ReflectiveMethodInvocation.proceed(ReflectiveMethodInvocation.java:163)
	at org.springframework.aop.framework.CglibAopProxy$CglibMethodInvocation.proceed(CglibAopProxy.java:749)
	at org.springframework.transaction.interceptor.TransactionAspectSupport.invokeWithinTransaction(TransactionAspectSupport.java:367)
	at org.springframework.transaction.interceptor.TransactionInterceptor.invoke(TransactionInterceptor.java:118)
	at org.springframework.aop.framework.ReflectiveMethodInvocation.proceed(ReflectiveMethodInvocation.java:186)
	at org.springframework.aop.framework.CglibAopProxy$CglibMethodInvocation.proceed(CglibAopProxy.java:749)
	at org.springframework.aop.interceptor.AsyncExecutionInterceptor.lambda$invoke$0(AsyncExecutionInterceptor.java:115)
	at java.util.concurrent.FutureTask.run(FutureTask.java:266)
	at java.util.concurrent.ThreadPoolExecutor.runWorker(ThreadPoolExecutor.java:1149)
	at java.util.concurrent.ThreadPoolExecutor$Worker.run(ThreadPoolExecutor.java:624)
	at java.lang.Thread.run(Thread.java:750)
Caused by: java.sql.BatchUpdateException: Data truncation: Data too long for column 'profession_name' at row 179
	at sun.reflect.GeneratedConstructorAccessor83.newInstance(Unknown Source)
	at sun.reflect.DelegatingConstructorAccessorImpl.newInstance(DelegatingConstructorAccessorImpl.java:45)
	at java.lang.reflect.Constructor.newInstance(Constructor.java:423)
	at com.mysql.cj.util.Util.handleNewInstance(Util.java:192)
	at com.mysql.cj.util.Util.getInstance(Util.java:167)
	at com.mysql.cj.util.Util.getInstance(Util.java:174)
	at com.mysql.cj.jdbc.exceptions.SQLError.createBatchUpdateException(SQLError.java:224)
	at com.mysql.cj.jdbc.ClientPreparedStatement.executeBatchedInserts(ClientPreparedStatement.java:755)
	at com.mysql.cj.jdbc.ClientPreparedStatement.executeBatchInternal(ClientPreparedStatement.java:426)
	at com.mysql.cj.jdbc.StatementImpl.executeBatch(StatementImpl.java:796)
	at com.alibaba.druid.filter.FilterChainImpl.statement_executeBatch(FilterChainImpl.java:3066)
	at com.alibaba.druid.filter.FilterAdapter.statement_executeBatch(FilterAdapter.java:2496)
	at com.alibaba.druid.filter.FilterEventAdapter.statement_executeBatch(FilterEventAdapter.java:279)
	at com.alibaba.druid.filter.FilterChainImpl.statement_executeBatch(FilterChainImpl.java:3064)
	at com.alibaba.druid.proxy.jdbc.StatementProxyImpl.executeBatch(StatementProxyImpl.java:202)
	at com.alibaba.druid.pool.DruidPooledPreparedStatement.executeBatch(DruidPooledPreparedStatement.java:566)
	at sun.reflect.GeneratedMethodAccessor205.invoke(Unknown Source)
	at sun.reflect.DelegatingMethodAccessorImpl.invoke(DelegatingMethodAccessorImpl.java:43)
	at java.lang.reflect.Method.invoke(Method.java:498)
	at org.apache.ibatis.logging.jdbc.PreparedStatementLogger.invoke(PreparedStatementLogger.java:78)
	at com.sun.proxy.$Proxy151.executeBatch(Unknown Source)
	at com.baomidou.mybatisplus.core.executor.MybatisBatchExecutor.doFlushStatements(MybatisBatchExecutor.java:135)
	at org.apache.ibatis.executor.BaseExecutor.flushStatements(BaseExecutor.java:129)
	at org.apache.ibatis.executor.BaseExecutor.flushStatements(BaseExecutor.java:122)
	at com.baomidou.mybatisplus.core.executor.MybatisCachingExecutor.flushStatements(MybatisCachingExecutor.java:218)
	at sun.reflect.GeneratedMethodAccessor206.invoke(Unknown Source)
	at sun.reflect.DelegatingMethodAccessorImpl.invoke(DelegatingMethodAccessorImpl.java:43)
	at java.lang.reflect.Method.invoke(Method.java:498)
	at org.apache.ibatis.plugin.Plugin.invoke(Plugin.java:64)
	at com.sun.proxy.$Proxy148.flushStatements(Unknown Source)
	at sun.reflect.GeneratedMethodAccessor206.invoke(Unknown Source)
	at sun.reflect.DelegatingMethodAccessorImpl.invoke(DelegatingMethodAccessorImpl.java:43)
	at java.lang.reflect.Method.invoke(Method.java:498)
	at org.apache.ibatis.plugin.Plugin.invoke(Plugin.java:64)
	at com.sun.proxy.$Proxy148.flushStatements(Unknown Source)
	at org.apache.ibatis.session.defaults.DefaultSqlSession.flushStatements(DefaultSqlSession.java:249)
	at com.baomidou.mybatisplus.extension.toolkit.SqlHelper.lambda$executeBatch$0(SqlHelper.java:217)
	at com.baomidou.mybatisplus.extension.toolkit.SqlHelper.executeBatch(SqlHelper.java:179)
	... 51 common frames omitted
Caused by: com.mysql.cj.jdbc.exceptions.MysqlDataTruncation: Data truncation: Data too long for column 'profession_name' at row 179
	at com.mysql.cj.jdbc.exceptions.SQLExceptionsMapping.translateException(SQLExceptionsMapping.java:104)
	at com.mysql.cj.jdbc.ClientPreparedStatement.executeInternal(ClientPreparedStatement.java:953)
	at com.mysql.cj.jdbc.ClientPreparedStatement.executeUpdateInternal(ClientPreparedStatement.java:1092)
	at com.mysql.cj.jdbc.ClientPreparedStatement.executeUpdateInternal(ClientPreparedStatement.java:1040)
	at com.mysql.cj.jdbc.ClientPreparedStatement.executeLargeUpdate(ClientPreparedStatement.java:1347)
	at com.mysql.cj.jdbc.ClientPreparedStatement.executeBatchedInserts(ClientPreparedStatement.java:716)
	... 81 common frames omitted
2026-04-17 17:15:51.705 [[36mthreadPoolTaskExecutor-1[0;39m] [[1;31mERROR[0;39m] [[32mcom.mock.example.common.utils.ExcelUtil[0;39m]: 流式解析 Excel 行失败: rowIndex=78029
org.springframework.dao.DataIntegrityViolationException: com.mock.example.modules.entrance.mapper.CeProfessionMapper.insert (batch index #5) failed. 4 prior sub executor(s) completed successfully, but will be rolled back. Cause: java.sql.BatchUpdateException: Data truncation: Data too long for column 'profession_name' at row 8
; Data truncation: Data too long for column 'profession_name' at row 8; nested exception is java.sql.BatchUpdateException: Data truncation: Data too long for column 'profession_name' at row 8
	at org.springframework.jdbc.support.SQLStateSQLExceptionTranslator.doTranslate(SQLStateSQLExceptionTranslator.java:104)
	at org.springframework.jdbc.support.AbstractFallbackSQLExceptionTranslator.translate(AbstractFallbackSQLExceptionTranslator.java:72)
	at org.springframework.jdbc.support.AbstractFallbackSQLExceptionTranslator.translate(AbstractFallbackSQLExceptionTranslator.java:81)
	at org.springframework.jdbc.support.AbstractFallbackSQLExceptionTranslator.translate(AbstractFallbackSQLExceptionTranslator.java:81)
	at org.mybatis.spring.MyBatisExceptionTranslator.translateExceptionIfPossible(MyBatisExceptionTranslator.java:88)
	at com.baomidou.mybatisplus.extension.toolkit.SqlHelper.executeBatch(SqlHelper.java:189)
	at com.baomidou.mybatisplus.extension.toolkit.SqlHelper.executeBatch(SqlHelper.java:211)
	at com.baomidou.mybatisplus.extension.service.impl.ServiceImpl.executeBatch(ServiceImpl.java:234)
	at com.baomidou.mybatisplus.extension.service.impl.ServiceImpl.saveBatch(ServiceImpl.java:130)
	at com.baomidou.mybatisplus.extension.service.impl.ServiceImpl$$FastClassBySpringCGLIB$$76535273.invoke(<generated>)
	at org.springframework.cglib.proxy.MethodProxy.invoke(MethodProxy.java:218)
	at org.springframework.aop.framework.CglibAopProxy$CglibMethodInvocation.invokeJoinpoint(CglibAopProxy.java:771)
	at org.springframework.aop.framework.ReflectiveMethodInvocation.proceed(ReflectiveMethodInvocation.java:163)
	at org.springframework.aop.framework.CglibAopProxy$CglibMethodInvocation.proceed(CglibAopProxy.java:749)
	at org.springframework.dao.support.PersistenceExceptionTranslationInterceptor.invoke(PersistenceExceptionTranslationInterceptor.java:139)
	at org.springframework.aop.framework.ReflectiveMethodInvocation.proceed(ReflectiveMethodInvocation.java:186)
	at org.springframework.aop.framework.CglibAopProxy$CglibMethodInvocation.proceed(CglibAopProxy.java:749)
	at org.springframework.transaction.interceptor.TransactionAspectSupport.invokeWithinTransaction(TransactionAspectSupport.java:367)
	at org.springframework.transaction.interceptor.TransactionInterceptor.invoke(TransactionInterceptor.java:118)
	at org.springframework.aop.framework.ReflectiveMethodInvocation.proceed(ReflectiveMethodInvocation.java:186)
	at org.springframework.aop.framework.CglibAopProxy$CglibMethodInvocation.proceed(CglibAopProxy.java:749)
	at org.springframework.aop.framework.CglibAopProxy$DynamicAdvisedInterceptor.intercept(CglibAopProxy.java:691)
	at com.mock.example.modules.entrance.repository.impl.CeProfessionRepoImpl$$EnhancerBySpringCGLIB$$5545b719.saveBatch(<generated>)
	at com.mock.example.modules.entrance.service.CeCollegeService.processImportBatch(CeCollegeService.java:221)
	at com.mock.example.modules.entrance.service.CeCollegeService.lambda$importCollegeDataAsync$6(CeCollegeService.java:133)
	at com.mock.example.common.utils.ExcelUtil$1.handle(ExcelUtil.java:261)
	at cn.hutool.poi.excel.sax.Excel07SaxReader.endElement(Excel07SaxReader.java:259)
	at org.apache.xerces.parsers.AbstractSAXParser.endElement(Unknown Source)
	at org.apache.xerces.impl.XMLNSDocumentScannerImpl.scanEndElement(Unknown Source)
	at org.apache.xerces.impl.XMLDocumentFragmentScannerImpl$FragmentContentDispatcher.dispatch(Unknown Source)
	at org.apache.xerces.impl.XMLDocumentFragmentScannerImpl.scanDocument(Unknown Source)
	at org.apache.xerces.parsers.XML11Configuration.parse(Unknown Source)
	at org.apache.xerces.parsers.XML11Configuration.parse(Unknown Source)
	at org.apache.xerces.parsers.XMLParser.parse(Unknown Source)
	at org.apache.xerces.parsers.AbstractSAXParser.parse(Unknown Source)
	at cn.hutool.poi.excel.sax.Excel07SaxReader.parse(Excel07SaxReader.java:337)
	at cn.hutool.poi.excel.sax.Excel07SaxReader.read(Excel07SaxReader.java:152)
	at cn.hutool.poi.excel.sax.Excel07SaxReader.read(Excel07SaxReader.java:122)
	at cn.hutool.poi.excel.ExcelUtil.read07BySax(ExcelUtil.java:84)
	at cn.hutool.poi.excel.ExcelUtil.readBySax(ExcelUtil.java:67)
	at cn.hutool.poi.excel.ExcelUtil.readBySax(ExcelUtil.java:53)
	at com.mock.example.common.utils.ExcelUtil.importExcelStreaming(ExcelUtil.java:186)
	at com.mock.example.modules.entrance.service.CeCollegeService.importCollegeDataAsync(CeCollegeService.java:132)
	at com.mock.example.modules.entrance.service.CeCollegeService$$FastClassBySpringCGLIB$$f1f9cc0f.invoke(<generated>)
	at org.springframework.cglib.proxy.MethodProxy.invoke(MethodProxy.java:218)
	at org.springframework.aop.framework.CglibAopProxy$CglibMethodInvocation.invokeJoinpoint(CglibAopProxy.java:771)
	at org.springframework.aop.framework.ReflectiveMethodInvocation.proceed(ReflectiveMethodInvocation.java:163)
	at org.springframework.aop.framework.CglibAopProxy$CglibMethodInvocation.proceed(CglibAopProxy.java:749)
	at org.springframework.transaction.interceptor.TransactionAspectSupport.invokeWithinTransaction(TransactionAspectSupport.java:367)
	at org.springframework.transaction.interceptor.TransactionInterceptor.invoke(TransactionInterceptor.java:118)
	at org.springframework.aop.framework.ReflectiveMethodInvocation.proceed(ReflectiveMethodInvocation.java:186)
	at org.springframework.aop.framework.CglibAopProxy$CglibMethodInvocation.proceed(CglibAopProxy.java:749)
	at org.springframework.aop.interceptor.AsyncExecutionInterceptor.lambda$invoke$0(AsyncExecutionInterceptor.java:115)
	at java.util.concurrent.FutureTask.run(FutureTask.java:266)
	at java.util.concurrent.ThreadPoolExecutor.runWorker(ThreadPoolExecutor.java:1149)
	at java.util.concurrent.ThreadPoolExecutor$Worker.run(ThreadPoolExecutor.java:624)
	at java.lang.Thread.run(Thread.java:750)
Caused by: java.sql.BatchUpdateException: Data truncation: Data too long for column 'profession_name' at row 8
	at sun.reflect.GeneratedConstructorAccessor83.newInstance(Unknown Source)
	at sun.reflect.DelegatingConstructorAccessorImpl.newInstance(DelegatingConstructorAccessorImpl.java:45)
	at java.lang.reflect.Constructor.newInstance(Constructor.java:423)
	at com.mysql.cj.util.Util.handleNewInstance(Util.java:192)
	at com.mysql.cj.util.Util.getInstance(Util.java:167)
	at com.mysql.cj.util.Util.getInstance(Util.java:174)
	at com.mysql.cj.jdbc.exceptions.SQLError.createBatchUpdateException(SQLError.java:224)
	at com.mysql.cj.jdbc.ClientPreparedStatement.executeBatchedInserts(ClientPreparedStatement.java:755)
	at com.mysql.cj.jdbc.ClientPreparedStatement.executeBatchInternal(ClientPreparedStatement.java:426)
	at com.mysql.cj.jdbc.StatementImpl.executeBatch(StatementImpl.java:796)
	at com.alibaba.druid.filter.FilterChainImpl.statement_executeBatch(FilterChainImpl.java:3066)
	at com.alibaba.druid.filter.FilterAdapter.statement_executeBatch(FilterAdapter.java:2496)
	at com.alibaba.druid.filter.FilterEventAdapter.statement_executeBatch(FilterEventAdapter.java:279)
	at com.alibaba.druid.filter.FilterChainImpl.statement_executeBatch(FilterChainImpl.java:3064)
	at com.alibaba.druid.proxy.jdbc.StatementProxyImpl.executeBatch(StatementProxyImpl.java:202)
	at com.alibaba.druid.pool.DruidPooledPreparedStatement.executeBatch(DruidPooledPreparedStatement.java:566)
	at sun.reflect.GeneratedMethodAccessor205.invoke(Unknown Source)
	at sun.reflect.DelegatingMethodAccessorImpl.invoke(DelegatingMethodAccessorImpl.java:43)
	at java.lang.reflect.Method.invoke(Method.java:498)
	at org.apache.ibatis.logging.jdbc.PreparedStatementLogger.invoke(PreparedStatementLogger.java:78)
	at com.sun.proxy.$Proxy151.executeBatch(Unknown Source)
	at com.baomidou.mybatisplus.core.executor.MybatisBatchExecutor.doFlushStatements(MybatisBatchExecutor.java:135)
	at org.apache.ibatis.executor.BaseExecutor.flushStatements(BaseExecutor.java:129)
	at org.apache.ibatis.executor.BaseExecutor.flushStatements(BaseExecutor.java:122)
	at com.baomidou.mybatisplus.core.executor.MybatisCachingExecutor.flushStatements(MybatisCachingExecutor.java:218)
	at sun.reflect.GeneratedMethodAccessor206.invoke(Unknown Source)
	at sun.reflect.DelegatingMethodAccessorImpl.invoke(DelegatingMethodAccessorImpl.java:43)
	at java.lang.reflect.Method.invoke(Method.java:498)
	at org.apache.ibatis.plugin.Plugin.invoke(Plugin.java:64)
	at com.sun.proxy.$Proxy148.flushStatements(Unknown Source)
	at sun.reflect.GeneratedMethodAccessor206.invoke(Unknown Source)
	at sun.reflect.DelegatingMethodAccessorImpl.invoke(DelegatingMethodAccessorImpl.java:43)
	at java.lang.reflect.Method.invoke(Method.java:498)
	at org.apache.ibatis.plugin.Plugin.invoke(Plugin.java:64)
	at com.sun.proxy.$Proxy148.flushStatements(Unknown Source)
	at org.apache.ibatis.session.defaults.DefaultSqlSession.flushStatements(DefaultSqlSession.java:249)
	at com.baomidou.mybatisplus.extension.toolkit.SqlHelper.lambda$executeBatch$0(SqlHelper.java:217)
	at com.baomidou.mybatisplus.extension.toolkit.SqlHelper.executeBatch(SqlHelper.java:179)
	... 51 common frames omitted
Caused by: com.mysql.cj.jdbc.exceptions.MysqlDataTruncation: Data truncation: Data too long for column 'profession_name' at row 8
	at com.mysql.cj.jdbc.exceptions.SQLExceptionsMapping.translateException(SQLExceptionsMapping.java:104)
	at com.mysql.cj.jdbc.ClientPreparedStatement.executeInternal(ClientPreparedStatement.java:953)
	at com.mysql.cj.jdbc.ClientPreparedStatement.executeUpdateInternal(ClientPreparedStatement.java:1092)
	at com.mysql.cj.jdbc.ClientPreparedStatement.executeUpdateInternal(ClientPreparedStatement.java:1040)
	at com.mysql.cj.jdbc.ClientPreparedStatement.executeLargeUpdate(ClientPreparedStatement.java:1347)
	at com.mysql.cj.jdbc.ClientPreparedStatement.executeBatchedInserts(ClientPreparedStatement.java:716)
	... 81 common frames omitted
2026-04-17 17:15:53.995 [[36mthreadPoolTaskExecutor-1[0;39m] [[1;31mERROR[0;39m] [[32mcom.mock.example.common.utils.ExcelUtil[0;39m]: 流式解析 Excel 行失败: rowIndex=82030
org.springframework.dao.DataIntegrityViolationException: com.mock.example.modules.entrance.mapper.CeProfessionMapper.insert (batch index #1) failed. Cause: java.sql.BatchUpdateException: Data truncation: Data too long for column 'profession_name' at row 345
; Data truncation: Data too long for column 'profession_name' at row 345; nested exception is java.sql.BatchUpdateException: Data truncation: Data too long for column 'profession_name' at row 345
	at org.springframework.jdbc.support.SQLStateSQLExceptionTranslator.doTranslate(SQLStateSQLExceptionTranslator.java:104)
	at org.springframework.jdbc.support.AbstractFallbackSQLExceptionTranslator.translate(AbstractFallbackSQLExceptionTranslator.java:72)
	at org.springframework.jdbc.support.AbstractFallbackSQLExceptionTranslator.translate(AbstractFallbackSQLExceptionTranslator.java:81)
	at org.springframework.jdbc.support.AbstractFallbackSQLExceptionTranslator.translate(AbstractFallbackSQLExceptionTranslator.java:81)
	at org.mybatis.spring.MyBatisExceptionTranslator.translateExceptionIfPossible(MyBatisExceptionTranslator.java:88)
	at com.baomidou.mybatisplus.extension.toolkit.SqlHelper.executeBatch(SqlHelper.java:189)
	at com.baomidou.mybatisplus.extension.toolkit.SqlHelper.executeBatch(SqlHelper.java:211)
	at com.baomidou.mybatisplus.extension.service.impl.ServiceImpl.executeBatch(ServiceImpl.java:234)
	at com.baomidou.mybatisplus.extension.service.impl.ServiceImpl.saveBatch(ServiceImpl.java:130)
	at com.baomidou.mybatisplus.extension.service.impl.ServiceImpl$$FastClassBySpringCGLIB$$76535273.invoke(<generated>)
	at org.springframework.cglib.proxy.MethodProxy.invoke(MethodProxy.java:218)
	at org.springframework.aop.framework.CglibAopProxy$CglibMethodInvocation.invokeJoinpoint(CglibAopProxy.java:771)
	at org.springframework.aop.framework.ReflectiveMethodInvocation.proceed(ReflectiveMethodInvocation.java:163)
	at org.springframework.aop.framework.CglibAopProxy$CglibMethodInvocation.proceed(CglibAopProxy.java:749)
	at org.springframework.dao.support.PersistenceExceptionTranslationInterceptor.invoke(PersistenceExceptionTranslationInterceptor.java:139)
	at org.springframework.aop.framework.ReflectiveMethodInvocation.proceed(ReflectiveMethodInvocation.java:186)
	at org.springframework.aop.framework.CglibAopProxy$CglibMethodInvocation.proceed(CglibAopProxy.java:749)
	at org.springframework.transaction.interceptor.TransactionAspectSupport.invokeWithinTransaction(TransactionAspectSupport.java:367)
	at org.springframework.transaction.interceptor.TransactionInterceptor.invoke(TransactionInterceptor.java:118)
	at org.springframework.aop.framework.ReflectiveMethodInvocation.proceed(ReflectiveMethodInvocation.java:186)
	at org.springframework.aop.framework.CglibAopProxy$CglibMethodInvocation.proceed(CglibAopProxy.java:749)
	at org.springframework.aop.framework.CglibAopProxy$DynamicAdvisedInterceptor.intercept(CglibAopProxy.java:691)
	at com.mock.example.modules.entrance.repository.impl.CeProfessionRepoImpl$$EnhancerBySpringCGLIB$$5545b719.saveBatch(<generated>)
	at com.mock.example.modules.entrance.service.CeCollegeService.processImportBatch(CeCollegeService.java:221)
	at com.mock.example.modules.entrance.service.CeCollegeService.lambda$importCollegeDataAsync$6(CeCollegeService.java:133)
	at com.mock.example.common.utils.ExcelUtil$1.handle(ExcelUtil.java:261)
	at cn.hutool.poi.excel.sax.Excel07SaxReader.endElement(Excel07SaxReader.java:259)
	at org.apache.xerces.parsers.AbstractSAXParser.endElement(Unknown Source)
	at org.apache.xerces.impl.XMLNSDocumentScannerImpl.scanEndElement(Unknown Source)
	at org.apache.xerces.impl.XMLDocumentFragmentScannerImpl$FragmentContentDispatcher.dispatch(Unknown Source)
	at org.apache.xerces.impl.XMLDocumentFragmentScannerImpl.scanDocument(Unknown Source)
	at org.apache.xerces.parsers.XML11Configuration.parse(Unknown Source)
	at org.apache.xerces.parsers.XML11Configuration.parse(Unknown Source)
	at org.apache.xerces.parsers.XMLParser.parse(Unknown Source)
	at org.apache.xerces.parsers.AbstractSAXParser.parse(Unknown Source)
	at cn.hutool.poi.excel.sax.Excel07SaxReader.parse(Excel07SaxReader.java:337)
	at cn.hutool.poi.excel.sax.Excel07SaxReader.read(Excel07SaxReader.java:152)
	at cn.hutool.poi.excel.sax.Excel07SaxReader.read(Excel07SaxReader.java:122)
	at cn.hutool.poi.excel.ExcelUtil.read07BySax(ExcelUtil.java:84)
	at cn.hutool.poi.excel.ExcelUtil.readBySax(ExcelUtil.java:67)
	at cn.hutool.poi.excel.ExcelUtil.readBySax(ExcelUtil.java:53)
	at com.mock.example.common.utils.ExcelUtil.importExcelStreaming(ExcelUtil.java:186)
	at com.mock.example.modules.entrance.service.CeCollegeService.importCollegeDataAsync(CeCollegeService.java:132)
	at com.mock.example.modules.entrance.service.CeCollegeService$$FastClassBySpringCGLIB$$f1f9cc0f.invoke(<generated>)
	at org.springframework.cglib.proxy.MethodProxy.invoke(MethodProxy.java:218)
	at org.springframework.aop.framework.CglibAopProxy$CglibMethodInvocation.invokeJoinpoint(CglibAopProxy.java:771)
	at org.springframework.aop.framework.ReflectiveMethodInvocation.proceed(ReflectiveMethodInvocation.java:163)
	at org.springframework.aop.framework.CglibAopProxy$CglibMethodInvocation.proceed(CglibAopProxy.java:749)
	at org.springframework.transaction.interceptor.TransactionAspectSupport.invokeWithinTransaction(TransactionAspectSupport.java:367)
	at org.springframework.transaction.interceptor.TransactionInterceptor.invoke(TransactionInterceptor.java:118)
	at org.springframework.aop.framework.ReflectiveMethodInvocation.proceed(ReflectiveMethodInvocation.java:186)
	at org.springframework.aop.framework.CglibAopProxy$CglibMethodInvocation.proceed(CglibAopProxy.java:749)
	at org.springframework.aop.interceptor.AsyncExecutionInterceptor.lambda$invoke$0(AsyncExecutionInterceptor.java:115)
	at java.util.concurrent.FutureTask.run(FutureTask.java:266)
	at java.util.concurrent.ThreadPoolExecutor.runWorker(ThreadPoolExecutor.java:1149)
	at java.util.concurrent.ThreadPoolExecutor$Worker.run(ThreadPoolExecutor.java:624)
	at java.lang.Thread.run(Thread.java:750)
Caused by: java.sql.BatchUpdateException: Data truncation: Data too long for column 'profession_name' at row 345
	at sun.reflect.GeneratedConstructorAccessor83.newInstance(Unknown Source)
	at sun.reflect.DelegatingConstructorAccessorImpl.newInstance(DelegatingConstructorAccessorImpl.java:45)
	at java.lang.reflect.Constructor.newInstance(Constructor.java:423)
	at com.mysql.cj.util.Util.handleNewInstance(Util.java:192)
	at com.mysql.cj.util.Util.getInstance(Util.java:167)
	at com.mysql.cj.util.Util.getInstance(Util.java:174)
	at com.mysql.cj.jdbc.exceptions.SQLError.createBatchUpdateException(SQLError.java:224)
	at com.mysql.cj.jdbc.ClientPreparedStatement.executeBatchedInserts(ClientPreparedStatement.java:755)
	at com.mysql.cj.jdbc.ClientPreparedStatement.executeBatchInternal(ClientPreparedStatement.java:426)
	at com.mysql.cj.jdbc.StatementImpl.executeBatch(StatementImpl.java:796)
	at com.alibaba.druid.filter.FilterChainImpl.statement_executeBatch(FilterChainImpl.java:3066)
	at com.alibaba.druid.filter.FilterAdapter.statement_executeBatch(FilterAdapter.java:2496)
	at com.alibaba.druid.filter.FilterEventAdapter.statement_executeBatch(FilterEventAdapter.java:279)
	at com.alibaba.druid.filter.FilterChainImpl.statement_executeBatch(FilterChainImpl.java:3064)
	at com.alibaba.druid.proxy.jdbc.StatementProxyImpl.executeBatch(StatementProxyImpl.java:202)
	at com.alibaba.druid.pool.DruidPooledPreparedStatement.executeBatch(DruidPooledPreparedStatement.java:566)
	at sun.reflect.GeneratedMethodAccessor205.invoke(Unknown Source)
	at sun.reflect.DelegatingMethodAccessorImpl.invoke(DelegatingMethodAccessorImpl.java:43)
	at java.lang.reflect.Method.invoke(Method.java:498)
	at org.apache.ibatis.logging.jdbc.PreparedStatementLogger.invoke(PreparedStatementLogger.java:78)
	at com.sun.proxy.$Proxy151.executeBatch(Unknown Source)
	at com.baomidou.mybatisplus.core.executor.MybatisBatchExecutor.doFlushStatements(MybatisBatchExecutor.java:135)
	at org.apache.ibatis.executor.BaseExecutor.flushStatements(BaseExecutor.java:129)
	at org.apache.ibatis.executor.BaseExecutor.flushStatements(BaseExecutor.java:122)
	at com.baomidou.mybatisplus.core.executor.MybatisCachingExecutor.flushStatements(MybatisCachingExecutor.java:218)
	at sun.reflect.GeneratedMethodAccessor206.invoke(Unknown Source)
	at sun.reflect.DelegatingMethodAccessorImpl.invoke(DelegatingMethodAccessorImpl.java:43)
	at java.lang.reflect.Method.invoke(Method.java:498)
	at org.apache.ibatis.plugin.Plugin.invoke(Plugin.java:64)
	at com.sun.proxy.$Proxy148.flushStatements(Unknown Source)
	at sun.reflect.GeneratedMethodAccessor206.invoke(Unknown Source)
	at sun.reflect.DelegatingMethodAccessorImpl.invoke(DelegatingMethodAccessorImpl.java:43)
	at java.lang.reflect.Method.invoke(Method.java:498)
	at org.apache.ibatis.plugin.Plugin.invoke(Plugin.java:64)
	at com.sun.proxy.$Proxy148.flushStatements(Unknown Source)
	at org.apache.ibatis.session.defaults.DefaultSqlSession.flushStatements(DefaultSqlSession.java:249)
	at com.baomidou.mybatisplus.extension.toolkit.SqlHelper.lambda$executeBatch$0(SqlHelper.java:217)
	at com.baomidou.mybatisplus.extension.toolkit.SqlHelper.executeBatch(SqlHelper.java:179)
	... 51 common frames omitted
Caused by: com.mysql.cj.jdbc.exceptions.MysqlDataTruncation: Data truncation: Data too long for column 'profession_name' at row 345
	at com.mysql.cj.jdbc.exceptions.SQLExceptionsMapping.translateException(SQLExceptionsMapping.java:104)
	at com.mysql.cj.jdbc.ClientPreparedStatement.executeInternal(ClientPreparedStatement.java:953)
	at com.mysql.cj.jdbc.ClientPreparedStatement.executeUpdateInternal(ClientPreparedStatement.java:1092)
	at com.mysql.cj.jdbc.ClientPreparedStatement.executeUpdateInternal(ClientPreparedStatement.java:1040)
	at com.mysql.cj.jdbc.ClientPreparedStatement.executeLargeUpdate(ClientPreparedStatement.java:1347)
	at com.mysql.cj.jdbc.ClientPreparedStatement.executeBatchedInserts(ClientPreparedStatement.java:716)
	... 81 common frames omitted
2026-04-17 17:15:55.691 [[36mthreadPoolTaskExecutor-1[0;39m] [[1;31mERROR[0;39m] [[32mcom.mock.example.common.utils.ExcelUtil[0;39m]: 流式解析 Excel 行失败: rowIndex=84031
org.springframework.dao.DataIntegrityViolationException: com.mock.example.modules.entrance.mapper.CeProfessionMapper.insert (batch index #1) failed. Cause: java.sql.BatchUpdateException: Data truncation: Data too long for column 'profession_name' at row 286
; Data truncation: Data too long for column 'profession_name' at row 286; nested exception is java.sql.BatchUpdateException: Data truncation: Data too long for column 'profession_name' at row 286
	at org.springframework.jdbc.support.SQLStateSQLExceptionTranslator.doTranslate(SQLStateSQLExceptionTranslator.java:104)
	at org.springframework.jdbc.support.AbstractFallbackSQLExceptionTranslator.translate(AbstractFallbackSQLExceptionTranslator.java:72)
	at org.springframework.jdbc.support.AbstractFallbackSQLExceptionTranslator.translate(AbstractFallbackSQLExceptionTranslator.java:81)
	at org.springframework.jdbc.support.AbstractFallbackSQLExceptionTranslator.translate(AbstractFallbackSQLExceptionTranslator.java:81)
	at org.mybatis.spring.MyBatisExceptionTranslator.translateExceptionIfPossible(MyBatisExceptionTranslator.java:88)
	at com.baomidou.mybatisplus.extension.toolkit.SqlHelper.executeBatch(SqlHelper.java:189)
	at com.baomidou.mybatisplus.extension.toolkit.SqlHelper.executeBatch(SqlHelper.java:211)
	at com.baomidou.mybatisplus.extension.service.impl.ServiceImpl.executeBatch(ServiceImpl.java:234)
	at com.baomidou.mybatisplus.extension.service.impl.ServiceImpl.saveBatch(ServiceImpl.java:130)
	at com.baomidou.mybatisplus.extension.service.impl.ServiceImpl$$FastClassBySpringCGLIB$$76535273.invoke(<generated>)
	at org.springframework.cglib.proxy.MethodProxy.invoke(MethodProxy.java:218)
	at org.springframework.aop.framework.CglibAopProxy$CglibMethodInvocation.invokeJoinpoint(CglibAopProxy.java:771)
	at org.springframework.aop.framework.ReflectiveMethodInvocation.proceed(ReflectiveMethodInvocation.java:163)
	at org.springframework.aop.framework.CglibAopProxy$CglibMethodInvocation.proceed(CglibAopProxy.java:749)
	at org.springframework.dao.support.PersistenceExceptionTranslationInterceptor.invoke(PersistenceExceptionTranslationInterceptor.java:139)
	at org.springframework.aop.framework.ReflectiveMethodInvocation.proceed(ReflectiveMethodInvocation.java:186)
	at org.springframework.aop.framework.CglibAopProxy$CglibMethodInvocation.proceed(CglibAopProxy.java:749)
	at org.springframework.transaction.interceptor.TransactionAspectSupport.invokeWithinTransaction(TransactionAspectSupport.java:367)
	at org.springframework.transaction.interceptor.TransactionInterceptor.invoke(TransactionInterceptor.java:118)
	at org.springframework.aop.framework.ReflectiveMethodInvocation.proceed(ReflectiveMethodInvocation.java:186)
	at org.springframework.aop.framework.CglibAopProxy$CglibMethodInvocation.proceed(CglibAopProxy.java:749)
	at org.springframework.aop.framework.CglibAopProxy$DynamicAdvisedInterceptor.intercept(CglibAopProxy.java:691)
	at com.mock.example.modules.entrance.repository.impl.CeProfessionRepoImpl$$EnhancerBySpringCGLIB$$5545b719.saveBatch(<generated>)
	at com.mock.example.modules.entrance.service.CeCollegeService.processImportBatch(CeCollegeService.java:221)
	at com.mock.example.modules.entrance.service.CeCollegeService.lambda$importCollegeDataAsync$6(CeCollegeService.java:133)
	at com.mock.example.common.utils.ExcelUtil$1.handle(ExcelUtil.java:261)
	at cn.hutool.poi.excel.sax.Excel07SaxReader.endElement(Excel07SaxReader.java:259)
	at org.apache.xerces.parsers.AbstractSAXParser.endElement(Unknown Source)
	at org.apache.xerces.impl.XMLNSDocumentScannerImpl.scanEndElement(Unknown Source)
	at org.apache.xerces.impl.XMLDocumentFragmentScannerImpl$FragmentContentDispatcher.dispatch(Unknown Source)
	at org.apache.xerces.impl.XMLDocumentFragmentScannerImpl.scanDocument(Unknown Source)
	at org.apache.xerces.parsers.XML11Configuration.parse(Unknown Source)
	at org.apache.xerces.parsers.XML11Configuration.parse(Unknown Source)
	at org.apache.xerces.parsers.XMLParser.parse(Unknown Source)
	at org.apache.xerces.parsers.AbstractSAXParser.parse(Unknown Source)
	at cn.hutool.poi.excel.sax.Excel07SaxReader.parse(Excel07SaxReader.java:337)
	at cn.hutool.poi.excel.sax.Excel07SaxReader.read(Excel07SaxReader.java:152)
	at cn.hutool.poi.excel.sax.Excel07SaxReader.read(Excel07SaxReader.java:122)
	at cn.hutool.poi.excel.ExcelUtil.read07BySax(ExcelUtil.java:84)
	at cn.hutool.poi.excel.ExcelUtil.readBySax(ExcelUtil.java:67)
	at cn.hutool.poi.excel.ExcelUtil.readBySax(ExcelUtil.java:53)
	at com.mock.example.common.utils.ExcelUtil.importExcelStreaming(ExcelUtil.java:186)
	at com.mock.example.modules.entrance.service.CeCollegeService.importCollegeDataAsync(CeCollegeService.java:132)
	at com.mock.example.modules.entrance.service.CeCollegeService$$FastClassBySpringCGLIB$$f1f9cc0f.invoke(<generated>)
	at org.springframework.cglib.proxy.MethodProxy.invoke(MethodProxy.java:218)
	at org.springframework.aop.framework.CglibAopProxy$CglibMethodInvocation.invokeJoinpoint(CglibAopProxy.java:771)
	at org.springframework.aop.framework.ReflectiveMethodInvocation.proceed(ReflectiveMethodInvocation.java:163)
	at org.springframework.aop.framework.CglibAopProxy$CglibMethodInvocation.proceed(CglibAopProxy.java:749)
	at org.springframework.transaction.interceptor.TransactionAspectSupport.invokeWithinTransaction(TransactionAspectSupport.java:367)
	at org.springframework.transaction.interceptor.TransactionInterceptor.invoke(TransactionInterceptor.java:118)
	at org.springframework.aop.framework.ReflectiveMethodInvocation.proceed(ReflectiveMethodInvocation.java:186)
	at org.springframework.aop.framework.CglibAopProxy$CglibMethodInvocation.proceed(CglibAopProxy.java:749)
	at org.springframework.aop.interceptor.AsyncExecutionInterceptor.lambda$invoke$0(AsyncExecutionInterceptor.java:115)
	at java.util.concurrent.FutureTask.run(FutureTask.java:266)
	at java.util.concurrent.ThreadPoolExecutor.runWorker(ThreadPoolExecutor.java:1149)
	at java.util.concurrent.ThreadPoolExecutor$Worker.run(ThreadPoolExecutor.java:624)
	at java.lang.Thread.run(Thread.java:750)
Caused by: java.sql.BatchUpdateException: Data truncation: Data too long for column 'profession_name' at row 286
	at sun.reflect.GeneratedConstructorAccessor83.newInstance(Unknown Source)
	at sun.reflect.DelegatingConstructorAccessorImpl.newInstance(DelegatingConstructorAccessorImpl.java:45)
	at java.lang.reflect.Constructor.newInstance(Constructor.java:423)
	at com.mysql.cj.util.Util.handleNewInstance(Util.java:192)
	at com.mysql.cj.util.Util.getInstance(Util.java:167)
	at com.mysql.cj.util.Util.getInstance(Util.java:174)
	at com.mysql.cj.jdbc.exceptions.SQLError.createBatchUpdateException(SQLError.java:224)
	at com.mysql.cj.jdbc.ClientPreparedStatement.executeBatchedInserts(ClientPreparedStatement.java:755)
	at com.mysql.cj.jdbc.ClientPreparedStatement.executeBatchInternal(ClientPreparedStatement.java:426)
	at com.mysql.cj.jdbc.StatementImpl.executeBatch(StatementImpl.java:796)
	at com.alibaba.druid.filter.FilterChainImpl.statement_executeBatch(FilterChainImpl.java:3066)
	at com.alibaba.druid.filter.FilterAdapter.statement_executeBatch(FilterAdapter.java:2496)
	at com.alibaba.druid.filter.FilterEventAdapter.statement_executeBatch(FilterEventAdapter.java:279)
	at com.alibaba.druid.filter.FilterChainImpl.statement_executeBatch(FilterChainImpl.java:3064)
	at com.alibaba.druid.proxy.jdbc.StatementProxyImpl.executeBatch(StatementProxyImpl.java:202)
	at com.alibaba.druid.pool.DruidPooledPreparedStatement.executeBatch(DruidPooledPreparedStatement.java:566)
	at sun.reflect.GeneratedMethodAccessor205.invoke(Unknown Source)
	at sun.reflect.DelegatingMethodAccessorImpl.invoke(DelegatingMethodAccessorImpl.java:43)
	at java.lang.reflect.Method.invoke(Method.java:498)
	at org.apache.ibatis.logging.jdbc.PreparedStatementLogger.invoke(PreparedStatementLogger.java:78)
	at com.sun.proxy.$Proxy151.executeBatch(Unknown Source)
	at com.baomidou.mybatisplus.core.executor.MybatisBatchExecutor.doFlushStatements(MybatisBatchExecutor.java:135)
	at org.apache.ibatis.executor.BaseExecutor.flushStatements(BaseExecutor.java:129)
	at org.apache.ibatis.executor.BaseExecutor.flushStatements(BaseExecutor.java:122)
	at com.baomidou.mybatisplus.core.executor.MybatisCachingExecutor.flushStatements(MybatisCachingExecutor.java:218)
	at sun.reflect.GeneratedMethodAccessor206.invoke(Unknown Source)
	at sun.reflect.DelegatingMethodAccessorImpl.invoke(DelegatingMethodAccessorImpl.java:43)
	at java.lang.reflect.Method.invoke(Method.java:498)
	at org.apache.ibatis.plugin.Plugin.invoke(Plugin.java:64)
	at com.sun.proxy.$Proxy148.flushStatements(Unknown Source)
	at sun.reflect.GeneratedMethodAccessor206.invoke(Unknown Source)
	at sun.reflect.DelegatingMethodAccessorImpl.invoke(DelegatingMethodAccessorImpl.java:43)
	at java.lang.reflect.Method.invoke(Method.java:498)
	at org.apache.ibatis.plugin.Plugin.invoke(Plugin.java:64)
	at com.sun.proxy.$Proxy148.flushStatements(Unknown Source)
	at org.apache.ibatis.session.defaults.DefaultSqlSession.flushStatements(DefaultSqlSession.java:249)
	at com.baomidou.mybatisplus.extension.toolkit.SqlHelper.lambda$executeBatch$0(SqlHelper.java:217)
	at com.baomidou.mybatisplus.extension.toolkit.SqlHelper.executeBatch(SqlHelper.java:179)
	... 51 common frames omitted
Caused by: com.mysql.cj.jdbc.exceptions.MysqlDataTruncation: Data truncation: Data too long for column 'profession_name' at row 286
	at com.mysql.cj.jdbc.exceptions.SQLExceptionsMapping.translateException(SQLExceptionsMapping.java:104)
	at com.mysql.cj.jdbc.ClientPreparedStatement.executeInternal(ClientPreparedStatement.java:953)
	at com.mysql.cj.jdbc.ClientPreparedStatement.executeUpdateInternal(ClientPreparedStatement.java:1092)
	at com.mysql.cj.jdbc.ClientPreparedStatement.executeUpdateInternal(ClientPreparedStatement.java:1040)
	at com.mysql.cj.jdbc.ClientPreparedStatement.executeLargeUpdate(ClientPreparedStatement.java:1347)
	at com.mysql.cj.jdbc.ClientPreparedStatement.executeBatchedInserts(ClientPreparedStatement.java:716)
	... 81 common frames omitted
2026-04-17 17:15:57.276 [[36mthreadPoolTaskExecutor-1[0;39m] [[1;31mERROR[0;39m] [[32mcom.mock.example.common.utils.ExcelUtil[0;39m]: 流式解析 Excel 行失败: rowIndex=86032
org.springframework.dao.DataIntegrityViolationException: com.mock.example.modules.entrance.mapper.CeProfessionMapper.insert (batch index #1) failed. Cause: java.sql.BatchUpdateException: Data truncation: Data too long for column 'profession_name' at row 135
; Data truncation: Data too long for column 'profession_name' at row 135; nested exception is java.sql.BatchUpdateException: Data truncation: Data too long for column 'profession_name' at row 135
	at org.springframework.jdbc.support.SQLStateSQLExceptionTranslator.doTranslate(SQLStateSQLExceptionTranslator.java:104)
	at org.springframework.jdbc.support.AbstractFallbackSQLExceptionTranslator.translate(AbstractFallbackSQLExceptionTranslator.java:72)
	at org.springframework.jdbc.support.AbstractFallbackSQLExceptionTranslator.translate(AbstractFallbackSQLExceptionTranslator.java:81)
	at org.springframework.jdbc.support.AbstractFallbackSQLExceptionTranslator.translate(AbstractFallbackSQLExceptionTranslator.java:81)
	at org.mybatis.spring.MyBatisExceptionTranslator.translateExceptionIfPossible(MyBatisExceptionTranslator.java:88)
	at com.baomidou.mybatisplus.extension.toolkit.SqlHelper.executeBatch(SqlHelper.java:189)
	at com.baomidou.mybatisplus.extension.toolkit.SqlHelper.executeBatch(SqlHelper.java:211)
	at com.baomidou.mybatisplus.extension.service.impl.ServiceImpl.executeBatch(ServiceImpl.java:234)
	at com.baomidou.mybatisplus.extension.service.impl.ServiceImpl.saveBatch(ServiceImpl.java:130)
	at com.baomidou.mybatisplus.extension.service.impl.ServiceImpl$$FastClassBySpringCGLIB$$76535273.invoke(<generated>)
	at org.springframework.cglib.proxy.MethodProxy.invoke(MethodProxy.java:218)
	at org.springframework.aop.framework.CglibAopProxy$CglibMethodInvocation.invokeJoinpoint(CglibAopProxy.java:771)
	at org.springframework.aop.framework.ReflectiveMethodInvocation.proceed(ReflectiveMethodInvocation.java:163)
	at org.springframework.aop.framework.CglibAopProxy$CglibMethodInvocation.proceed(CglibAopProxy.java:749)
	at org.springframework.dao.support.PersistenceExceptionTranslationInterceptor.invoke(PersistenceExceptionTranslationInterceptor.java:139)
	at org.springframework.aop.framework.ReflectiveMethodInvocation.proceed(ReflectiveMethodInvocation.java:186)
	at org.springframework.aop.framework.CglibAopProxy$CglibMethodInvocation.proceed(CglibAopProxy.java:749)
	at org.springframework.transaction.interceptor.TransactionAspectSupport.invokeWithinTransaction(TransactionAspectSupport.java:367)
	at org.springframework.transaction.interceptor.TransactionInterceptor.invoke(TransactionInterceptor.java:118)
	at org.springframework.aop.framework.ReflectiveMethodInvocation.proceed(ReflectiveMethodInvocation.java:186)
	at org.springframework.aop.framework.CglibAopProxy$CglibMethodInvocation.proceed(CglibAopProxy.java:749)
	at org.springframework.aop.framework.CglibAopProxy$DynamicAdvisedInterceptor.intercept(CglibAopProxy.java:691)
	at com.mock.example.modules.entrance.repository.impl.CeProfessionRepoImpl$$EnhancerBySpringCGLIB$$5545b719.saveBatch(<generated>)
	at com.mock.example.modules.entrance.service.CeCollegeService.processImportBatch(CeCollegeService.java:221)
	at com.mock.example.modules.entrance.service.CeCollegeService.lambda$importCollegeDataAsync$6(CeCollegeService.java:133)
	at com.mock.example.common.utils.ExcelUtil$1.handle(ExcelUtil.java:261)
	at cn.hutool.poi.excel.sax.Excel07SaxReader.endElement(Excel07SaxReader.java:259)
	at org.apache.xerces.parsers.AbstractSAXParser.endElement(Unknown Source)
	at org.apache.xerces.impl.XMLNSDocumentScannerImpl.scanEndElement(Unknown Source)
	at org.apache.xerces.impl.XMLDocumentFragmentScannerImpl$FragmentContentDispatcher.dispatch(Unknown Source)
	at org.apache.xerces.impl.XMLDocumentFragmentScannerImpl.scanDocument(Unknown Source)
	at org.apache.xerces.parsers.XML11Configuration.parse(Unknown Source)
	at org.apache.xerces.parsers.XML11Configuration.parse(Unknown Source)
	at org.apache.xerces.parsers.XMLParser.parse(Unknown Source)
	at org.apache.xerces.parsers.AbstractSAXParser.parse(Unknown Source)
	at cn.hutool.poi.excel.sax.Excel07SaxReader.parse(Excel07SaxReader.java:337)
	at cn.hutool.poi.excel.sax.Excel07SaxReader.read(Excel07SaxReader.java:152)
	at cn.hutool.poi.excel.sax.Excel07SaxReader.read(Excel07SaxReader.java:122)
	at cn.hutool.poi.excel.ExcelUtil.read07BySax(ExcelUtil.java:84)
	at cn.hutool.poi.excel.ExcelUtil.readBySax(ExcelUtil.java:67)
	at cn.hutool.poi.excel.ExcelUtil.readBySax(ExcelUtil.java:53)
	at com.mock.example.common.utils.ExcelUtil.importExcelStreaming(ExcelUtil.java:186)
	at com.mock.example.modules.entrance.service.CeCollegeService.importCollegeDataAsync(CeCollegeService.java:132)
	at com.mock.example.modules.entrance.service.CeCollegeService$$FastClassBySpringCGLIB$$f1f9cc0f.invoke(<generated>)
	at org.springframework.cglib.proxy.MethodProxy.invoke(MethodProxy.java:218)
	at org.springframework.aop.framework.CglibAopProxy$CglibMethodInvocation.invokeJoinpoint(CglibAopProxy.java:771)
	at org.springframework.aop.framework.ReflectiveMethodInvocation.proceed(ReflectiveMethodInvocation.java:163)
	at org.springframework.aop.framework.CglibAopProxy$CglibMethodInvocation.proceed(CglibAopProxy.java:749)
	at org.springframework.transaction.interceptor.TransactionAspectSupport.invokeWithinTransaction(TransactionAspectSupport.java:367)
	at org.springframework.transaction.interceptor.TransactionInterceptor.invoke(TransactionInterceptor.java:118)
	at org.springframework.aop.framework.ReflectiveMethodInvocation.proceed(ReflectiveMethodInvocation.java:186)
	at org.springframework.aop.framework.CglibAopProxy$CglibMethodInvocation.proceed(CglibAopProxy.java:749)
	at org.springframework.aop.interceptor.AsyncExecutionInterceptor.lambda$invoke$0(AsyncExecutionInterceptor.java:115)
	at java.util.concurrent.FutureTask.run(FutureTask.java:266)
	at java.util.concurrent.ThreadPoolExecutor.runWorker(ThreadPoolExecutor.java:1149)
	at java.util.concurrent.ThreadPoolExecutor$Worker.run(ThreadPoolExecutor.java:624)
	at java.lang.Thread.run(Thread.java:750)
Caused by: java.sql.BatchUpdateException: Data truncation: Data too long for column 'profession_name' at row 135
	at sun.reflect.GeneratedConstructorAccessor83.newInstance(Unknown Source)
	at sun.reflect.DelegatingConstructorAccessorImpl.newInstance(DelegatingConstructorAccessorImpl.java:45)
	at java.lang.reflect.Constructor.newInstance(Constructor.java:423)
	at com.mysql.cj.util.Util.handleNewInstance(Util.java:192)
	at com.mysql.cj.util.Util.getInstance(Util.java:167)
	at com.mysql.cj.util.Util.getInstance(Util.java:174)
	at com.mysql.cj.jdbc.exceptions.SQLError.createBatchUpdateException(SQLError.java:224)
	at com.mysql.cj.jdbc.ClientPreparedStatement.executeBatchedInserts(ClientPreparedStatement.java:755)
	at com.mysql.cj.jdbc.ClientPreparedStatement.executeBatchInternal(ClientPreparedStatement.java:426)
	at com.mysql.cj.jdbc.StatementImpl.executeBatch(StatementImpl.java:796)
	at com.alibaba.druid.filter.FilterChainImpl.statement_executeBatch(FilterChainImpl.java:3066)
	at com.alibaba.druid.filter.FilterAdapter.statement_executeBatch(FilterAdapter.java:2496)
	at com.alibaba.druid.filter.FilterEventAdapter.statement_executeBatch(FilterEventAdapter.java:279)
	at com.alibaba.druid.filter.FilterChainImpl.statement_executeBatch(FilterChainImpl.java:3064)
	at com.alibaba.druid.proxy.jdbc.StatementProxyImpl.executeBatch(StatementProxyImpl.java:202)
	at com.alibaba.druid.pool.DruidPooledPreparedStatement.executeBatch(DruidPooledPreparedStatement.java:566)
	at sun.reflect.GeneratedMethodAccessor205.invoke(Unknown Source)
	at sun.reflect.DelegatingMethodAccessorImpl.invoke(DelegatingMethodAccessorImpl.java:43)
	at java.lang.reflect.Method.invoke(Method.java:498)
	at org.apache.ibatis.logging.jdbc.PreparedStatementLogger.invoke(PreparedStatementLogger.java:78)
	at com.sun.proxy.$Proxy151.executeBatch(Unknown Source)
	at com.baomidou.mybatisplus.core.executor.MybatisBatchExecutor.doFlushStatements(MybatisBatchExecutor.java:135)
	at org.apache.ibatis.executor.BaseExecutor.flushStatements(BaseExecutor.java:129)
	at org.apache.ibatis.executor.BaseExecutor.flushStatements(BaseExecutor.java:122)
	at com.baomidou.mybatisplus.core.executor.MybatisCachingExecutor.flushStatements(MybatisCachingExecutor.java:218)
	at sun.reflect.GeneratedMethodAccessor206.invoke(Unknown Source)
	at sun.reflect.DelegatingMethodAccessorImpl.invoke(DelegatingMethodAccessorImpl.java:43)
	at java.lang.reflect.Method.invoke(Method.java:498)
	at org.apache.ibatis.plugin.Plugin.invoke(Plugin.java:64)
	at com.sun.proxy.$Proxy148.flushStatements(Unknown Source)
	at sun.reflect.GeneratedMethodAccessor206.invoke(Unknown Source)
	at sun.reflect.DelegatingMethodAccessorImpl.invoke(DelegatingMethodAccessorImpl.java:43)
	at java.lang.reflect.Method.invoke(Method.java:498)
	at org.apache.ibatis.plugin.Plugin.invoke(Plugin.java:64)
	at com.sun.proxy.$Proxy148.flushStatements(Unknown Source)
	at org.apache.ibatis.session.defaults.DefaultSqlSession.flushStatements(DefaultSqlSession.java:249)
	at com.baomidou.mybatisplus.extension.toolkit.SqlHelper.lambda$executeBatch$0(SqlHelper.java:217)
	at com.baomidou.mybatisplus.extension.toolkit.SqlHelper.executeBatch(SqlHelper.java:179)
	... 51 common frames omitted
Caused by: com.mysql.cj.jdbc.exceptions.MysqlDataTruncation: Data truncation: Data too long for column 'profession_name' at row 135
	at com.mysql.cj.jdbc.exceptions.SQLExceptionsMapping.translateException(SQLExceptionsMapping.java:104)
	at com.mysql.cj.jdbc.ClientPreparedStatement.executeInternal(ClientPreparedStatement.java:953)
	at com.mysql.cj.jdbc.ClientPreparedStatement.executeUpdateInternal(ClientPreparedStatement.java:1092)
	at com.mysql.cj.jdbc.ClientPreparedStatement.executeUpdateInternal(ClientPreparedStatement.java:1040)
	at com.mysql.cj.jdbc.ClientPreparedStatement.executeLargeUpdate(ClientPreparedStatement.java:1347)
	at com.mysql.cj.jdbc.ClientPreparedStatement.executeBatchedInserts(ClientPreparedStatement.java:716)
	... 81 common frames omitted
2026-04-17 17:15:58.741 [[36mthreadPoolTaskExecutor-1[0;39m] [[1;31mERROR[0;39m] [[32mcom.mock.example.common.utils.ExcelUtil[0;39m]: 流式解析 Excel 行失败: rowIndex=88033
org.springframework.dao.DataIntegrityViolationException: com.mock.example.modules.entrance.mapper.CeProfessionMapper.insert (batch index #1) failed. Cause: java.sql.BatchUpdateException: Data truncation: Data too long for column 'profession_name' at row 973
; Data truncation: Data too long for column 'profession_name' at row 973; nested exception is java.sql.BatchUpdateException: Data truncation: Data too long for column 'profession_name' at row 973
	at org.springframework.jdbc.support.SQLStateSQLExceptionTranslator.doTranslate(SQLStateSQLExceptionTranslator.java:104)
	at org.springframework.jdbc.support.AbstractFallbackSQLExceptionTranslator.translate(AbstractFallbackSQLExceptionTranslator.java:72)
	at org.springframework.jdbc.support.AbstractFallbackSQLExceptionTranslator.translate(AbstractFallbackSQLExceptionTranslator.java:81)
	at org.springframework.jdbc.support.AbstractFallbackSQLExceptionTranslator.translate(AbstractFallbackSQLExceptionTranslator.java:81)
	at org.mybatis.spring.MyBatisExceptionTranslator.translateExceptionIfPossible(MyBatisExceptionTranslator.java:88)
	at com.baomidou.mybatisplus.extension.toolkit.SqlHelper.executeBatch(SqlHelper.java:189)
	at com.baomidou.mybatisplus.extension.toolkit.SqlHelper.executeBatch(SqlHelper.java:211)
	at com.baomidou.mybatisplus.extension.service.impl.ServiceImpl.executeBatch(ServiceImpl.java:234)
	at com.baomidou.mybatisplus.extension.service.impl.ServiceImpl.saveBatch(ServiceImpl.java:130)
	at com.baomidou.mybatisplus.extension.service.impl.ServiceImpl$$FastClassBySpringCGLIB$$76535273.invoke(<generated>)
	at org.springframework.cglib.proxy.MethodProxy.invoke(MethodProxy.java:218)
	at org.springframework.aop.framework.CglibAopProxy$CglibMethodInvocation.invokeJoinpoint(CglibAopProxy.java:771)
	at org.springframework.aop.framework.ReflectiveMethodInvocation.proceed(ReflectiveMethodInvocation.java:163)
	at org.springframework.aop.framework.CglibAopProxy$CglibMethodInvocation.proceed(CglibAopProxy.java:749)
	at org.springframework.dao.support.PersistenceExceptionTranslationInterceptor.invoke(PersistenceExceptionTranslationInterceptor.java:139)
	at org.springframework.aop.framework.ReflectiveMethodInvocation.proceed(ReflectiveMethodInvocation.java:186)
	at org.springframework.aop.framework.CglibAopProxy$CglibMethodInvocation.proceed(CglibAopProxy.java:749)
	at org.springframework.transaction.interceptor.TransactionAspectSupport.invokeWithinTransaction(TransactionAspectSupport.java:367)
	at org.springframework.transaction.interceptor.TransactionInterceptor.invoke(TransactionInterceptor.java:118)
	at org.springframework.aop.framework.ReflectiveMethodInvocation.proceed(ReflectiveMethodInvocation.java:186)
	at org.springframework.aop.framework.CglibAopProxy$CglibMethodInvocation.proceed(CglibAopProxy.java:749)
	at org.springframework.aop.framework.CglibAopProxy$DynamicAdvisedInterceptor.intercept(CglibAopProxy.java:691)
	at com.mock.example.modules.entrance.repository.impl.CeProfessionRepoImpl$$EnhancerBySpringCGLIB$$5545b719.saveBatch(<generated>)
	at com.mock.example.modules.entrance.service.CeCollegeService.processImportBatch(CeCollegeService.java:221)
	at com.mock.example.modules.entrance.service.CeCollegeService.lambda$importCollegeDataAsync$6(CeCollegeService.java:133)
	at com.mock.example.common.utils.ExcelUtil$1.handle(ExcelUtil.java:261)
	at cn.hutool.poi.excel.sax.Excel07SaxReader.endElement(Excel07SaxReader.java:259)
	at org.apache.xerces.parsers.AbstractSAXParser.endElement(Unknown Source)
	at org.apache.xerces.impl.XMLNSDocumentScannerImpl.scanEndElement(Unknown Source)
	at org.apache.xerces.impl.XMLDocumentFragmentScannerImpl$FragmentContentDispatcher.dispatch(Unknown Source)
	at org.apache.xerces.impl.XMLDocumentFragmentScannerImpl.scanDocument(Unknown Source)
	at org.apache.xerces.parsers.XML11Configuration.parse(Unknown Source)
	at org.apache.xerces.parsers.XML11Configuration.parse(Unknown Source)
	at org.apache.xerces.parsers.XMLParser.parse(Unknown Source)
	at org.apache.xerces.parsers.AbstractSAXParser.parse(Unknown Source)
	at cn.hutool.poi.excel.sax.Excel07SaxReader.parse(Excel07SaxReader.java:337)
	at cn.hutool.poi.excel.sax.Excel07SaxReader.read(Excel07SaxReader.java:152)
	at cn.hutool.poi.excel.sax.Excel07SaxReader.read(Excel07SaxReader.java:122)
	at cn.hutool.poi.excel.ExcelUtil.read07BySax(ExcelUtil.java:84)
	at cn.hutool.poi.excel.ExcelUtil.readBySax(ExcelUtil.java:67)
	at cn.hutool.poi.excel.ExcelUtil.readBySax(ExcelUtil.java:53)
	at com.mock.example.common.utils.ExcelUtil.importExcelStreaming(ExcelUtil.java:186)
	at com.mock.example.modules.entrance.service.CeCollegeService.importCollegeDataAsync(CeCollegeService.java:132)
	at com.mock.example.modules.entrance.service.CeCollegeService$$FastClassBySpringCGLIB$$f1f9cc0f.invoke(<generated>)
	at org.springframework.cglib.proxy.MethodProxy.invoke(MethodProxy.java:218)
	at org.springframework.aop.framework.CglibAopProxy$CglibMethodInvocation.invokeJoinpoint(CglibAopProxy.java:771)
	at org.springframework.aop.framework.ReflectiveMethodInvocation.proceed(ReflectiveMethodInvocation.java:163)
	at org.springframework.aop.framework.CglibAopProxy$CglibMethodInvocation.proceed(CglibAopProxy.java:749)
	at org.springframework.transaction.interceptor.TransactionAspectSupport.invokeWithinTransaction(TransactionAspectSupport.java:367)
	at org.springframework.transaction.interceptor.TransactionInterceptor.invoke(TransactionInterceptor.java:118)
	at org.springframework.aop.framework.ReflectiveMethodInvocation.proceed(ReflectiveMethodInvocation.java:186)
	at org.springframework.aop.framework.CglibAopProxy$CglibMethodInvocation.proceed(CglibAopProxy.java:749)
	at org.springframework.aop.interceptor.AsyncExecutionInterceptor.lambda$invoke$0(AsyncExecutionInterceptor.java:115)
	at java.util.concurrent.FutureTask.run(FutureTask.java:266)
	at java.util.concurrent.ThreadPoolExecutor.runWorker(ThreadPoolExecutor.java:1149)
	at java.util.concurrent.ThreadPoolExecutor$Worker.run(ThreadPoolExecutor.java:624)
	at java.lang.Thread.run(Thread.java:750)
Caused by: java.sql.BatchUpdateException: Data truncation: Data too long for column 'profession_name' at row 973
	at sun.reflect.GeneratedConstructorAccessor83.newInstance(Unknown Source)
	at sun.reflect.DelegatingConstructorAccessorImpl.newInstance(DelegatingConstructorAccessorImpl.java:45)
	at java.lang.reflect.Constructor.newInstance(Constructor.java:423)
	at com.mysql.cj.util.Util.handleNewInstance(Util.java:192)
	at com.mysql.cj.util.Util.getInstance(Util.java:167)
	at com.mysql.cj.util.Util.getInstance(Util.java:174)
	at com.mysql.cj.jdbc.exceptions.SQLError.createBatchUpdateException(SQLError.java:224)
	at com.mysql.cj.jdbc.ClientPreparedStatement.executeBatchedInserts(ClientPreparedStatement.java:755)
	at com.mysql.cj.jdbc.ClientPreparedStatement.executeBatchInternal(ClientPreparedStatement.java:426)
	at com.mysql.cj.jdbc.StatementImpl.executeBatch(StatementImpl.java:796)
	at com.alibaba.druid.filter.FilterChainImpl.statement_executeBatch(FilterChainImpl.java:3066)
	at com.alibaba.druid.filter.FilterAdapter.statement_executeBatch(FilterAdapter.java:2496)
	at com.alibaba.druid.filter.FilterEventAdapter.statement_executeBatch(FilterEventAdapter.java:279)
	at com.alibaba.druid.filter.FilterChainImpl.statement_executeBatch(FilterChainImpl.java:3064)
	at com.alibaba.druid.proxy.jdbc.StatementProxyImpl.executeBatch(StatementProxyImpl.java:202)
	at com.alibaba.druid.pool.DruidPooledPreparedStatement.executeBatch(DruidPooledPreparedStatement.java:566)
	at sun.reflect.GeneratedMethodAccessor205.invoke(Unknown Source)
	at sun.reflect.DelegatingMethodAccessorImpl.invoke(DelegatingMethodAccessorImpl.java:43)
	at java.lang.reflect.Method.invoke(Method.java:498)
	at org.apache.ibatis.logging.jdbc.PreparedStatementLogger.invoke(PreparedStatementLogger.java:78)
	at com.sun.proxy.$Proxy151.executeBatch(Unknown Source)
	at com.baomidou.mybatisplus.core.executor.MybatisBatchExecutor.doFlushStatements(MybatisBatchExecutor.java:135)
	at org.apache.ibatis.executor.BaseExecutor.flushStatements(BaseExecutor.java:129)
	at org.apache.ibatis.executor.BaseExecutor.flushStatements(BaseExecutor.java:122)
	at com.baomidou.mybatisplus.core.executor.MybatisCachingExecutor.flushStatements(MybatisCachingExecutor.java:218)
	at sun.reflect.GeneratedMethodAccessor206.invoke(Unknown Source)
	at sun.reflect.DelegatingMethodAccessorImpl.invoke(DelegatingMethodAccessorImpl.java:43)
	at java.lang.reflect.Method.invoke(Method.java:498)
	at org.apache.ibatis.plugin.Plugin.invoke(Plugin.java:64)
	at com.sun.proxy.$Proxy148.flushStatements(Unknown Source)
	at sun.reflect.GeneratedMethodAccessor206.invoke(Unknown Source)
	at sun.reflect.DelegatingMethodAccessorImpl.invoke(DelegatingMethodAccessorImpl.java:43)
	at java.lang.reflect.Method.invoke(Method.java:498)
	at org.apache.ibatis.plugin.Plugin.invoke(Plugin.java:64)
	at com.sun.proxy.$Proxy148.flushStatements(Unknown Source)
	at org.apache.ibatis.session.defaults.DefaultSqlSession.flushStatements(DefaultSqlSession.java:249)
	at com.baomidou.mybatisplus.extension.toolkit.SqlHelper.lambda$executeBatch$0(SqlHelper.java:217)
	at com.baomidou.mybatisplus.extension.toolkit.SqlHelper.executeBatch(SqlHelper.java:179)
	... 51 common frames omitted
Caused by: com.mysql.cj.jdbc.exceptions.MysqlDataTruncation: Data truncation: Data too long for column 'profession_name' at row 973
	at com.mysql.cj.jdbc.exceptions.SQLExceptionsMapping.translateException(SQLExceptionsMapping.java:104)
	at com.mysql.cj.jdbc.ClientPreparedStatement.executeInternal(ClientPreparedStatement.java:953)
	at com.mysql.cj.jdbc.ClientPreparedStatement.executeUpdateInternal(ClientPreparedStatement.java:1092)
	at com.mysql.cj.jdbc.ClientPreparedStatement.executeUpdateInternal(ClientPreparedStatement.java:1040)
	at com.mysql.cj.jdbc.ClientPreparedStatement.executeLargeUpdate(ClientPreparedStatement.java:1347)
	at com.mysql.cj.jdbc.ClientPreparedStatement.executeBatchedInserts(ClientPreparedStatement.java:716)
	... 81 common frames omitted
2026-04-17 17:16:00.142 [[36mthreadPoolTaskExecutor-1[0;39m] [[1;31mERROR[0;39m] [[32mcom.mock.example.common.utils.ExcelUtil[0;39m]: 流式解析 Excel 行失败: rowIndex=90034
org.springframework.dao.DataIntegrityViolationException: com.mock.example.modules.entrance.mapper.CeProfessionMapper.insert (batch index #3) failed. 2 prior sub executor(s) completed successfully, but will be rolled back. Cause: java.sql.BatchUpdateException: Data truncation: Data too long for column 'profession_name' at row 108
; Data truncation: Data too long for column 'profession_name' at row 108; nested exception is java.sql.BatchUpdateException: Data truncation: Data too long for column 'profession_name' at row 108
	at org.springframework.jdbc.support.SQLStateSQLExceptionTranslator.doTranslate(SQLStateSQLExceptionTranslator.java:104)
	at org.springframework.jdbc.support.AbstractFallbackSQLExceptionTranslator.translate(AbstractFallbackSQLExceptionTranslator.java:72)
	at org.springframework.jdbc.support.AbstractFallbackSQLExceptionTranslator.translate(AbstractFallbackSQLExceptionTranslator.java:81)
	at org.springframework.jdbc.support.AbstractFallbackSQLExceptionTranslator.translate(AbstractFallbackSQLExceptionTranslator.java:81)
	at org.mybatis.spring.MyBatisExceptionTranslator.translateExceptionIfPossible(MyBatisExceptionTranslator.java:88)
	at com.baomidou.mybatisplus.extension.toolkit.SqlHelper.executeBatch(SqlHelper.java:189)
	at com.baomidou.mybatisplus.extension.toolkit.SqlHelper.executeBatch(SqlHelper.java:211)
	at com.baomidou.mybatisplus.extension.service.impl.ServiceImpl.executeBatch(ServiceImpl.java:234)
	at com.baomidou.mybatisplus.extension.service.impl.ServiceImpl.saveBatch(ServiceImpl.java:130)
	at com.baomidou.mybatisplus.extension.service.impl.ServiceImpl$$FastClassBySpringCGLIB$$76535273.invoke(<generated>)
	at org.springframework.cglib.proxy.MethodProxy.invoke(MethodProxy.java:218)
	at org.springframework.aop.framework.CglibAopProxy$CglibMethodInvocation.invokeJoinpoint(CglibAopProxy.java:771)
	at org.springframework.aop.framework.ReflectiveMethodInvocation.proceed(ReflectiveMethodInvocation.java:163)
	at org.springframework.aop.framework.CglibAopProxy$CglibMethodInvocation.proceed(CglibAopProxy.java:749)
	at org.springframework.dao.support.PersistenceExceptionTranslationInterceptor.invoke(PersistenceExceptionTranslationInterceptor.java:139)
	at org.springframework.aop.framework.ReflectiveMethodInvocation.proceed(ReflectiveMethodInvocation.java:186)
	at org.springframework.aop.framework.CglibAopProxy$CglibMethodInvocation.proceed(CglibAopProxy.java:749)
	at org.springframework.transaction.interceptor.TransactionAspectSupport.invokeWithinTransaction(TransactionAspectSupport.java:367)
	at org.springframework.transaction.interceptor.TransactionInterceptor.invoke(TransactionInterceptor.java:118)
	at org.springframework.aop.framework.ReflectiveMethodInvocation.proceed(ReflectiveMethodInvocation.java:186)
	at org.springframework.aop.framework.CglibAopProxy$CglibMethodInvocation.proceed(CglibAopProxy.java:749)
	at org.springframework.aop.framework.CglibAopProxy$DynamicAdvisedInterceptor.intercept(CglibAopProxy.java:691)
	at com.mock.example.modules.entrance.repository.impl.CeProfessionRepoImpl$$EnhancerBySpringCGLIB$$5545b719.saveBatch(<generated>)
	at com.mock.example.modules.entrance.service.CeCollegeService.processImportBatch(CeCollegeService.java:221)
	at com.mock.example.modules.entrance.service.CeCollegeService.lambda$importCollegeDataAsync$6(CeCollegeService.java:133)
	at com.mock.example.common.utils.ExcelUtil$1.handle(ExcelUtil.java:261)
	at cn.hutool.poi.excel.sax.Excel07SaxReader.endElement(Excel07SaxReader.java:259)
	at org.apache.xerces.parsers.AbstractSAXParser.endElement(Unknown Source)
	at org.apache.xerces.impl.XMLNSDocumentScannerImpl.scanEndElement(Unknown Source)
	at org.apache.xerces.impl.XMLDocumentFragmentScannerImpl$FragmentContentDispatcher.dispatch(Unknown Source)
	at org.apache.xerces.impl.XMLDocumentFragmentScannerImpl.scanDocument(Unknown Source)
	at org.apache.xerces.parsers.XML11Configuration.parse(Unknown Source)
	at org.apache.xerces.parsers.XML11Configuration.parse(Unknown Source)
	at org.apache.xerces.parsers.XMLParser.parse(Unknown Source)
	at org.apache.xerces.parsers.AbstractSAXParser.parse(Unknown Source)
	at cn.hutool.poi.excel.sax.Excel07SaxReader.parse(Excel07SaxReader.java:337)
	at cn.hutool.poi.excel.sax.Excel07SaxReader.read(Excel07SaxReader.java:152)
	at cn.hutool.poi.excel.sax.Excel07SaxReader.read(Excel07SaxReader.java:122)
	at cn.hutool.poi.excel.ExcelUtil.read07BySax(ExcelUtil.java:84)
	at cn.hutool.poi.excel.ExcelUtil.readBySax(ExcelUtil.java:67)
	at cn.hutool.poi.excel.ExcelUtil.readBySax(ExcelUtil.java:53)
	at com.mock.example.common.utils.ExcelUtil.importExcelStreaming(ExcelUtil.java:186)
	at com.mock.example.modules.entrance.service.CeCollegeService.importCollegeDataAsync(CeCollegeService.java:132)
	at com.mock.example.modules.entrance.service.CeCollegeService$$FastClassBySpringCGLIB$$f1f9cc0f.invoke(<generated>)
	at org.springframework.cglib.proxy.MethodProxy.invoke(MethodProxy.java:218)
	at org.springframework.aop.framework.CglibAopProxy$CglibMethodInvocation.invokeJoinpoint(CglibAopProxy.java:771)
	at org.springframework.aop.framework.ReflectiveMethodInvocation.proceed(ReflectiveMethodInvocation.java:163)
	at org.springframework.aop.framework.CglibAopProxy$CglibMethodInvocation.proceed(CglibAopProxy.java:749)
	at org.springframework.transaction.interceptor.TransactionAspectSupport.invokeWithinTransaction(TransactionAspectSupport.java:367)
	at org.springframework.transaction.interceptor.TransactionInterceptor.invoke(TransactionInterceptor.java:118)
	at org.springframework.aop.framework.ReflectiveMethodInvocation.proceed(ReflectiveMethodInvocation.java:186)
	at org.springframework.aop.framework.CglibAopProxy$CglibMethodInvocation.proceed(CglibAopProxy.java:749)
	at org.springframework.aop.interceptor.AsyncExecutionInterceptor.lambda$invoke$0(AsyncExecutionInterceptor.java:115)
	at java.util.concurrent.FutureTask.run(FutureTask.java:266)
	at java.util.concurrent.ThreadPoolExecutor.runWorker(ThreadPoolExecutor.java:1149)
	at java.util.concurrent.ThreadPoolExecutor$Worker.run(ThreadPoolExecutor.java:624)
	at java.lang.Thread.run(Thread.java:750)
Caused by: java.sql.BatchUpdateException: Data truncation: Data too long for column 'profession_name' at row 108
	at sun.reflect.GeneratedConstructorAccessor83.newInstance(Unknown Source)
	at sun.reflect.DelegatingConstructorAccessorImpl.newInstance(DelegatingConstructorAccessorImpl.java:45)
	at java.lang.reflect.Constructor.newInstance(Constructor.java:423)
	at com.mysql.cj.util.Util.handleNewInstance(Util.java:192)
	at com.mysql.cj.util.Util.getInstance(Util.java:167)
	at com.mysql.cj.util.Util.getInstance(Util.java:174)
	at com.mysql.cj.jdbc.exceptions.SQLError.createBatchUpdateException(SQLError.java:224)
	at com.mysql.cj.jdbc.ClientPreparedStatement.executeBatchedInserts(ClientPreparedStatement.java:755)
	at com.mysql.cj.jdbc.ClientPreparedStatement.executeBatchInternal(ClientPreparedStatement.java:426)
	at com.mysql.cj.jdbc.StatementImpl.executeBatch(StatementImpl.java:796)
	at com.alibaba.druid.filter.FilterChainImpl.statement_executeBatch(FilterChainImpl.java:3066)
	at com.alibaba.druid.filter.FilterAdapter.statement_executeBatch(FilterAdapter.java:2496)
	at com.alibaba.druid.filter.FilterEventAdapter.statement_executeBatch(FilterEventAdapter.java:279)
	at com.alibaba.druid.filter.FilterChainImpl.statement_executeBatch(FilterChainImpl.java:3064)
	at com.alibaba.druid.proxy.jdbc.StatementProxyImpl.executeBatch(StatementProxyImpl.java:202)
	at com.alibaba.druid.pool.DruidPooledPreparedStatement.executeBatch(DruidPooledPreparedStatement.java:566)
	at sun.reflect.GeneratedMethodAccessor205.invoke(Unknown Source)
	at sun.reflect.DelegatingMethodAccessorImpl.invoke(DelegatingMethodAccessorImpl.java:43)
	at java.lang.reflect.Method.invoke(Method.java:498)
	at org.apache.ibatis.logging.jdbc.PreparedStatementLogger.invoke(PreparedStatementLogger.java:78)
	at com.sun.proxy.$Proxy151.executeBatch(Unknown Source)
	at com.baomidou.mybatisplus.core.executor.MybatisBatchExecutor.doFlushStatements(MybatisBatchExecutor.java:135)
	at org.apache.ibatis.executor.BaseExecutor.flushStatements(BaseExecutor.java:129)
	at org.apache.ibatis.executor.BaseExecutor.flushStatements(BaseExecutor.java:122)
	at com.baomidou.mybatisplus.core.executor.MybatisCachingExecutor.flushStatements(MybatisCachingExecutor.java:218)
	at sun.reflect.GeneratedMethodAccessor206.invoke(Unknown Source)
	at sun.reflect.DelegatingMethodAccessorImpl.invoke(DelegatingMethodAccessorImpl.java:43)
	at java.lang.reflect.Method.invoke(Method.java:498)
	at org.apache.ibatis.plugin.Plugin.invoke(Plugin.java:64)
	at com.sun.proxy.$Proxy148.flushStatements(Unknown Source)
	at sun.reflect.GeneratedMethodAccessor206.invoke(Unknown Source)
	at sun.reflect.DelegatingMethodAccessorImpl.invoke(DelegatingMethodAccessorImpl.java:43)
	at java.lang.reflect.Method.invoke(Method.java:498)
	at org.apache.ibatis.plugin.Plugin.invoke(Plugin.java:64)
	at com.sun.proxy.$Proxy148.flushStatements(Unknown Source)
	at org.apache.ibatis.session.defaults.DefaultSqlSession.flushStatements(DefaultSqlSession.java:249)
	at com.baomidou.mybatisplus.extension.toolkit.SqlHelper.lambda$executeBatch$0(SqlHelper.java:217)
	at com.baomidou.mybatisplus.extension.toolkit.SqlHelper.executeBatch(SqlHelper.java:179)
	... 51 common frames omitted
Caused by: com.mysql.cj.jdbc.exceptions.MysqlDataTruncation: Data truncation: Data too long for column 'profession_name' at row 108
	at com.mysql.cj.jdbc.exceptions.SQLExceptionsMapping.translateException(SQLExceptionsMapping.java:104)
	at com.mysql.cj.jdbc.ClientPreparedStatement.executeInternal(ClientPreparedStatement.java:953)
	at com.mysql.cj.jdbc.ClientPreparedStatement.executeUpdateInternal(ClientPreparedStatement.java:1092)
	at com.mysql.cj.jdbc.ClientPreparedStatement.executeUpdateInternal(ClientPreparedStatement.java:1040)
	at com.mysql.cj.jdbc.ClientPreparedStatement.executeLargeUpdate(ClientPreparedStatement.java:1347)
	at com.mysql.cj.jdbc.ClientPreparedStatement.executeBatchedInserts(ClientPreparedStatement.java:716)
	... 81 common frames omitted
2026-04-17 17:16:01.598 [[36mthreadPoolTaskExecutor-1[0;39m] [[34mINFO [0;39m] [[32mc.mock.example.modules.entrance.service.CeCollegeService[0;39m]: 【异步任务】导入完成，总处理: 161900, 成功: 161900, 失败: 0
2026-04-17 17:16:02.243 [[36mthreadPoolTaskExecutor-1[0;39m] [[1;31mERROR[0;39m] [[32mo.s.aop.interceptor.SimpleAsyncUncaughtExceptionHandler[0;39m]: Unexpected exception occurred invoking async method: public void com.mock.example.modules.entrance.service.CeCollegeService.importCollegeDataAsync(java.lang.String,boolean,java.lang.String,java.lang.String)
org.springframework.transaction.UnexpectedRollbackException: Transaction rolled back because it has been marked as rollback-only
	at org.springframework.transaction.support.AbstractPlatformTransactionManager.processRollback(AbstractPlatformTransactionManager.java:870)
	at org.springframework.transaction.support.AbstractPlatformTransactionManager.commit(AbstractPlatformTransactionManager.java:707)
	at org.springframework.transaction.interceptor.TransactionAspectSupport.commitTransactionAfterReturning(TransactionAspectSupport.java:633)
	at org.springframework.transaction.interceptor.TransactionAspectSupport.invokeWithinTransaction(TransactionAspectSupport.java:386)
	at org.springframework.transaction.interceptor.TransactionInterceptor.invoke(TransactionInterceptor.java:118)
	at org.springframework.aop.framework.ReflectiveMethodInvocation.proceed(ReflectiveMethodInvocation.java:186)
	at org.springframework.aop.framework.CglibAopProxy$CglibMethodInvocation.proceed(CglibAopProxy.java:749)
	at org.springframework.aop.interceptor.AsyncExecutionInterceptor.lambda$invoke$0(AsyncExecutionInterceptor.java:115)
	at java.util.concurrent.FutureTask.run(FutureTask.java:266)
	at java.util.concurrent.ThreadPoolExecutor.runWorker(ThreadPoolExecutor.java:1149)
	at java.util.concurrent.ThreadPoolExecutor$Worker.run(ThreadPoolExecutor.java:624)
	at java.lang.Thread.run(Thread.java:750)
2026-04-17 17:22:15.656 [[36mSpringContextShutdownHook[0;39m] [[34mINFO [0;39m] [[32mo.s.scheduling.concurrent.ThreadPoolTaskExecutor[0;39m]: Shutting down ExecutorService 'threadPoolTaskExecutor'
2026-04-17 17:22:15.673 [[36mSpringContextShutdownHook[0;39m] [[34mINFO [0;39m] [[32mcom.alibaba.druid.pool.DruidDataSource[0;39m]: {dataSource-1} closed
2026-04-17 17:22:15.674 [[36mSpringContextShutdownHook[0;39m] [[34mINFO [0;39m] [[32msys-user[0;39m]: ====关闭后台任务任务线程池====
2026-04-17 17:22:15.680 [[36mSpringContextShutdownHook[0;39m] [[31mWARN [0;39m] [[32mo.s.context.annotation.CommonAnnotationBeanPostProcessor[0;39m]: Destroy method on bean with name 'shutdownManager' threw an exception: java.lang.ExceptionInInitializerError
2026-04-17 17:22:21.333 [[36mbackground-preinit[0;39m] [[34mINFO [0;39m] [[32morg.hibernate.validator.internal.util.Version[0;39m]: HV000001: Hibernate Validator 6.0.22.Final
2026-04-17 17:22:21.376 [[36mmain[0;39m] [[34mINFO [0;39m] [[32mcom.mock.example.WebApplication[0;39m]: Starting WebApplication on DESKTOP-7M1N7N1 with PID 19924 (C:\Users\Tuilg\OneDrive\Desktop\springboot+vue gaokao\后端代码\example\deploy\target\classes started by Tuilg in C:\Users\Tuilg\OneDrive\Desktop\springboot+vue gaokao)
2026-04-17 17:22:21.376 [[36mmain[0;39m] [[34mINFO [0;39m] [[32mcom.mock.example.WebApplication[0;39m]: The following profiles are active: dev
2026-04-17 17:22:23.264 [[36mmain[0;39m] [[34mINFO [0;39m] [[32mo.s.c.s.PostProcessorRegistrationDelegate$BeanPostProcessorChecker[0;39m]: Bean 'org.springframework.security.access.expression.method.DefaultMethodSecurityExpressionHandler@36b9cb99' of type [org.springframework.security.access.expression.method.DefaultMethodSecurityExpressionHandler] is not eligible for getting processed by all BeanPostProcessors (for example: not eligible for auto-proxying)
2026-04-17 17:22:23.272 [[36mmain[0;39m] [[34mINFO [0;39m] [[32mo.s.c.s.PostProcessorRegistrationDelegate$BeanPostProcessorChecker[0;39m]: Bean 'methodSecurityMetadataSource' of type [org.springframework.security.access.method.DelegatingMethodSecurityMetadataSource] is not eligible for getting processed by all BeanPostProcessors (for example: not eligible for auto-proxying)
2026-04-17 17:22:23.502 [[36mmain[0;39m] [[34mINFO [0;39m] [[32mo.s.boot.web.embedded.tomcat.TomcatWebServer[0;39m]: Tomcat initialized with port(s): 8082 (http)
2026-04-17 17:22:23.513 [[36mmain[0;39m] [[34mINFO [0;39m] [[32morg.apache.coyote.http11.Http11NioProtocol[0;39m]: Initializing ProtocolHandler ["http-nio-8082"]
2026-04-17 17:22:23.514 [[36mmain[0;39m] [[34mINFO [0;39m] [[32morg.apache.catalina.core.StandardService[0;39m]: Starting service [Tomcat]
2026-04-17 17:22:23.514 [[36mmain[0;39m] [[34mINFO [0;39m] [[32morg.apache.catalina.core.StandardEngine[0;39m]: Starting Servlet engine: [Apache Tomcat/9.0.41]
2026-04-17 17:22:23.647 [[36mmain[0;39m] [[34mINFO [0;39m] [[32mo.a.catalina.core.ContainerBase.[Tomcat].[localhost].[/][0;39m]: Initializing Spring embedded WebApplicationContext
2026-04-17 17:22:23.647 [[36mmain[0;39m] [[34mINFO [0;39m] [[32mo.s.b.w.s.context.ServletWebServerApplicationContext[0;39m]: Root WebApplicationContext: initialization completed in 2222 ms
2026-04-17 17:22:23.902 [[36mmain[0;39m] [[34mINFO [0;39m] [[32mc.a.d.s.boot.autoconfigure.DruidDataSourceAutoConfigure[0;39m]: Init DruidDataSource
2026-04-17 17:22:24.035 [[36mmain[0;39m] [[34mINFO [0;39m] [[32mcom.alibaba.druid.pool.DruidDataSource[0;39m]: {dataSource-1} inited
2026-04-17 17:22:26.892 [[36mmain[0;39m] [[34mINFO [0;39m] [[32mo.s.scheduling.concurrent.ThreadPoolTaskExecutor[0;39m]: Initializing ExecutorService 'threadPoolTaskExecutor'
2026-04-17 17:22:27.293 [[36mmain[0;39m] [[34mINFO [0;39m] [[32mo.s.security.web.DefaultSecurityFilterChain[0;39m]: Creating filter chain: any request, [org.springframework.security.web.context.request.async.WebAsyncManagerIntegrationFilter@2047adea, org.springframework.security.web.context.SecurityContextPersistenceFilter@6c1f15df, org.springframework.security.web.header.HeaderWriterFilter@380e33c2, org.springframework.web.filter.CorsFilter@4a070cf0, org.springframework.web.filter.CorsFilter@4a070cf0, org.springframework.security.web.authentication.logout.LogoutFilter@33e8e146, com.mock.example.common.config.security.filter.JwtAuthenticationTokenFilter@6ad179b4, org.springframework.security.web.savedrequest.RequestCacheAwareFilter@5876bed9, org.springframework.security.web.servletapi.SecurityContextHolderAwareRequestFilter@ba0018e, org.springframework.security.web.authentication.AnonymousAuthenticationFilter@5af40e45, org.springframework.security.web.session.SessionManagementFilter@39e7e040, org.springframework.security.web.access.ExceptionTranslationFilter@54556723, org.springframework.security.web.access.intercept.FilterSecurityInterceptor@5ee581db]
2026-04-17 17:22:27.956 [[36mmain[0;39m] [[34mINFO [0;39m] [[32morg.apache.coyote.http11.Http11NioProtocol[0;39m]: Starting ProtocolHandler ["http-nio-8082"]
2026-04-17 17:22:27.983 [[36mmain[0;39m] [[34mINFO [0;39m] [[32mo.s.boot.web.embedded.tomcat.TomcatWebServer[0;39m]: Tomcat started on port(s): 8082 (http) with context path ''
2026-04-17 17:22:27.987 [[36mmain[0;39m] [[34mINFO [0;39m] [[32mcom.mock.example.WebApplication[0;39m]: Started WebApplication in 7.332 seconds (JVM running for 9.095)
2026-04-17 17:22:36.373 [[36mhttp-nio-8082-exec-1[0;39m] [[34mINFO [0;39m] [[32mo.a.catalina.core.ContainerBase.[Tomcat].[localhost].[/][0;39m]: Initializing Spring DispatcherServlet 'dispatcherServlet'
2026-04-17 17:22:36.373 [[36mhttp-nio-8082-exec-1[0;39m] [[34mINFO [0;39m] [[32morg.springframework.web.servlet.DispatcherServlet[0;39m]: Initializing Servlet 'dispatcherServlet'
2026-04-17 17:22:36.380 [[36mhttp-nio-8082-exec-1[0;39m] [[34mINFO [0;39m] [[32morg.springframework.web.servlet.DispatcherServlet[0;39m]: Completed initialization in 7 ms
2026-04-17 17:23:33.933 [[36mthreadPoolTaskExecutor-1[0;39m] [[34mINFO [0;39m] [[32mc.mock.example.modules.entrance.service.CeCollegeService[0;39m]: 【异步任务】开始流式解析文件: D:\uploadPath\import\2ae33908-aa08-49a4-8e19-bffb15d0045b_1776323443287院校导入模板.xlsx, 大小: 9260493 bytes
2026-04-17 17:23:36.685 [[36mthreadPoolTaskExecutor-1[0;39m] [[1;31mERROR[0;39m] [[32mcom.mock.example.common.utils.ExcelUtil[0;39m]: 流式解析 Excel 行失败: rowIndex=4000
org.springframework.dao.DataIntegrityViolationException: com.mock.example.modules.entrance.mapper.CeProfessionMapper.insert (batch index #1) failed. Cause: java.sql.BatchUpdateException: Data truncation: Data too long for column 'profession_name' at row 1
; Data truncation: Data too long for column 'profession_name' at row 1; nested exception is java.sql.BatchUpdateException: Data truncation: Data too long for column 'profession_name' at row 1
	at org.springframework.jdbc.support.SQLStateSQLExceptionTranslator.doTranslate(SQLStateSQLExceptionTranslator.java:104)
	at org.springframework.jdbc.support.AbstractFallbackSQLExceptionTranslator.translate(AbstractFallbackSQLExceptionTranslator.java:72)
	at org.springframework.jdbc.support.AbstractFallbackSQLExceptionTranslator.translate(AbstractFallbackSQLExceptionTranslator.java:81)
	at org.springframework.jdbc.support.AbstractFallbackSQLExceptionTranslator.translate(AbstractFallbackSQLExceptionTranslator.java:81)
	at org.mybatis.spring.MyBatisExceptionTranslator.translateExceptionIfPossible(MyBatisExceptionTranslator.java:88)
	at com.baomidou.mybatisplus.extension.toolkit.SqlHelper.executeBatch(SqlHelper.java:189)
	at com.baomidou.mybatisplus.extension.toolkit.SqlHelper.executeBatch(SqlHelper.java:211)
	at com.baomidou.mybatisplus.extension.service.impl.ServiceImpl.executeBatch(ServiceImpl.java:234)
	at com.baomidou.mybatisplus.extension.service.impl.ServiceImpl.saveBatch(ServiceImpl.java:130)
	at com.baomidou.mybatisplus.extension.service.impl.ServiceImpl$$FastClassBySpringCGLIB$$76535273.invoke(<generated>)
	at org.springframework.cglib.proxy.MethodProxy.invoke(MethodProxy.java:218)
	at org.springframework.aop.framework.CglibAopProxy$CglibMethodInvocation.invokeJoinpoint(CglibAopProxy.java:771)
	at org.springframework.aop.framework.ReflectiveMethodInvocation.proceed(ReflectiveMethodInvocation.java:163)
	at org.springframework.aop.framework.CglibAopProxy$CglibMethodInvocation.proceed(CglibAopProxy.java:749)
	at org.springframework.dao.support.PersistenceExceptionTranslationInterceptor.invoke(PersistenceExceptionTranslationInterceptor.java:139)
	at org.springframework.aop.framework.ReflectiveMethodInvocation.proceed(ReflectiveMethodInvocation.java:186)
	at org.springframework.aop.framework.CglibAopProxy$CglibMethodInvocation.proceed(CglibAopProxy.java:749)
	at org.springframework.transaction.interceptor.TransactionAspectSupport.invokeWithinTransaction(TransactionAspectSupport.java:367)
	at org.springframework.transaction.interceptor.TransactionInterceptor.invoke(TransactionInterceptor.java:118)
	at org.springframework.aop.framework.ReflectiveMethodInvocation.proceed(ReflectiveMethodInvocation.java:186)
	at org.springframework.aop.framework.CglibAopProxy$CglibMethodInvocation.proceed(CglibAopProxy.java:749)
	at org.springframework.aop.framework.CglibAopProxy$DynamicAdvisedInterceptor.intercept(CglibAopProxy.java:691)
	at com.mock.example.modules.entrance.repository.impl.CeProfessionRepoImpl$$EnhancerBySpringCGLIB$$5517fd5b.saveBatch(<generated>)
	at com.mock.example.modules.entrance.service.CeCollegeService.processImportBatch(CeCollegeService.java:221)
	at com.mock.example.modules.entrance.service.CeCollegeService.lambda$importCollegeDataAsync$6(CeCollegeService.java:133)
	at com.mock.example.common.utils.ExcelUtil$1.handle(ExcelUtil.java:261)
	at cn.hutool.poi.excel.sax.Excel07SaxReader.endElement(Excel07SaxReader.java:259)
	at org.apache.xerces.parsers.AbstractSAXParser.endElement(Unknown Source)
	at org.apache.xerces.impl.XMLNSDocumentScannerImpl.scanEndElement(Unknown Source)
	at org.apache.xerces.impl.XMLDocumentFragmentScannerImpl$FragmentContentDispatcher.dispatch(Unknown Source)
	at org.apache.xerces.impl.XMLDocumentFragmentScannerImpl.scanDocument(Unknown Source)
	at org.apache.xerces.parsers.XML11Configuration.parse(Unknown Source)
	at org.apache.xerces.parsers.XML11Configuration.parse(Unknown Source)
	at org.apache.xerces.parsers.XMLParser.parse(Unknown Source)
	at org.apache.xerces.parsers.AbstractSAXParser.parse(Unknown Source)
	at cn.hutool.poi.excel.sax.Excel07SaxReader.parse(Excel07SaxReader.java:337)
	at cn.hutool.poi.excel.sax.Excel07SaxReader.read(Excel07SaxReader.java:152)
	at cn.hutool.poi.excel.sax.Excel07SaxReader.read(Excel07SaxReader.java:122)
	at cn.hutool.poi.excel.ExcelUtil.read07BySax(ExcelUtil.java:84)
	at cn.hutool.poi.excel.ExcelUtil.readBySax(ExcelUtil.java:67)
	at cn.hutool.poi.excel.ExcelUtil.readBySax(ExcelUtil.java:53)
	at com.mock.example.common.utils.ExcelUtil.importExcelStreaming(ExcelUtil.java:186)
	at com.mock.example.modules.entrance.service.CeCollegeService.importCollegeDataAsync(CeCollegeService.java:132)
	at com.mock.example.modules.entrance.service.CeCollegeService$$FastClassBySpringCGLIB$$f1f9cc0f.invoke(<generated>)
	at org.springframework.cglib.proxy.MethodProxy.invoke(MethodProxy.java:218)
	at org.springframework.aop.framework.CglibAopProxy$CglibMethodInvocation.invokeJoinpoint(CglibAopProxy.java:771)
	at org.springframework.aop.framework.ReflectiveMethodInvocation.proceed(ReflectiveMethodInvocation.java:163)
	at org.springframework.aop.framework.CglibAopProxy$CglibMethodInvocation.proceed(CglibAopProxy.java:749)
	at org.springframework.transaction.interceptor.TransactionAspectSupport.invokeWithinTransaction(TransactionAspectSupport.java:367)
	at org.springframework.transaction.interceptor.TransactionInterceptor.invoke(TransactionInterceptor.java:118)
	at org.springframework.aop.framework.ReflectiveMethodInvocation.proceed(ReflectiveMethodInvocation.java:186)
	at org.springframework.aop.framework.CglibAopProxy$CglibMethodInvocation.proceed(CglibAopProxy.java:749)
	at org.springframework.aop.interceptor.AsyncExecutionInterceptor.lambda$invoke$0(AsyncExecutionInterceptor.java:115)
	at java.util.concurrent.FutureTask.run(FutureTask.java:266)
	at java.util.concurrent.ThreadPoolExecutor.runWorker(ThreadPoolExecutor.java:1149)
	at java.util.concurrent.ThreadPoolExecutor$Worker.run(ThreadPoolExecutor.java:624)
	at java.lang.Thread.run(Thread.java:750)
Caused by: java.sql.BatchUpdateException: Data truncation: Data too long for column 'profession_name' at row 1
	at sun.reflect.NativeConstructorAccessorImpl.newInstance0(Native Method)
	at sun.reflect.NativeConstructorAccessorImpl.newInstance(NativeConstructorAccessorImpl.java:62)
	at sun.reflect.DelegatingConstructorAccessorImpl.newInstance(DelegatingConstructorAccessorImpl.java:45)
	at java.lang.reflect.Constructor.newInstance(Constructor.java:423)
	at com.mysql.cj.util.Util.handleNewInstance(Util.java:192)
	at com.mysql.cj.util.Util.getInstance(Util.java:167)
	at com.mysql.cj.util.Util.getInstance(Util.java:174)
	at com.mysql.cj.jdbc.exceptions.SQLError.createBatchUpdateException(SQLError.java:224)
	at com.mysql.cj.jdbc.ClientPreparedStatement.executeBatchedInserts(ClientPreparedStatement.java:755)
	at com.mysql.cj.jdbc.ClientPreparedStatement.executeBatchInternal(ClientPreparedStatement.java:426)
	at com.mysql.cj.jdbc.StatementImpl.executeBatch(StatementImpl.java:796)
	at com.alibaba.druid.filter.FilterChainImpl.statement_executeBatch(FilterChainImpl.java:3066)
	at com.alibaba.druid.filter.FilterAdapter.statement_executeBatch(FilterAdapter.java:2496)
	at com.alibaba.druid.filter.FilterEventAdapter.statement_executeBatch(FilterEventAdapter.java:279)
	at com.alibaba.druid.filter.FilterChainImpl.statement_executeBatch(FilterChainImpl.java:3064)
	at com.alibaba.druid.proxy.jdbc.StatementProxyImpl.executeBatch(StatementProxyImpl.java:202)
	at com.alibaba.druid.pool.DruidPooledPreparedStatement.executeBatch(DruidPooledPreparedStatement.java:566)
	at sun.reflect.GeneratedMethodAccessor212.invoke(Unknown Source)
	at sun.reflect.DelegatingMethodAccessorImpl.invoke(DelegatingMethodAccessorImpl.java:43)
	at java.lang.reflect.Method.invoke(Method.java:498)
	at org.apache.ibatis.logging.jdbc.PreparedStatementLogger.invoke(PreparedStatementLogger.java:78)
	at com.sun.proxy.$Proxy151.executeBatch(Unknown Source)
	at com.baomidou.mybatisplus.core.executor.MybatisBatchExecutor.doFlushStatements(MybatisBatchExecutor.java:135)
	at org.apache.ibatis.executor.BaseExecutor.flushStatements(BaseExecutor.java:129)
	at org.apache.ibatis.executor.BaseExecutor.flushStatements(BaseExecutor.java:122)
	at com.baomidou.mybatisplus.core.executor.MybatisCachingExecutor.flushStatements(MybatisCachingExecutor.java:218)
	at sun.reflect.NativeMethodAccessorImpl.invoke0(Native Method)
	at sun.reflect.NativeMethodAccessorImpl.invoke(NativeMethodAccessorImpl.java:62)
	at sun.reflect.DelegatingMethodAccessorImpl.invoke(DelegatingMethodAccessorImpl.java:43)
	at java.lang.reflect.Method.invoke(Method.java:498)
	at org.apache.ibatis.plugin.Plugin.invoke(Plugin.java:64)
	at com.sun.proxy.$Proxy148.flushStatements(Unknown Source)
	at sun.reflect.NativeMethodAccessorImpl.invoke0(Native Method)
	at sun.reflect.NativeMethodAccessorImpl.invoke(NativeMethodAccessorImpl.java:62)
	at sun.reflect.DelegatingMethodAccessorImpl.invoke(DelegatingMethodAccessorImpl.java:43)
	at java.lang.reflect.Method.invoke(Method.java:498)
	at org.apache.ibatis.plugin.Plugin.invoke(Plugin.java:64)
	at com.sun.proxy.$Proxy148.flushStatements(Unknown Source)
	at org.apache.ibatis.session.defaults.DefaultSqlSession.flushStatements(DefaultSqlSession.java:249)
	at com.baomidou.mybatisplus.extension.toolkit.SqlHelper.lambda$executeBatch$0(SqlHelper.java:217)
	at com.baomidou.mybatisplus.extension.toolkit.SqlHelper.executeBatch(SqlHelper.java:179)
	... 51 common frames omitted
Caused by: com.mysql.cj.jdbc.exceptions.MysqlDataTruncation: Data truncation: Data too long for column 'profession_name' at row 1
	at com.mysql.cj.jdbc.exceptions.SQLExceptionsMapping.translateException(SQLExceptionsMapping.java:104)
	at com.mysql.cj.jdbc.ClientPreparedStatement.executeInternal(ClientPreparedStatement.java:953)
	at com.mysql.cj.jdbc.ClientPreparedStatement.executeUpdateInternal(ClientPreparedStatement.java:1092)
	at com.mysql.cj.jdbc.ClientPreparedStatement.executeUpdateInternal(ClientPreparedStatement.java:1040)
	at com.mysql.cj.jdbc.ClientPreparedStatement.executeLargeUpdate(ClientPreparedStatement.java:1347)
	at com.mysql.cj.jdbc.ClientPreparedStatement.executeBatchedInserts(ClientPreparedStatement.java:716)
	... 83 common frames omitted
2026-04-17 17:23:38.047 [[36mthreadPoolTaskExecutor-1[0;39m] [[1;31mERROR[0;39m] [[32mcom.mock.example.common.utils.ExcelUtil[0;39m]: 流式解析 Excel 行失败: rowIndex=6001
org.springframework.dao.DataIntegrityViolationException: com.mock.example.modules.entrance.mapper.CeProfessionMapper.insert (batch index #1) failed. Cause: java.sql.BatchUpdateException: Data truncation: Data too long for column 'profession_name' at row 1
; Data truncation: Data too long for column 'profession_name' at row 1; nested exception is java.sql.BatchUpdateException: Data truncation: Data too long for column 'profession_name' at row 1
	at org.springframework.jdbc.support.SQLStateSQLExceptionTranslator.doTranslate(SQLStateSQLExceptionTranslator.java:104)
	at org.springframework.jdbc.support.AbstractFallbackSQLExceptionTranslator.translate(AbstractFallbackSQLExceptionTranslator.java:72)
	at org.springframework.jdbc.support.AbstractFallbackSQLExceptionTranslator.translate(AbstractFallbackSQLExceptionTranslator.java:81)
	at org.springframework.jdbc.support.AbstractFallbackSQLExceptionTranslator.translate(AbstractFallbackSQLExceptionTranslator.java:81)
	at org.mybatis.spring.MyBatisExceptionTranslator.translateExceptionIfPossible(MyBatisExceptionTranslator.java:88)
	at com.baomidou.mybatisplus.extension.toolkit.SqlHelper.executeBatch(SqlHelper.java:189)
	at com.baomidou.mybatisplus.extension.toolkit.SqlHelper.executeBatch(SqlHelper.java:211)
	at com.baomidou.mybatisplus.extension.service.impl.ServiceImpl.executeBatch(ServiceImpl.java:234)
	at com.baomidou.mybatisplus.extension.service.impl.ServiceImpl.saveBatch(ServiceImpl.java:130)
	at com.baomidou.mybatisplus.extension.service.impl.ServiceImpl$$FastClassBySpringCGLIB$$76535273.invoke(<generated>)
	at org.springframework.cglib.proxy.MethodProxy.invoke(MethodProxy.java:218)
	at org.springframework.aop.framework.CglibAopProxy$CglibMethodInvocation.invokeJoinpoint(CglibAopProxy.java:771)
	at org.springframework.aop.framework.ReflectiveMethodInvocation.proceed(ReflectiveMethodInvocation.java:163)
	at org.springframework.aop.framework.CglibAopProxy$CglibMethodInvocation.proceed(CglibAopProxy.java:749)
	at org.springframework.dao.support.PersistenceExceptionTranslationInterceptor.invoke(PersistenceExceptionTranslationInterceptor.java:139)
	at org.springframework.aop.framework.ReflectiveMethodInvocation.proceed(ReflectiveMethodInvocation.java:186)
	at org.springframework.aop.framework.CglibAopProxy$CglibMethodInvocation.proceed(CglibAopProxy.java:749)
	at org.springframework.transaction.interceptor.TransactionAspectSupport.invokeWithinTransaction(TransactionAspectSupport.java:367)
	at org.springframework.transaction.interceptor.TransactionInterceptor.invoke(TransactionInterceptor.java:118)
	at org.springframework.aop.framework.ReflectiveMethodInvocation.proceed(ReflectiveMethodInvocation.java:186)
	at org.springframework.aop.framework.CglibAopProxy$CglibMethodInvocation.proceed(CglibAopProxy.java:749)
	at org.springframework.aop.framework.CglibAopProxy$DynamicAdvisedInterceptor.intercept(CglibAopProxy.java:691)
	at com.mock.example.modules.entrance.repository.impl.CeProfessionRepoImpl$$EnhancerBySpringCGLIB$$5517fd5b.saveBatch(<generated>)
	at com.mock.example.modules.entrance.service.CeCollegeService.processImportBatch(CeCollegeService.java:221)
	at com.mock.example.modules.entrance.service.CeCollegeService.lambda$importCollegeDataAsync$6(CeCollegeService.java:133)
	at com.mock.example.common.utils.ExcelUtil$1.handle(ExcelUtil.java:261)
	at cn.hutool.poi.excel.sax.Excel07SaxReader.endElement(Excel07SaxReader.java:259)
	at org.apache.xerces.parsers.AbstractSAXParser.endElement(Unknown Source)
	at org.apache.xerces.impl.XMLNSDocumentScannerImpl.scanEndElement(Unknown Source)
	at org.apache.xerces.impl.XMLDocumentFragmentScannerImpl$FragmentContentDispatcher.dispatch(Unknown Source)
	at org.apache.xerces.impl.XMLDocumentFragmentScannerImpl.scanDocument(Unknown Source)
	at org.apache.xerces.parsers.XML11Configuration.parse(Unknown Source)
	at org.apache.xerces.parsers.XML11Configuration.parse(Unknown Source)
	at org.apache.xerces.parsers.XMLParser.parse(Unknown Source)
	at org.apache.xerces.parsers.AbstractSAXParser.parse(Unknown Source)
	at cn.hutool.poi.excel.sax.Excel07SaxReader.parse(Excel07SaxReader.java:337)
	at cn.hutool.poi.excel.sax.Excel07SaxReader.read(Excel07SaxReader.java:152)
	at cn.hutool.poi.excel.sax.Excel07SaxReader.read(Excel07SaxReader.java:122)
	at cn.hutool.poi.excel.ExcelUtil.read07BySax(ExcelUtil.java:84)
	at cn.hutool.poi.excel.ExcelUtil.readBySax(ExcelUtil.java:67)
	at cn.hutool.poi.excel.ExcelUtil.readBySax(ExcelUtil.java:53)
	at com.mock.example.common.utils.ExcelUtil.importExcelStreaming(ExcelUtil.java:186)
	at com.mock.example.modules.entrance.service.CeCollegeService.importCollegeDataAsync(CeCollegeService.java:132)
	at com.mock.example.modules.entrance.service.CeCollegeService$$FastClassBySpringCGLIB$$f1f9cc0f.invoke(<generated>)
	at org.springframework.cglib.proxy.MethodProxy.invoke(MethodProxy.java:218)
	at org.springframework.aop.framework.CglibAopProxy$CglibMethodInvocation.invokeJoinpoint(CglibAopProxy.java:771)
	at org.springframework.aop.framework.ReflectiveMethodInvocation.proceed(ReflectiveMethodInvocation.java:163)
	at org.springframework.aop.framework.CglibAopProxy$CglibMethodInvocation.proceed(CglibAopProxy.java:749)
	at org.springframework.transaction.interceptor.TransactionAspectSupport.invokeWithinTransaction(TransactionAspectSupport.java:367)
	at org.springframework.transaction.interceptor.TransactionInterceptor.invoke(TransactionInterceptor.java:118)
	at org.springframework.aop.framework.ReflectiveMethodInvocation.proceed(ReflectiveMethodInvocation.java:186)
	at org.springframework.aop.framework.CglibAopProxy$CglibMethodInvocation.proceed(CglibAopProxy.java:749)
	at org.springframework.aop.interceptor.AsyncExecutionInterceptor.lambda$invoke$0(AsyncExecutionInterceptor.java:115)
	at java.util.concurrent.FutureTask.run(FutureTask.java:266)
	at java.util.concurrent.ThreadPoolExecutor.runWorker(ThreadPoolExecutor.java:1149)
	at java.util.concurrent.ThreadPoolExecutor$Worker.run(ThreadPoolExecutor.java:624)
	at java.lang.Thread.run(Thread.java:750)
Caused by: java.sql.BatchUpdateException: Data truncation: Data too long for column 'profession_name' at row 1
	at sun.reflect.NativeConstructorAccessorImpl.newInstance0(Native Method)
	at sun.reflect.NativeConstructorAccessorImpl.newInstance(NativeConstructorAccessorImpl.java:62)
	at sun.reflect.DelegatingConstructorAccessorImpl.newInstance(DelegatingConstructorAccessorImpl.java:45)
	at java.lang.reflect.Constructor.newInstance(Constructor.java:423)
	at com.mysql.cj.util.Util.handleNewInstance(Util.java:192)
	at com.mysql.cj.util.Util.getInstance(Util.java:167)
	at com.mysql.cj.util.Util.getInstance(Util.java:174)
	at com.mysql.cj.jdbc.exceptions.SQLError.createBatchUpdateException(SQLError.java:224)
	at com.mysql.cj.jdbc.ClientPreparedStatement.executeBatchedInserts(ClientPreparedStatement.java:755)
	at com.mysql.cj.jdbc.ClientPreparedStatement.executeBatchInternal(ClientPreparedStatement.java:426)
	at com.mysql.cj.jdbc.StatementImpl.executeBatch(StatementImpl.java:796)
	at com.alibaba.druid.filter.FilterChainImpl.statement_executeBatch(FilterChainImpl.java:3066)
	at com.alibaba.druid.filter.FilterAdapter.statement_executeBatch(FilterAdapter.java:2496)
	at com.alibaba.druid.filter.FilterEventAdapter.statement_executeBatch(FilterEventAdapter.java:279)
	at com.alibaba.druid.filter.FilterChainImpl.statement_executeBatch(FilterChainImpl.java:3064)
	at com.alibaba.druid.proxy.jdbc.StatementProxyImpl.executeBatch(StatementProxyImpl.java:202)
	at com.alibaba.druid.pool.DruidPooledPreparedStatement.executeBatch(DruidPooledPreparedStatement.java:566)
	at sun.reflect.GeneratedMethodAccessor212.invoke(Unknown Source)
	at sun.reflect.DelegatingMethodAccessorImpl.invoke(DelegatingMethodAccessorImpl.java:43)
	at java.lang.reflect.Method.invoke(Method.java:498)
	at org.apache.ibatis.logging.jdbc.PreparedStatementLogger.invoke(PreparedStatementLogger.java:78)
	at com.sun.proxy.$Proxy151.executeBatch(Unknown Source)
	at com.baomidou.mybatisplus.core.executor.MybatisBatchExecutor.doFlushStatements(MybatisBatchExecutor.java:135)
	at org.apache.ibatis.executor.BaseExecutor.flushStatements(BaseExecutor.java:129)
	at org.apache.ibatis.executor.BaseExecutor.flushStatements(BaseExecutor.java:122)
	at com.baomidou.mybatisplus.core.executor.MybatisCachingExecutor.flushStatements(MybatisCachingExecutor.java:218)
	at sun.reflect.GeneratedMethodAccessor213.invoke(Unknown Source)
	at sun.reflect.DelegatingMethodAccessorImpl.invoke(DelegatingMethodAccessorImpl.java:43)
	at java.lang.reflect.Method.invoke(Method.java:498)
	at org.apache.ibatis.plugin.Plugin.invoke(Plugin.java:64)
	at com.sun.proxy.$Proxy148.flushStatements(Unknown Source)
	at sun.reflect.GeneratedMethodAccessor213.invoke(Unknown Source)
	at sun.reflect.DelegatingMethodAccessorImpl.invoke(DelegatingMethodAccessorImpl.java:43)
	at java.lang.reflect.Method.invoke(Method.java:498)
	at org.apache.ibatis.plugin.Plugin.invoke(Plugin.java:64)
	at com.sun.proxy.$Proxy148.flushStatements(Unknown Source)
	at org.apache.ibatis.session.defaults.DefaultSqlSession.flushStatements(DefaultSqlSession.java:249)
	at com.baomidou.mybatisplus.extension.toolkit.SqlHelper.lambda$executeBatch$0(SqlHelper.java:217)
	at com.baomidou.mybatisplus.extension.toolkit.SqlHelper.executeBatch(SqlHelper.java:179)
	... 51 common frames omitted
Caused by: com.mysql.cj.jdbc.exceptions.MysqlDataTruncation: Data truncation: Data too long for column 'profession_name' at row 1
	at com.mysql.cj.jdbc.exceptions.SQLExceptionsMapping.translateException(SQLExceptionsMapping.java:104)
	at com.mysql.cj.jdbc.ClientPreparedStatement.executeInternal(ClientPreparedStatement.java:953)
	at com.mysql.cj.jdbc.ClientPreparedStatement.executeUpdateInternal(ClientPreparedStatement.java:1092)
	at com.mysql.cj.jdbc.ClientPreparedStatement.executeUpdateInternal(ClientPreparedStatement.java:1040)
	at com.mysql.cj.jdbc.ClientPreparedStatement.executeLargeUpdate(ClientPreparedStatement.java:1347)
	at com.mysql.cj.jdbc.ClientPreparedStatement.executeBatchedInserts(ClientPreparedStatement.java:716)
	... 81 common frames omitted
2026-04-17 17:23:39.649 [[36mthreadPoolTaskExecutor-1[0;39m] [[1;31mERROR[0;39m] [[32mcom.mock.example.common.utils.ExcelUtil[0;39m]: 流式解析 Excel 行失败: rowIndex=8002
org.springframework.dao.DataIntegrityViolationException: com.mock.example.modules.entrance.mapper.CeProfessionMapper.insert (batch index #1) failed. Cause: java.sql.BatchUpdateException: Data truncation: Data too long for column 'profession_name' at row 1
; Data truncation: Data too long for column 'profession_name' at row 1; nested exception is java.sql.BatchUpdateException: Data truncation: Data too long for column 'profession_name' at row 1
	at org.springframework.jdbc.support.SQLStateSQLExceptionTranslator.doTranslate(SQLStateSQLExceptionTranslator.java:104)
	at org.springframework.jdbc.support.AbstractFallbackSQLExceptionTranslator.translate(AbstractFallbackSQLExceptionTranslator.java:72)
	at org.springframework.jdbc.support.AbstractFallbackSQLExceptionTranslator.translate(AbstractFallbackSQLExceptionTranslator.java:81)
	at org.springframework.jdbc.support.AbstractFallbackSQLExceptionTranslator.translate(AbstractFallbackSQLExceptionTranslator.java:81)
	at org.mybatis.spring.MyBatisExceptionTranslator.translateExceptionIfPossible(MyBatisExceptionTranslator.java:88)
	at com.baomidou.mybatisplus.extension.toolkit.SqlHelper.executeBatch(SqlHelper.java:189)
	at com.baomidou.mybatisplus.extension.toolkit.SqlHelper.executeBatch(SqlHelper.java:211)
	at com.baomidou.mybatisplus.extension.service.impl.ServiceImpl.executeBatch(ServiceImpl.java:234)
	at com.baomidou.mybatisplus.extension.service.impl.ServiceImpl.saveBatch(ServiceImpl.java:130)
	at com.baomidou.mybatisplus.extension.service.impl.ServiceImpl$$FastClassBySpringCGLIB$$76535273.invoke(<generated>)
	at org.springframework.cglib.proxy.MethodProxy.invoke(MethodProxy.java:218)
	at org.springframework.aop.framework.CglibAopProxy$CglibMethodInvocation.invokeJoinpoint(CglibAopProxy.java:771)
	at org.springframework.aop.framework.ReflectiveMethodInvocation.proceed(ReflectiveMethodInvocation.java:163)
	at org.springframework.aop.framework.CglibAopProxy$CglibMethodInvocation.proceed(CglibAopProxy.java:749)
	at org.springframework.dao.support.PersistenceExceptionTranslationInterceptor.invoke(PersistenceExceptionTranslationInterceptor.java:139)
	at org.springframework.aop.framework.ReflectiveMethodInvocation.proceed(ReflectiveMethodInvocation.java:186)
	at org.springframework.aop.framework.CglibAopProxy$CglibMethodInvocation.proceed(CglibAopProxy.java:749)
	at org.springframework.transaction.interceptor.TransactionAspectSupport.invokeWithinTransaction(TransactionAspectSupport.java:367)
	at org.springframework.transaction.interceptor.TransactionInterceptor.invoke(TransactionInterceptor.java:118)
	at org.springframework.aop.framework.ReflectiveMethodInvocation.proceed(ReflectiveMethodInvocation.java:186)
	at org.springframework.aop.framework.CglibAopProxy$CglibMethodInvocation.proceed(CglibAopProxy.java:749)
	at org.springframework.aop.framework.CglibAopProxy$DynamicAdvisedInterceptor.intercept(CglibAopProxy.java:691)
	at com.mock.example.modules.entrance.repository.impl.CeProfessionRepoImpl$$EnhancerBySpringCGLIB$$5517fd5b.saveBatch(<generated>)
	at com.mock.example.modules.entrance.service.CeCollegeService.processImportBatch(CeCollegeService.java:221)
	at com.mock.example.modules.entrance.service.CeCollegeService.lambda$importCollegeDataAsync$6(CeCollegeService.java:133)
	at com.mock.example.common.utils.ExcelUtil$1.handle(ExcelUtil.java:261)
	at cn.hutool.poi.excel.sax.Excel07SaxReader.endElement(Excel07SaxReader.java:259)
	at org.apache.xerces.parsers.AbstractSAXParser.endElement(Unknown Source)
	at org.apache.xerces.impl.XMLNSDocumentScannerImpl.scanEndElement(Unknown Source)
	at org.apache.xerces.impl.XMLDocumentFragmentScannerImpl$FragmentContentDispatcher.dispatch(Unknown Source)
	at org.apache.xerces.impl.XMLDocumentFragmentScannerImpl.scanDocument(Unknown Source)
	at org.apache.xerces.parsers.XML11Configuration.parse(Unknown Source)
	at org.apache.xerces.parsers.XML11Configuration.parse(Unknown Source)
	at org.apache.xerces.parsers.XMLParser.parse(Unknown Source)
	at org.apache.xerces.parsers.AbstractSAXParser.parse(Unknown Source)
	at cn.hutool.poi.excel.sax.Excel07SaxReader.parse(Excel07SaxReader.java:337)
	at cn.hutool.poi.excel.sax.Excel07SaxReader.read(Excel07SaxReader.java:152)
	at cn.hutool.poi.excel.sax.Excel07SaxReader.read(Excel07SaxReader.java:122)
	at cn.hutool.poi.excel.ExcelUtil.read07BySax(ExcelUtil.java:84)
	at cn.hutool.poi.excel.ExcelUtil.readBySax(ExcelUtil.java:67)
	at cn.hutool.poi.excel.ExcelUtil.readBySax(ExcelUtil.java:53)
	at com.mock.example.common.utils.ExcelUtil.importExcelStreaming(ExcelUtil.java:186)
	at com.mock.example.modules.entrance.service.CeCollegeService.importCollegeDataAsync(CeCollegeService.java:132)
	at com.mock.example.modules.entrance.service.CeCollegeService$$FastClassBySpringCGLIB$$f1f9cc0f.invoke(<generated>)
	at org.springframework.cglib.proxy.MethodProxy.invoke(MethodProxy.java:218)
	at org.springframework.aop.framework.CglibAopProxy$CglibMethodInvocation.invokeJoinpoint(CglibAopProxy.java:771)
	at org.springframework.aop.framework.ReflectiveMethodInvocation.proceed(ReflectiveMethodInvocation.java:163)
	at org.springframework.aop.framework.CglibAopProxy$CglibMethodInvocation.proceed(CglibAopProxy.java:749)
	at org.springframework.transaction.interceptor.TransactionAspectSupport.invokeWithinTransaction(TransactionAspectSupport.java:367)
	at org.springframework.transaction.interceptor.TransactionInterceptor.invoke(TransactionInterceptor.java:118)
	at org.springframework.aop.framework.ReflectiveMethodInvocation.proceed(ReflectiveMethodInvocation.java:186)
	at org.springframework.aop.framework.CglibAopProxy$CglibMethodInvocation.proceed(CglibAopProxy.java:749)
	at org.springframework.aop.interceptor.AsyncExecutionInterceptor.lambda$invoke$0(AsyncExecutionInterceptor.java:115)
	at java.util.concurrent.FutureTask.run(FutureTask.java:266)
	at java.util.concurrent.ThreadPoolExecutor.runWorker(ThreadPoolExecutor.java:1149)
	at java.util.concurrent.ThreadPoolExecutor$Worker.run(ThreadPoolExecutor.java:624)
	at java.lang.Thread.run(Thread.java:750)
Caused by: java.sql.BatchUpdateException: Data truncation: Data too long for column 'profession_name' at row 1
	at sun.reflect.NativeConstructorAccessorImpl.newInstance0(Native Method)
	at sun.reflect.NativeConstructorAccessorImpl.newInstance(NativeConstructorAccessorImpl.java:62)
	at sun.reflect.DelegatingConstructorAccessorImpl.newInstance(DelegatingConstructorAccessorImpl.java:45)
	at java.lang.reflect.Constructor.newInstance(Constructor.java:423)
	at com.mysql.cj.util.Util.handleNewInstance(Util.java:192)
	at com.mysql.cj.util.Util.getInstance(Util.java:167)
	at com.mysql.cj.util.Util.getInstance(Util.java:174)
	at com.mysql.cj.jdbc.exceptions.SQLError.createBatchUpdateException(SQLError.java:224)
	at com.mysql.cj.jdbc.ClientPreparedStatement.executeBatchedInserts(ClientPreparedStatement.java:755)
	at com.mysql.cj.jdbc.ClientPreparedStatement.executeBatchInternal(ClientPreparedStatement.java:426)
	at com.mysql.cj.jdbc.StatementImpl.executeBatch(StatementImpl.java:796)
	at com.alibaba.druid.filter.FilterChainImpl.statement_executeBatch(FilterChainImpl.java:3066)
	at com.alibaba.druid.filter.FilterAdapter.statement_executeBatch(FilterAdapter.java:2496)
	at com.alibaba.druid.filter.FilterEventAdapter.statement_executeBatch(FilterEventAdapter.java:279)
	at com.alibaba.druid.filter.FilterChainImpl.statement_executeBatch(FilterChainImpl.java:3064)
	at com.alibaba.druid.proxy.jdbc.StatementProxyImpl.executeBatch(StatementProxyImpl.java:202)
	at com.alibaba.druid.pool.DruidPooledPreparedStatement.executeBatch(DruidPooledPreparedStatement.java:566)
	at sun.reflect.GeneratedMethodAccessor212.invoke(Unknown Source)
	at sun.reflect.DelegatingMethodAccessorImpl.invoke(DelegatingMethodAccessorImpl.java:43)
	at java.lang.reflect.Method.invoke(Method.java:498)
	at org.apache.ibatis.logging.jdbc.PreparedStatementLogger.invoke(PreparedStatementLogger.java:78)
	at com.sun.proxy.$Proxy151.executeBatch(Unknown Source)
	at com.baomidou.mybatisplus.core.executor.MybatisBatchExecutor.doFlushStatements(MybatisBatchExecutor.java:135)
	at org.apache.ibatis.executor.BaseExecutor.flushStatements(BaseExecutor.java:129)
	at org.apache.ibatis.executor.BaseExecutor.flushStatements(BaseExecutor.java:122)
	at com.baomidou.mybatisplus.core.executor.MybatisCachingExecutor.flushStatements(MybatisCachingExecutor.java:218)
	at sun.reflect.GeneratedMethodAccessor213.invoke(Unknown Source)
	at sun.reflect.DelegatingMethodAccessorImpl.invoke(DelegatingMethodAccessorImpl.java:43)
	at java.lang.reflect.Method.invoke(Method.java:498)
	at org.apache.ibatis.plugin.Plugin.invoke(Plugin.java:64)
	at com.sun.proxy.$Proxy148.flushStatements(Unknown Source)
	at sun.reflect.GeneratedMethodAccessor213.invoke(Unknown Source)
	at sun.reflect.DelegatingMethodAccessorImpl.invoke(DelegatingMethodAccessorImpl.java:43)
	at java.lang.reflect.Method.invoke(Method.java:498)
	at org.apache.ibatis.plugin.Plugin.invoke(Plugin.java:64)
	at com.sun.proxy.$Proxy148.flushStatements(Unknown Source)
	at org.apache.ibatis.session.defaults.DefaultSqlSession.flushStatements(DefaultSqlSession.java:249)
	at com.baomidou.mybatisplus.extension.toolkit.SqlHelper.lambda$executeBatch$0(SqlHelper.java:217)
	at com.baomidou.mybatisplus.extension.toolkit.SqlHelper.executeBatch(SqlHelper.java:179)
	... 51 common frames omitted
Caused by: com.mysql.cj.jdbc.exceptions.MysqlDataTruncation: Data truncation: Data too long for column 'profession_name' at row 1
	at com.mysql.cj.jdbc.exceptions.SQLExceptionsMapping.translateException(SQLExceptionsMapping.java:104)
	at com.mysql.cj.jdbc.ClientPreparedStatement.executeInternal(ClientPreparedStatement.java:953)
	at com.mysql.cj.jdbc.ClientPreparedStatement.executeUpdateInternal(ClientPreparedStatement.java:1092)
	at com.mysql.cj.jdbc.ClientPreparedStatement.executeUpdateInternal(ClientPreparedStatement.java:1040)
	at com.mysql.cj.jdbc.ClientPreparedStatement.executeLargeUpdate(ClientPreparedStatement.java:1347)
	at com.mysql.cj.jdbc.ClientPreparedStatement.executeBatchedInserts(ClientPreparedStatement.java:716)
	... 81 common frames omitted
2026-04-17 17:23:42.643 [[36mthreadPoolTaskExecutor-1[0;39m] [[1;31mERROR[0;39m] [[32mcom.mock.example.common.utils.ExcelUtil[0;39m]: 流式解析 Excel 行失败: rowIndex=12003
org.springframework.dao.DataIntegrityViolationException: com.mock.example.modules.entrance.mapper.CeProfessionMapper.insert (batch index #3) failed. 2 prior sub executor(s) completed successfully, but will be rolled back. Cause: java.sql.BatchUpdateException: Data truncation: Data too long for column 'profession_name' at row 183
; Data truncation: Data too long for column 'profession_name' at row 183; nested exception is java.sql.BatchUpdateException: Data truncation: Data too long for column 'profession_name' at row 183
	at org.springframework.jdbc.support.SQLStateSQLExceptionTranslator.doTranslate(SQLStateSQLExceptionTranslator.java:104)
	at org.springframework.jdbc.support.AbstractFallbackSQLExceptionTranslator.translate(AbstractFallbackSQLExceptionTranslator.java:72)
	at org.springframework.jdbc.support.AbstractFallbackSQLExceptionTranslator.translate(AbstractFallbackSQLExceptionTranslator.java:81)
	at org.springframework.jdbc.support.AbstractFallbackSQLExceptionTranslator.translate(AbstractFallbackSQLExceptionTranslator.java:81)
	at org.mybatis.spring.MyBatisExceptionTranslator.translateExceptionIfPossible(MyBatisExceptionTranslator.java:88)
	at com.baomidou.mybatisplus.extension.toolkit.SqlHelper.executeBatch(SqlHelper.java:189)
	at com.baomidou.mybatisplus.extension.toolkit.SqlHelper.executeBatch(SqlHelper.java:211)
	at com.baomidou.mybatisplus.extension.service.impl.ServiceImpl.executeBatch(ServiceImpl.java:234)
	at com.baomidou.mybatisplus.extension.service.impl.ServiceImpl.saveBatch(ServiceImpl.java:130)
	at com.baomidou.mybatisplus.extension.service.impl.ServiceImpl$$FastClassBySpringCGLIB$$76535273.invoke(<generated>)
	at org.springframework.cglib.proxy.MethodProxy.invoke(MethodProxy.java:218)
	at org.springframework.aop.framework.CglibAopProxy$CglibMethodInvocation.invokeJoinpoint(CglibAopProxy.java:771)
	at org.springframework.aop.framework.ReflectiveMethodInvocation.proceed(ReflectiveMethodInvocation.java:163)
	at org.springframework.aop.framework.CglibAopProxy$CglibMethodInvocation.proceed(CglibAopProxy.java:749)
	at org.springframework.dao.support.PersistenceExceptionTranslationInterceptor.invoke(PersistenceExceptionTranslationInterceptor.java:139)
	at org.springframework.aop.framework.ReflectiveMethodInvocation.proceed(ReflectiveMethodInvocation.java:186)
	at org.springframework.aop.framework.CglibAopProxy$CglibMethodInvocation.proceed(CglibAopProxy.java:749)
	at org.springframework.transaction.interceptor.TransactionAspectSupport.invokeWithinTransaction(TransactionAspectSupport.java:367)
	at org.springframework.transaction.interceptor.TransactionInterceptor.invoke(TransactionInterceptor.java:118)
	at org.springframework.aop.framework.ReflectiveMethodInvocation.proceed(ReflectiveMethodInvocation.java:186)
	at org.springframework.aop.framework.CglibAopProxy$CglibMethodInvocation.proceed(CglibAopProxy.java:749)
	at org.springframework.aop.framework.CglibAopProxy$DynamicAdvisedInterceptor.intercept(CglibAopProxy.java:691)
	at com.mock.example.modules.entrance.repository.impl.CeProfessionRepoImpl$$EnhancerBySpringCGLIB$$5517fd5b.saveBatch(<generated>)
	at com.mock.example.modules.entrance.service.CeCollegeService.processImportBatch(CeCollegeService.java:221)
	at com.mock.example.modules.entrance.service.CeCollegeService.lambda$importCollegeDataAsync$6(CeCollegeService.java:133)
	at com.mock.example.common.utils.ExcelUtil$1.handle(ExcelUtil.java:261)
	at cn.hutool.poi.excel.sax.Excel07SaxReader.endElement(Excel07SaxReader.java:259)
	at org.apache.xerces.parsers.AbstractSAXParser.endElement(Unknown Source)
	at org.apache.xerces.impl.XMLNSDocumentScannerImpl.scanEndElement(Unknown Source)
	at org.apache.xerces.impl.XMLDocumentFragmentScannerImpl$FragmentContentDispatcher.dispatch(Unknown Source)
	at org.apache.xerces.impl.XMLDocumentFragmentScannerImpl.scanDocument(Unknown Source)
	at org.apache.xerces.parsers.XML11Configuration.parse(Unknown Source)
	at org.apache.xerces.parsers.XML11Configuration.parse(Unknown Source)
	at org.apache.xerces.parsers.XMLParser.parse(Unknown Source)
	at org.apache.xerces.parsers.AbstractSAXParser.parse(Unknown Source)
	at cn.hutool.poi.excel.sax.Excel07SaxReader.parse(Excel07SaxReader.java:337)
	at cn.hutool.poi.excel.sax.Excel07SaxReader.read(Excel07SaxReader.java:152)
	at cn.hutool.poi.excel.sax.Excel07SaxReader.read(Excel07SaxReader.java:122)
	at cn.hutool.poi.excel.ExcelUtil.read07BySax(ExcelUtil.java:84)
	at cn.hutool.poi.excel.ExcelUtil.readBySax(ExcelUtil.java:67)
	at cn.hutool.poi.excel.ExcelUtil.readBySax(ExcelUtil.java:53)
	at com.mock.example.common.utils.ExcelUtil.importExcelStreaming(ExcelUtil.java:186)
	at com.mock.example.modules.entrance.service.CeCollegeService.importCollegeDataAsync(CeCollegeService.java:132)
	at com.mock.example.modules.entrance.service.CeCollegeService$$FastClassBySpringCGLIB$$f1f9cc0f.invoke(<generated>)
	at org.springframework.cglib.proxy.MethodProxy.invoke(MethodProxy.java:218)
	at org.springframework.aop.framework.CglibAopProxy$CglibMethodInvocation.invokeJoinpoint(CglibAopProxy.java:771)
	at org.springframework.aop.framework.ReflectiveMethodInvocation.proceed(ReflectiveMethodInvocation.java:163)
	at org.springframework.aop.framework.CglibAopProxy$CglibMethodInvocation.proceed(CglibAopProxy.java:749)
	at org.springframework.transaction.interceptor.TransactionAspectSupport.invokeWithinTransaction(TransactionAspectSupport.java:367)
	at org.springframework.transaction.interceptor.TransactionInterceptor.invoke(TransactionInterceptor.java:118)
	at org.springframework.aop.framework.ReflectiveMethodInvocation.proceed(ReflectiveMethodInvocation.java:186)
	at org.springframework.aop.framework.CglibAopProxy$CglibMethodInvocation.proceed(CglibAopProxy.java:749)
	at org.springframework.aop.interceptor.AsyncExecutionInterceptor.lambda$invoke$0(AsyncExecutionInterceptor.java:115)
	at java.util.concurrent.FutureTask.run(FutureTask.java:266)
	at java.util.concurrent.ThreadPoolExecutor.runWorker(ThreadPoolExecutor.java:1149)
	at java.util.concurrent.ThreadPoolExecutor$Worker.run(ThreadPoolExecutor.java:624)
	at java.lang.Thread.run(Thread.java:750)
Caused by: java.sql.BatchUpdateException: Data truncation: Data too long for column 'profession_name' at row 183
	at sun.reflect.NativeConstructorAccessorImpl.newInstance0(Native Method)
	at sun.reflect.NativeConstructorAccessorImpl.newInstance(NativeConstructorAccessorImpl.java:62)
	at sun.reflect.DelegatingConstructorAccessorImpl.newInstance(DelegatingConstructorAccessorImpl.java:45)
	at java.lang.reflect.Constructor.newInstance(Constructor.java:423)
	at com.mysql.cj.util.Util.handleNewInstance(Util.java:192)
	at com.mysql.cj.util.Util.getInstance(Util.java:167)
	at com.mysql.cj.util.Util.getInstance(Util.java:174)
	at com.mysql.cj.jdbc.exceptions.SQLError.createBatchUpdateException(SQLError.java:224)
	at com.mysql.cj.jdbc.ClientPreparedStatement.executeBatchedInserts(ClientPreparedStatement.java:755)
	at com.mysql.cj.jdbc.ClientPreparedStatement.executeBatchInternal(ClientPreparedStatement.java:426)
	at com.mysql.cj.jdbc.StatementImpl.executeBatch(StatementImpl.java:796)
	at com.alibaba.druid.filter.FilterChainImpl.statement_executeBatch(FilterChainImpl.java:3066)
	at com.alibaba.druid.filter.FilterAdapter.statement_executeBatch(FilterAdapter.java:2496)
	at com.alibaba.druid.filter.FilterEventAdapter.statement_executeBatch(FilterEventAdapter.java:279)
	at com.alibaba.druid.filter.FilterChainImpl.statement_executeBatch(FilterChainImpl.java:3064)
	at com.alibaba.druid.proxy.jdbc.StatementProxyImpl.executeBatch(StatementProxyImpl.java:202)
	at com.alibaba.druid.pool.DruidPooledPreparedStatement.executeBatch(DruidPooledPreparedStatement.java:566)
	at sun.reflect.GeneratedMethodAccessor212.invoke(Unknown Source)
	at sun.reflect.DelegatingMethodAccessorImpl.invoke(DelegatingMethodAccessorImpl.java:43)
	at java.lang.reflect.Method.invoke(Method.java:498)
	at org.apache.ibatis.logging.jdbc.PreparedStatementLogger.invoke(PreparedStatementLogger.java:78)
	at com.sun.proxy.$Proxy151.executeBatch(Unknown Source)
	at com.baomidou.mybatisplus.core.executor.MybatisBatchExecutor.doFlushStatements(MybatisBatchExecutor.java:135)
	at org.apache.ibatis.executor.BaseExecutor.flushStatements(BaseExecutor.java:129)
	at org.apache.ibatis.executor.BaseExecutor.flushStatements(BaseExecutor.java:122)
	at com.baomidou.mybatisplus.core.executor.MybatisCachingExecutor.flushStatements(MybatisCachingExecutor.java:218)
	at sun.reflect.GeneratedMethodAccessor213.invoke(Unknown Source)
	at sun.reflect.DelegatingMethodAccessorImpl.invoke(DelegatingMethodAccessorImpl.java:43)
	at java.lang.reflect.Method.invoke(Method.java:498)
	at org.apache.ibatis.plugin.Plugin.invoke(Plugin.java:64)
	at com.sun.proxy.$Proxy148.flushStatements(Unknown Source)
	at sun.reflect.GeneratedMethodAccessor213.invoke(Unknown Source)
	at sun.reflect.DelegatingMethodAccessorImpl.invoke(DelegatingMethodAccessorImpl.java:43)
	at java.lang.reflect.Method.invoke(Method.java:498)
	at org.apache.ibatis.plugin.Plugin.invoke(Plugin.java:64)
	at com.sun.proxy.$Proxy148.flushStatements(Unknown Source)
	at org.apache.ibatis.session.defaults.DefaultSqlSession.flushStatements(DefaultSqlSession.java:249)
	at com.baomidou.mybatisplus.extension.toolkit.SqlHelper.lambda$executeBatch$0(SqlHelper.java:217)
	at com.baomidou.mybatisplus.extension.toolkit.SqlHelper.executeBatch(SqlHelper.java:179)
	... 51 common frames omitted
Caused by: com.mysql.cj.jdbc.exceptions.MysqlDataTruncation: Data truncation: Data too long for column 'profession_name' at row 183
	at com.mysql.cj.jdbc.exceptions.SQLExceptionsMapping.translateException(SQLExceptionsMapping.java:104)
	at com.mysql.cj.jdbc.ClientPreparedStatement.executeInternal(ClientPreparedStatement.java:953)
	at com.mysql.cj.jdbc.ClientPreparedStatement.executeUpdateInternal(ClientPreparedStatement.java:1092)
	at com.mysql.cj.jdbc.ClientPreparedStatement.executeUpdateInternal(ClientPreparedStatement.java:1040)
	at com.mysql.cj.jdbc.ClientPreparedStatement.executeLargeUpdate(ClientPreparedStatement.java:1347)
	at com.mysql.cj.jdbc.ClientPreparedStatement.executeBatchedInserts(ClientPreparedStatement.java:716)
	... 81 common frames omitted
2026-04-17 17:23:44.852 [[36mthreadPoolTaskExecutor-1[0;39m] [[1;31mERROR[0;39m] [[32mcom.mock.example.common.utils.ExcelUtil[0;39m]: 流式解析 Excel 行失败: rowIndex=16004
org.springframework.dao.DataIntegrityViolationException: com.mock.example.modules.entrance.mapper.CeProfessionMapper.insert (batch index #1) failed. Cause: java.sql.BatchUpdateException: Data truncation: Data too long for column 'profession_name' at row 172
; Data truncation: Data too long for column 'profession_name' at row 172; nested exception is java.sql.BatchUpdateException: Data truncation: Data too long for column 'profession_name' at row 172
	at org.springframework.jdbc.support.SQLStateSQLExceptionTranslator.doTranslate(SQLStateSQLExceptionTranslator.java:104)
	at org.springframework.jdbc.support.AbstractFallbackSQLExceptionTranslator.translate(AbstractFallbackSQLExceptionTranslator.java:72)
	at org.springframework.jdbc.support.AbstractFallbackSQLExceptionTranslator.translate(AbstractFallbackSQLExceptionTranslator.java:81)
	at org.springframework.jdbc.support.AbstractFallbackSQLExceptionTranslator.translate(AbstractFallbackSQLExceptionTranslator.java:81)
	at org.mybatis.spring.MyBatisExceptionTranslator.translateExceptionIfPossible(MyBatisExceptionTranslator.java:88)
	at com.baomidou.mybatisplus.extension.toolkit.SqlHelper.executeBatch(SqlHelper.java:189)
	at com.baomidou.mybatisplus.extension.toolkit.SqlHelper.executeBatch(SqlHelper.java:211)
	at com.baomidou.mybatisplus.extension.service.impl.ServiceImpl.executeBatch(ServiceImpl.java:234)
	at com.baomidou.mybatisplus.extension.service.impl.ServiceImpl.saveBatch(ServiceImpl.java:130)
	at com.baomidou.mybatisplus.extension.service.impl.ServiceImpl$$FastClassBySpringCGLIB$$76535273.invoke(<generated>)
	at org.springframework.cglib.proxy.MethodProxy.invoke(MethodProxy.java:218)
	at org.springframework.aop.framework.CglibAopProxy$CglibMethodInvocation.invokeJoinpoint(CglibAopProxy.java:771)
	at org.springframework.aop.framework.ReflectiveMethodInvocation.proceed(ReflectiveMethodInvocation.java:163)
	at org.springframework.aop.framework.CglibAopProxy$CglibMethodInvocation.proceed(CglibAopProxy.java:749)
	at org.springframework.dao.support.PersistenceExceptionTranslationInterceptor.invoke(PersistenceExceptionTranslationInterceptor.java:139)
	at org.springframework.aop.framework.ReflectiveMethodInvocation.proceed(ReflectiveMethodInvocation.java:186)
	at org.springframework.aop.framework.CglibAopProxy$CglibMethodInvocation.proceed(CglibAopProxy.java:749)
	at org.springframework.transaction.interceptor.TransactionAspectSupport.invokeWithinTransaction(TransactionAspectSupport.java:367)
	at org.springframework.transaction.interceptor.TransactionInterceptor.invoke(TransactionInterceptor.java:118)
	at org.springframework.aop.framework.ReflectiveMethodInvocation.proceed(ReflectiveMethodInvocation.java:186)
	at org.springframework.aop.framework.CglibAopProxy$CglibMethodInvocation.proceed(CglibAopProxy.java:749)
	at org.springframework.aop.framework.CglibAopProxy$DynamicAdvisedInterceptor.intercept(CglibAopProxy.java:691)
	at com.mock.example.modules.entrance.repository.impl.CeProfessionRepoImpl$$EnhancerBySpringCGLIB$$5517fd5b.saveBatch(<generated>)
	at com.mock.example.modules.entrance.service.CeCollegeService.processImportBatch(CeCollegeService.java:221)
	at com.mock.example.modules.entrance.service.CeCollegeService.lambda$importCollegeDataAsync$6(CeCollegeService.java:133)
	at com.mock.example.common.utils.ExcelUtil$1.handle(ExcelUtil.java:261)
	at cn.hutool.poi.excel.sax.Excel07SaxReader.endElement(Excel07SaxReader.java:259)
	at org.apache.xerces.parsers.AbstractSAXParser.endElement(Unknown Source)
	at org.apache.xerces.impl.XMLNSDocumentScannerImpl.scanEndElement(Unknown Source)
	at org.apache.xerces.impl.XMLDocumentFragmentScannerImpl$FragmentContentDispatcher.dispatch(Unknown Source)
	at org.apache.xerces.impl.XMLDocumentFragmentScannerImpl.scanDocument(Unknown Source)
	at org.apache.xerces.parsers.XML11Configuration.parse(Unknown Source)
	at org.apache.xerces.parsers.XML11Configuration.parse(Unknown Source)
	at org.apache.xerces.parsers.XMLParser.parse(Unknown Source)
	at org.apache.xerces.parsers.AbstractSAXParser.parse(Unknown Source)
	at cn.hutool.poi.excel.sax.Excel07SaxReader.parse(Excel07SaxReader.java:337)
	at cn.hutool.poi.excel.sax.Excel07SaxReader.read(Excel07SaxReader.java:152)
	at cn.hutool.poi.excel.sax.Excel07SaxReader.read(Excel07SaxReader.java:122)
	at cn.hutool.poi.excel.ExcelUtil.read07BySax(ExcelUtil.java:84)
	at cn.hutool.poi.excel.ExcelUtil.readBySax(ExcelUtil.java:67)
	at cn.hutool.poi.excel.ExcelUtil.readBySax(ExcelUtil.java:53)
	at com.mock.example.common.utils.ExcelUtil.importExcelStreaming(ExcelUtil.java:186)
	at com.mock.example.modules.entrance.service.CeCollegeService.importCollegeDataAsync(CeCollegeService.java:132)
	at com.mock.example.modules.entrance.service.CeCollegeService$$FastClassBySpringCGLIB$$f1f9cc0f.invoke(<generated>)
	at org.springframework.cglib.proxy.MethodProxy.invoke(MethodProxy.java:218)
	at org.springframework.aop.framework.CglibAopProxy$CglibMethodInvocation.invokeJoinpoint(CglibAopProxy.java:771)
	at org.springframework.aop.framework.ReflectiveMethodInvocation.proceed(ReflectiveMethodInvocation.java:163)
	at org.springframework.aop.framework.CglibAopProxy$CglibMethodInvocation.proceed(CglibAopProxy.java:749)
	at org.springframework.transaction.interceptor.TransactionAspectSupport.invokeWithinTransaction(TransactionAspectSupport.java:367)
	at org.springframework.transaction.interceptor.TransactionInterceptor.invoke(TransactionInterceptor.java:118)
	at org.springframework.aop.framework.ReflectiveMethodInvocation.proceed(ReflectiveMethodInvocation.java:186)
	at org.springframework.aop.framework.CglibAopProxy$CglibMethodInvocation.proceed(CglibAopProxy.java:749)
	at org.springframework.aop.interceptor.AsyncExecutionInterceptor.lambda$invoke$0(AsyncExecutionInterceptor.java:115)
	at java.util.concurrent.FutureTask.run(FutureTask.java:266)
	at java.util.concurrent.ThreadPoolExecutor.runWorker(ThreadPoolExecutor.java:1149)
	at java.util.concurrent.ThreadPoolExecutor$Worker.run(ThreadPoolExecutor.java:624)
	at java.lang.Thread.run(Thread.java:750)
Caused by: java.sql.BatchUpdateException: Data truncation: Data too long for column 'profession_name' at row 172
	at sun.reflect.NativeConstructorAccessorImpl.newInstance0(Native Method)
	at sun.reflect.NativeConstructorAccessorImpl.newInstance(NativeConstructorAccessorImpl.java:62)
	at sun.reflect.DelegatingConstructorAccessorImpl.newInstance(DelegatingConstructorAccessorImpl.java:45)
	at java.lang.reflect.Constructor.newInstance(Constructor.java:423)
	at com.mysql.cj.util.Util.handleNewInstance(Util.java:192)
	at com.mysql.cj.util.Util.getInstance(Util.java:167)
	at com.mysql.cj.util.Util.getInstance(Util.java:174)
	at com.mysql.cj.jdbc.exceptions.SQLError.createBatchUpdateException(SQLError.java:224)
	at com.mysql.cj.jdbc.ClientPreparedStatement.executeBatchedInserts(ClientPreparedStatement.java:755)
	at com.mysql.cj.jdbc.ClientPreparedStatement.executeBatchInternal(ClientPreparedStatement.java:426)
	at com.mysql.cj.jdbc.StatementImpl.executeBatch(StatementImpl.java:796)
	at com.alibaba.druid.filter.FilterChainImpl.statement_executeBatch(FilterChainImpl.java:3066)
	at com.alibaba.druid.filter.FilterAdapter.statement_executeBatch(FilterAdapter.java:2496)
	at com.alibaba.druid.filter.FilterEventAdapter.statement_executeBatch(FilterEventAdapter.java:279)
	at com.alibaba.druid.filter.FilterChainImpl.statement_executeBatch(FilterChainImpl.java:3064)
	at com.alibaba.druid.proxy.jdbc.StatementProxyImpl.executeBatch(StatementProxyImpl.java:202)
	at com.alibaba.druid.pool.DruidPooledPreparedStatement.executeBatch(DruidPooledPreparedStatement.java:566)
	at sun.reflect.GeneratedMethodAccessor212.invoke(Unknown Source)
	at sun.reflect.DelegatingMethodAccessorImpl.invoke(DelegatingMethodAccessorImpl.java:43)
	at java.lang.reflect.Method.invoke(Method.java:498)
	at org.apache.ibatis.logging.jdbc.PreparedStatementLogger.invoke(PreparedStatementLogger.java:78)
	at com.sun.proxy.$Proxy151.executeBatch(Unknown Source)
	at com.baomidou.mybatisplus.core.executor.MybatisBatchExecutor.doFlushStatements(MybatisBatchExecutor.java:135)
	at org.apache.ibatis.executor.BaseExecutor.flushStatements(BaseExecutor.java:129)
	at org.apache.ibatis.executor.BaseExecutor.flushStatements(BaseExecutor.java:122)
	at com.baomidou.mybatisplus.core.executor.MybatisCachingExecutor.flushStatements(MybatisCachingExecutor.java:218)
	at sun.reflect.GeneratedMethodAccessor213.invoke(Unknown Source)
	at sun.reflect.DelegatingMethodAccessorImpl.invoke(DelegatingMethodAccessorImpl.java:43)
	at java.lang.reflect.Method.invoke(Method.java:498)
	at org.apache.ibatis.plugin.Plugin.invoke(Plugin.java:64)
	at com.sun.proxy.$Proxy148.flushStatements(Unknown Source)
	at sun.reflect.GeneratedMethodAccessor213.invoke(Unknown Source)
	at sun.reflect.DelegatingMethodAccessorImpl.invoke(DelegatingMethodAccessorImpl.java:43)
	at java.lang.reflect.Method.invoke(Method.java:498)
	at org.apache.ibatis.plugin.Plugin.invoke(Plugin.java:64)
	at com.sun.proxy.$Proxy148.flushStatements(Unknown Source)
	at org.apache.ibatis.session.defaults.DefaultSqlSession.flushStatements(DefaultSqlSession.java:249)
	at com.baomidou.mybatisplus.extension.toolkit.SqlHelper.lambda$executeBatch$0(SqlHelper.java:217)
	at com.baomidou.mybatisplus.extension.toolkit.SqlHelper.executeBatch(SqlHelper.java:179)
	... 51 common frames omitted
Caused by: com.mysql.cj.jdbc.exceptions.MysqlDataTruncation: Data truncation: Data too long for column 'profession_name' at row 172
	at com.mysql.cj.jdbc.exceptions.SQLExceptionsMapping.translateException(SQLExceptionsMapping.java:104)
	at com.mysql.cj.jdbc.ClientPreparedStatement.executeInternal(ClientPreparedStatement.java:953)
	at com.mysql.cj.jdbc.ClientPreparedStatement.executeUpdateInternal(ClientPreparedStatement.java:1092)
	at com.mysql.cj.jdbc.ClientPreparedStatement.executeUpdateInternal(ClientPreparedStatement.java:1040)
	at com.mysql.cj.jdbc.ClientPreparedStatement.executeLargeUpdate(ClientPreparedStatement.java:1347)
	at com.mysql.cj.jdbc.ClientPreparedStatement.executeBatchedInserts(ClientPreparedStatement.java:716)
	... 81 common frames omitted
2026-04-17 17:23:47.112 [[36mthreadPoolTaskExecutor-1[0;39m] [[1;31mERROR[0;39m] [[32mcom.mock.example.common.utils.ExcelUtil[0;39m]: 流式解析 Excel 行失败: rowIndex=20005
org.springframework.dao.DataIntegrityViolationException: com.mock.example.modules.entrance.mapper.CeProfessionMapper.insert (batch index #3) failed. 2 prior sub executor(s) completed successfully, but will be rolled back. Cause: java.sql.BatchUpdateException: Data truncation: Data too long for column 'profession_name' at row 56
; Data truncation: Data too long for column 'profession_name' at row 56; nested exception is java.sql.BatchUpdateException: Data truncation: Data too long for column 'profession_name' at row 56
	at org.springframework.jdbc.support.SQLStateSQLExceptionTranslator.doTranslate(SQLStateSQLExceptionTranslator.java:104)
	at org.springframework.jdbc.support.AbstractFallbackSQLExceptionTranslator.translate(AbstractFallbackSQLExceptionTranslator.java:72)
	at org.springframework.jdbc.support.AbstractFallbackSQLExceptionTranslator.translate(AbstractFallbackSQLExceptionTranslator.java:81)
	at org.springframework.jdbc.support.AbstractFallbackSQLExceptionTranslator.translate(AbstractFallbackSQLExceptionTranslator.java:81)
	at org.mybatis.spring.MyBatisExceptionTranslator.translateExceptionIfPossible(MyBatisExceptionTranslator.java:88)
	at com.baomidou.mybatisplus.extension.toolkit.SqlHelper.executeBatch(SqlHelper.java:189)
	at com.baomidou.mybatisplus.extension.toolkit.SqlHelper.executeBatch(SqlHelper.java:211)
	at com.baomidou.mybatisplus.extension.service.impl.ServiceImpl.executeBatch(ServiceImpl.java:234)
	at com.baomidou.mybatisplus.extension.service.impl.ServiceImpl.saveBatch(ServiceImpl.java:130)
	at com.baomidou.mybatisplus.extension.service.impl.ServiceImpl$$FastClassBySpringCGLIB$$76535273.invoke(<generated>)
	at org.springframework.cglib.proxy.MethodProxy.invoke(MethodProxy.java:218)
	at org.springframework.aop.framework.CglibAopProxy$CglibMethodInvocation.invokeJoinpoint(CglibAopProxy.java:771)
	at org.springframework.aop.framework.ReflectiveMethodInvocation.proceed(ReflectiveMethodInvocation.java:163)
	at org.springframework.aop.framework.CglibAopProxy$CglibMethodInvocation.proceed(CglibAopProxy.java:749)
	at org.springframework.dao.support.PersistenceExceptionTranslationInterceptor.invoke(PersistenceExceptionTranslationInterceptor.java:139)
	at org.springframework.aop.framework.ReflectiveMethodInvocation.proceed(ReflectiveMethodInvocation.java:186)
	at org.springframework.aop.framework.CglibAopProxy$CglibMethodInvocation.proceed(CglibAopProxy.java:749)
	at org.springframework.transaction.interceptor.TransactionAspectSupport.invokeWithinTransaction(TransactionAspectSupport.java:367)
	at org.springframework.transaction.interceptor.TransactionInterceptor.invoke(TransactionInterceptor.java:118)
	at org.springframework.aop.framework.ReflectiveMethodInvocation.proceed(ReflectiveMethodInvocation.java:186)
	at org.springframework.aop.framework.CglibAopProxy$CglibMethodInvocation.proceed(CglibAopProxy.java:749)
	at org.springframework.aop.framework.CglibAopProxy$DynamicAdvisedInterceptor.intercept(CglibAopProxy.java:691)
	at com.mock.example.modules.entrance.repository.impl.CeProfessionRepoImpl$$EnhancerBySpringCGLIB$$5517fd5b.saveBatch(<generated>)
	at com.mock.example.modules.entrance.service.CeCollegeService.processImportBatch(CeCollegeService.java:221)
	at com.mock.example.modules.entrance.service.CeCollegeService.lambda$importCollegeDataAsync$6(CeCollegeService.java:133)
	at com.mock.example.common.utils.ExcelUtil$1.handle(ExcelUtil.java:261)
	at cn.hutool.poi.excel.sax.Excel07SaxReader.endElement(Excel07SaxReader.java:259)
	at org.apache.xerces.parsers.AbstractSAXParser.endElement(Unknown Source)
	at org.apache.xerces.impl.XMLNSDocumentScannerImpl.scanEndElement(Unknown Source)
	at org.apache.xerces.impl.XMLDocumentFragmentScannerImpl$FragmentContentDispatcher.dispatch(Unknown Source)
	at org.apache.xerces.impl.XMLDocumentFragmentScannerImpl.scanDocument(Unknown Source)
	at org.apache.xerces.parsers.XML11Configuration.parse(Unknown Source)
	at org.apache.xerces.parsers.XML11Configuration.parse(Unknown Source)
	at org.apache.xerces.parsers.XMLParser.parse(Unknown Source)
	at org.apache.xerces.parsers.AbstractSAXParser.parse(Unknown Source)
	at cn.hutool.poi.excel.sax.Excel07SaxReader.parse(Excel07SaxReader.java:337)
	at cn.hutool.poi.excel.sax.Excel07SaxReader.read(Excel07SaxReader.java:152)
	at cn.hutool.poi.excel.sax.Excel07SaxReader.read(Excel07SaxReader.java:122)
	at cn.hutool.poi.excel.ExcelUtil.read07BySax(ExcelUtil.java:84)
	at cn.hutool.poi.excel.ExcelUtil.readBySax(ExcelUtil.java:67)
	at cn.hutool.poi.excel.ExcelUtil.readBySax(ExcelUtil.java:53)
	at com.mock.example.common.utils.ExcelUtil.importExcelStreaming(ExcelUtil.java:186)
	at com.mock.example.modules.entrance.service.CeCollegeService.importCollegeDataAsync(CeCollegeService.java:132)
	at com.mock.example.modules.entrance.service.CeCollegeService$$FastClassBySpringCGLIB$$f1f9cc0f.invoke(<generated>)
	at org.springframework.cglib.proxy.MethodProxy.invoke(MethodProxy.java:218)
	at org.springframework.aop.framework.CglibAopProxy$CglibMethodInvocation.invokeJoinpoint(CglibAopProxy.java:771)
	at org.springframework.aop.framework.ReflectiveMethodInvocation.proceed(ReflectiveMethodInvocation.java:163)
	at org.springframework.aop.framework.CglibAopProxy$CglibMethodInvocation.proceed(CglibAopProxy.java:749)
	at org.springframework.transaction.interceptor.TransactionAspectSupport.invokeWithinTransaction(TransactionAspectSupport.java:367)
	at org.springframework.transaction.interceptor.TransactionInterceptor.invoke(TransactionInterceptor.java:118)
	at org.springframework.aop.framework.ReflectiveMethodInvocation.proceed(ReflectiveMethodInvocation.java:186)
	at org.springframework.aop.framework.CglibAopProxy$CglibMethodInvocation.proceed(CglibAopProxy.java:749)
	at org.springframework.aop.interceptor.AsyncExecutionInterceptor.lambda$invoke$0(AsyncExecutionInterceptor.java:115)
	at java.util.concurrent.FutureTask.run(FutureTask.java:266)
	at java.util.concurrent.ThreadPoolExecutor.runWorker(ThreadPoolExecutor.java:1149)
	at java.util.concurrent.ThreadPoolExecutor$Worker.run(ThreadPoolExecutor.java:624)
	at java.lang.Thread.run(Thread.java:750)
Caused by: java.sql.BatchUpdateException: Data truncation: Data too long for column 'profession_name' at row 56
	at sun.reflect.NativeConstructorAccessorImpl.newInstance0(Native Method)
	at sun.reflect.NativeConstructorAccessorImpl.newInstance(NativeConstructorAccessorImpl.java:62)
	at sun.reflect.DelegatingConstructorAccessorImpl.newInstance(DelegatingConstructorAccessorImpl.java:45)
	at java.lang.reflect.Constructor.newInstance(Constructor.java:423)
	at com.mysql.cj.util.Util.handleNewInstance(Util.java:192)
	at com.mysql.cj.util.Util.getInstance(Util.java:167)
	at com.mysql.cj.util.Util.getInstance(Util.java:174)
	at com.mysql.cj.jdbc.exceptions.SQLError.createBatchUpdateException(SQLError.java:224)
	at com.mysql.cj.jdbc.ClientPreparedStatement.executeBatchedInserts(ClientPreparedStatement.java:755)
	at com.mysql.cj.jdbc.ClientPreparedStatement.executeBatchInternal(ClientPreparedStatement.java:426)
	at com.mysql.cj.jdbc.StatementImpl.executeBatch(StatementImpl.java:796)
	at com.alibaba.druid.filter.FilterChainImpl.statement_executeBatch(FilterChainImpl.java:3066)
	at com.alibaba.druid.filter.FilterAdapter.statement_executeBatch(FilterAdapter.java:2496)
	at com.alibaba.druid.filter.FilterEventAdapter.statement_executeBatch(FilterEventAdapter.java:279)
	at com.alibaba.druid.filter.FilterChainImpl.statement_executeBatch(FilterChainImpl.java:3064)
	at com.alibaba.druid.proxy.jdbc.StatementProxyImpl.executeBatch(StatementProxyImpl.java:202)
	at com.alibaba.druid.pool.DruidPooledPreparedStatement.executeBatch(DruidPooledPreparedStatement.java:566)
	at sun.reflect.GeneratedMethodAccessor212.invoke(Unknown Source)
	at sun.reflect.DelegatingMethodAccessorImpl.invoke(DelegatingMethodAccessorImpl.java:43)
	at java.lang.reflect.Method.invoke(Method.java:498)
	at org.apache.ibatis.logging.jdbc.PreparedStatementLogger.invoke(PreparedStatementLogger.java:78)
	at com.sun.proxy.$Proxy151.executeBatch(Unknown Source)
	at com.baomidou.mybatisplus.core.executor.MybatisBatchExecutor.doFlushStatements(MybatisBatchExecutor.java:135)
	at org.apache.ibatis.executor.BaseExecutor.flushStatements(BaseExecutor.java:129)
	at org.apache.ibatis.executor.BaseExecutor.flushStatements(BaseExecutor.java:122)
	at com.baomidou.mybatisplus.core.executor.MybatisCachingExecutor.flushStatements(MybatisCachingExecutor.java:218)
	at sun.reflect.GeneratedMethodAccessor213.invoke(Unknown Source)
	at sun.reflect.DelegatingMethodAccessorImpl.invoke(DelegatingMethodAccessorImpl.java:43)
	at java.lang.reflect.Method.invoke(Method.java:498)
	at org.apache.ibatis.plugin.Plugin.invoke(Plugin.java:64)
	at com.sun.proxy.$Proxy148.flushStatements(Unknown Source)
	at sun.reflect.GeneratedMethodAccessor213.invoke(Unknown Source)
	at sun.reflect.DelegatingMethodAccessorImpl.invoke(DelegatingMethodAccessorImpl.java:43)
	at java.lang.reflect.Method.invoke(Method.java:498)
	at org.apache.ibatis.plugin.Plugin.invoke(Plugin.java:64)
	at com.sun.proxy.$Proxy148.flushStatements(Unknown Source)
	at org.apache.ibatis.session.defaults.DefaultSqlSession.flushStatements(DefaultSqlSession.java:249)
	at com.baomidou.mybatisplus.extension.toolkit.SqlHelper.lambda$executeBatch$0(SqlHelper.java:217)
	at com.baomidou.mybatisplus.extension.toolkit.SqlHelper.executeBatch(SqlHelper.java:179)
	... 51 common frames omitted
Caused by: com.mysql.cj.jdbc.exceptions.MysqlDataTruncation: Data truncation: Data too long for column 'profession_name' at row 56
	at com.mysql.cj.jdbc.exceptions.SQLExceptionsMapping.translateException(SQLExceptionsMapping.java:104)
	at com.mysql.cj.jdbc.ClientPreparedStatement.executeInternal(ClientPreparedStatement.java:953)
	at com.mysql.cj.jdbc.ClientPreparedStatement.executeUpdateInternal(ClientPreparedStatement.java:1092)
	at com.mysql.cj.jdbc.ClientPreparedStatement.executeUpdateInternal(ClientPreparedStatement.java:1040)
	at com.mysql.cj.jdbc.ClientPreparedStatement.executeLargeUpdate(ClientPreparedStatement.java:1347)
	at com.mysql.cj.jdbc.ClientPreparedStatement.executeBatchedInserts(ClientPreparedStatement.java:716)
	... 81 common frames omitted
2026-04-17 17:23:48.582 [[36mthreadPoolTaskExecutor-1[0;39m] [[1;31mERROR[0;39m] [[32mcom.mock.example.common.utils.ExcelUtil[0;39m]: 流式解析 Excel 行失败: rowIndex=22006
org.springframework.dao.DataIntegrityViolationException: com.mock.example.modules.entrance.mapper.CeProfessionMapper.insert (batch index #7) failed. 6 prior sub executor(s) completed successfully, but will be rolled back. Cause: java.sql.BatchUpdateException: Data truncation: Data too long for column 'profession_name' at row 9
; Data truncation: Data too long for column 'profession_name' at row 9; nested exception is java.sql.BatchUpdateException: Data truncation: Data too long for column 'profession_name' at row 9
	at org.springframework.jdbc.support.SQLStateSQLExceptionTranslator.doTranslate(SQLStateSQLExceptionTranslator.java:104)
	at org.springframework.jdbc.support.AbstractFallbackSQLExceptionTranslator.translate(AbstractFallbackSQLExceptionTranslator.java:72)
	at org.springframework.jdbc.support.AbstractFallbackSQLExceptionTranslator.translate(AbstractFallbackSQLExceptionTranslator.java:81)
	at org.springframework.jdbc.support.AbstractFallbackSQLExceptionTranslator.translate(AbstractFallbackSQLExceptionTranslator.java:81)
	at org.mybatis.spring.MyBatisExceptionTranslator.translateExceptionIfPossible(MyBatisExceptionTranslator.java:88)
	at com.baomidou.mybatisplus.extension.toolkit.SqlHelper.executeBatch(SqlHelper.java:189)
	at com.baomidou.mybatisplus.extension.toolkit.SqlHelper.executeBatch(SqlHelper.java:211)
	at com.baomidou.mybatisplus.extension.service.impl.ServiceImpl.executeBatch(ServiceImpl.java:234)
	at com.baomidou.mybatisplus.extension.service.impl.ServiceImpl.saveBatch(ServiceImpl.java:130)
	at com.baomidou.mybatisplus.extension.service.impl.ServiceImpl$$FastClassBySpringCGLIB$$76535273.invoke(<generated>)
	at org.springframework.cglib.proxy.MethodProxy.invoke(MethodProxy.java:218)
	at org.springframework.aop.framework.CglibAopProxy$CglibMethodInvocation.invokeJoinpoint(CglibAopProxy.java:771)
	at org.springframework.aop.framework.ReflectiveMethodInvocation.proceed(ReflectiveMethodInvocation.java:163)
	at org.springframework.aop.framework.CglibAopProxy$CglibMethodInvocation.proceed(CglibAopProxy.java:749)
	at org.springframework.dao.support.PersistenceExceptionTranslationInterceptor.invoke(PersistenceExceptionTranslationInterceptor.java:139)
	at org.springframework.aop.framework.ReflectiveMethodInvocation.proceed(ReflectiveMethodInvocation.java:186)
	at org.springframework.aop.framework.CglibAopProxy$CglibMethodInvocation.proceed(CglibAopProxy.java:749)
	at org.springframework.transaction.interceptor.TransactionAspectSupport.invokeWithinTransaction(TransactionAspectSupport.java:367)
	at org.springframework.transaction.interceptor.TransactionInterceptor.invoke(TransactionInterceptor.java:118)
	at org.springframework.aop.framework.ReflectiveMethodInvocation.proceed(ReflectiveMethodInvocation.java:186)
	at org.springframework.aop.framework.CglibAopProxy$CglibMethodInvocation.proceed(CglibAopProxy.java:749)
	at org.springframework.aop.framework.CglibAopProxy$DynamicAdvisedInterceptor.intercept(CglibAopProxy.java:691)
	at com.mock.example.modules.entrance.repository.impl.CeProfessionRepoImpl$$EnhancerBySpringCGLIB$$5517fd5b.saveBatch(<generated>)
	at com.mock.example.modules.entrance.service.CeCollegeService.processImportBatch(CeCollegeService.java:221)
	at com.mock.example.modules.entrance.service.CeCollegeService.lambda$importCollegeDataAsync$6(CeCollegeService.java:133)
	at com.mock.example.common.utils.ExcelUtil$1.handle(ExcelUtil.java:261)
	at cn.hutool.poi.excel.sax.Excel07SaxReader.endElement(Excel07SaxReader.java:259)
	at org.apache.xerces.parsers.AbstractSAXParser.endElement(Unknown Source)
	at org.apache.xerces.impl.XMLNSDocumentScannerImpl.scanEndElement(Unknown Source)
	at org.apache.xerces.impl.XMLDocumentFragmentScannerImpl$FragmentContentDispatcher.dispatch(Unknown Source)
	at org.apache.xerces.impl.XMLDocumentFragmentScannerImpl.scanDocument(Unknown Source)
	at org.apache.xerces.parsers.XML11Configuration.parse(Unknown Source)
	at org.apache.xerces.parsers.XML11Configuration.parse(Unknown Source)
	at org.apache.xerces.parsers.XMLParser.parse(Unknown Source)
	at org.apache.xerces.parsers.AbstractSAXParser.parse(Unknown Source)
	at cn.hutool.poi.excel.sax.Excel07SaxReader.parse(Excel07SaxReader.java:337)
	at cn.hutool.poi.excel.sax.Excel07SaxReader.read(Excel07SaxReader.java:152)
	at cn.hutool.poi.excel.sax.Excel07SaxReader.read(Excel07SaxReader.java:122)
	at cn.hutool.poi.excel.ExcelUtil.read07BySax(ExcelUtil.java:84)
	at cn.hutool.poi.excel.ExcelUtil.readBySax(ExcelUtil.java:67)
	at cn.hutool.poi.excel.ExcelUtil.readBySax(ExcelUtil.java:53)
	at com.mock.example.common.utils.ExcelUtil.importExcelStreaming(ExcelUtil.java:186)
	at com.mock.example.modules.entrance.service.CeCollegeService.importCollegeDataAsync(CeCollegeService.java:132)
	at com.mock.example.modules.entrance.service.CeCollegeService$$FastClassBySpringCGLIB$$f1f9cc0f.invoke(<generated>)
	at org.springframework.cglib.proxy.MethodProxy.invoke(MethodProxy.java:218)
	at org.springframework.aop.framework.CglibAopProxy$CglibMethodInvocation.invokeJoinpoint(CglibAopProxy.java:771)
	at org.springframework.aop.framework.ReflectiveMethodInvocation.proceed(ReflectiveMethodInvocation.java:163)
	at org.springframework.aop.framework.CglibAopProxy$CglibMethodInvocation.proceed(CglibAopProxy.java:749)
	at org.springframework.transaction.interceptor.TransactionAspectSupport.invokeWithinTransaction(TransactionAspectSupport.java:367)
	at org.springframework.transaction.interceptor.TransactionInterceptor.invoke(TransactionInterceptor.java:118)
	at org.springframework.aop.framework.ReflectiveMethodInvocation.proceed(ReflectiveMethodInvocation.java:186)
	at org.springframework.aop.framework.CglibAopProxy$CglibMethodInvocation.proceed(CglibAopProxy.java:749)
	at org.springframework.aop.interceptor.AsyncExecutionInterceptor.lambda$invoke$0(AsyncExecutionInterceptor.java:115)
	at java.util.concurrent.FutureTask.run(FutureTask.java:266)
	at java.util.concurrent.ThreadPoolExecutor.runWorker(ThreadPoolExecutor.java:1149)
	at java.util.concurrent.ThreadPoolExecutor$Worker.run(ThreadPoolExecutor.java:624)
	at java.lang.Thread.run(Thread.java:750)
Caused by: java.sql.BatchUpdateException: Data truncation: Data too long for column 'profession_name' at row 9
	at sun.reflect.NativeConstructorAccessorImpl.newInstance0(Native Method)
	at sun.reflect.NativeConstructorAccessorImpl.newInstance(NativeConstructorAccessorImpl.java:62)
	at sun.reflect.DelegatingConstructorAccessorImpl.newInstance(DelegatingConstructorAccessorImpl.java:45)
	at java.lang.reflect.Constructor.newInstance(Constructor.java:423)
	at com.mysql.cj.util.Util.handleNewInstance(Util.java:192)
	at com.mysql.cj.util.Util.getInstance(Util.java:167)
	at com.mysql.cj.util.Util.getInstance(Util.java:174)
	at com.mysql.cj.jdbc.exceptions.SQLError.createBatchUpdateException(SQLError.java:224)
	at com.mysql.cj.jdbc.ClientPreparedStatement.executeBatchedInserts(ClientPreparedStatement.java:755)
	at com.mysql.cj.jdbc.ClientPreparedStatement.executeBatchInternal(ClientPreparedStatement.java:426)
	at com.mysql.cj.jdbc.StatementImpl.executeBatch(StatementImpl.java:796)
	at com.alibaba.druid.filter.FilterChainImpl.statement_executeBatch(FilterChainImpl.java:3066)
	at com.alibaba.druid.filter.FilterAdapter.statement_executeBatch(FilterAdapter.java:2496)
	at com.alibaba.druid.filter.FilterEventAdapter.statement_executeBatch(FilterEventAdapter.java:279)
	at com.alibaba.druid.filter.FilterChainImpl.statement_executeBatch(FilterChainImpl.java:3064)
	at com.alibaba.druid.proxy.jdbc.StatementProxyImpl.executeBatch(StatementProxyImpl.java:202)
	at com.alibaba.druid.pool.DruidPooledPreparedStatement.executeBatch(DruidPooledPreparedStatement.java:566)
	at sun.reflect.GeneratedMethodAccessor212.invoke(Unknown Source)
	at sun.reflect.DelegatingMethodAccessorImpl.invoke(DelegatingMethodAccessorImpl.java:43)
	at java.lang.reflect.Method.invoke(Method.java:498)
	at org.apache.ibatis.logging.jdbc.PreparedStatementLogger.invoke(PreparedStatementLogger.java:78)
	at com.sun.proxy.$Proxy151.executeBatch(Unknown Source)
	at com.baomidou.mybatisplus.core.executor.MybatisBatchExecutor.doFlushStatements(MybatisBatchExecutor.java:135)
	at org.apache.ibatis.executor.BaseExecutor.flushStatements(BaseExecutor.java:129)
	at org.apache.ibatis.executor.BaseExecutor.flushStatements(BaseExecutor.java:122)
	at com.baomidou.mybatisplus.core.executor.MybatisCachingExecutor.flushStatements(MybatisCachingExecutor.java:218)
	at sun.reflect.GeneratedMethodAccessor213.invoke(Unknown Source)
	at sun.reflect.DelegatingMethodAccessorImpl.invoke(DelegatingMethodAccessorImpl.java:43)
	at java.lang.reflect.Method.invoke(Method.java:498)
	at org.apache.ibatis.plugin.Plugin.invoke(Plugin.java:64)
	at com.sun.proxy.$Proxy148.flushStatements(Unknown Source)
	at sun.reflect.GeneratedMethodAccessor213.invoke(Unknown Source)
	at sun.reflect.DelegatingMethodAccessorImpl.invoke(DelegatingMethodAccessorImpl.java:43)
	at java.lang.reflect.Method.invoke(Method.java:498)
	at org.apache.ibatis.plugin.Plugin.invoke(Plugin.java:64)
	at com.sun.proxy.$Proxy148.flushStatements(Unknown Source)
	at org.apache.ibatis.session.defaults.DefaultSqlSession.flushStatements(DefaultSqlSession.java:249)
	at com.baomidou.mybatisplus.extension.toolkit.SqlHelper.lambda$executeBatch$0(SqlHelper.java:217)
	at com.baomidou.mybatisplus.extension.toolkit.SqlHelper.executeBatch(SqlHelper.java:179)
	... 51 common frames omitted
Caused by: com.mysql.cj.jdbc.exceptions.MysqlDataTruncation: Data truncation: Data too long for column 'profession_name' at row 9
	at com.mysql.cj.jdbc.exceptions.SQLExceptionsMapping.translateException(SQLExceptionsMapping.java:104)
	at com.mysql.cj.jdbc.ClientPreparedStatement.executeInternal(ClientPreparedStatement.java:953)
	at com.mysql.cj.jdbc.ClientPreparedStatement.executeUpdateInternal(ClientPreparedStatement.java:1092)
	at com.mysql.cj.jdbc.ClientPreparedStatement.executeUpdateInternal(ClientPreparedStatement.java:1040)
	at com.mysql.cj.jdbc.ClientPreparedStatement.executeLargeUpdate(ClientPreparedStatement.java:1347)
	at com.mysql.cj.jdbc.ClientPreparedStatement.executeBatchedInserts(ClientPreparedStatement.java:716)
	... 81 common frames omitted
2026-04-17 17:23:50.906 [[36mthreadPoolTaskExecutor-1[0;39m] [[1;31mERROR[0;39m] [[32mcom.mock.example.common.utils.ExcelUtil[0;39m]: 流式解析 Excel 行失败: rowIndex=26007
org.springframework.dao.DataIntegrityViolationException: com.mock.example.modules.entrance.mapper.CeProfessionMapper.insert (batch index #27) failed. 26 prior sub executor(s) completed successfully, but will be rolled back. Cause: java.sql.BatchUpdateException: Data truncation: Data too long for column 'profession_name' at row 31
; Data truncation: Data too long for column 'profession_name' at row 31; nested exception is java.sql.BatchUpdateException: Data truncation: Data too long for column 'profession_name' at row 31
	at org.springframework.jdbc.support.SQLStateSQLExceptionTranslator.doTranslate(SQLStateSQLExceptionTranslator.java:104)
	at org.springframework.jdbc.support.AbstractFallbackSQLExceptionTranslator.translate(AbstractFallbackSQLExceptionTranslator.java:72)
	at org.springframework.jdbc.support.AbstractFallbackSQLExceptionTranslator.translate(AbstractFallbackSQLExceptionTranslator.java:81)
	at org.springframework.jdbc.support.AbstractFallbackSQLExceptionTranslator.translate(AbstractFallbackSQLExceptionTranslator.java:81)
	at org.mybatis.spring.MyBatisExceptionTranslator.translateExceptionIfPossible(MyBatisExceptionTranslator.java:88)
	at com.baomidou.mybatisplus.extension.toolkit.SqlHelper.executeBatch(SqlHelper.java:189)
	at com.baomidou.mybatisplus.extension.toolkit.SqlHelper.executeBatch(SqlHelper.java:211)
	at com.baomidou.mybatisplus.extension.service.impl.ServiceImpl.executeBatch(ServiceImpl.java:234)
	at com.baomidou.mybatisplus.extension.service.impl.ServiceImpl.saveBatch(ServiceImpl.java:130)
	at com.baomidou.mybatisplus.extension.service.impl.ServiceImpl$$FastClassBySpringCGLIB$$76535273.invoke(<generated>)
	at org.springframework.cglib.proxy.MethodProxy.invoke(MethodProxy.java:218)
	at org.springframework.aop.framework.CglibAopProxy$CglibMethodInvocation.invokeJoinpoint(CglibAopProxy.java:771)
	at org.springframework.aop.framework.ReflectiveMethodInvocation.proceed(ReflectiveMethodInvocation.java:163)
	at org.springframework.aop.framework.CglibAopProxy$CglibMethodInvocation.proceed(CglibAopProxy.java:749)
	at org.springframework.dao.support.PersistenceExceptionTranslationInterceptor.invoke(PersistenceExceptionTranslationInterceptor.java:139)
	at org.springframework.aop.framework.ReflectiveMethodInvocation.proceed(ReflectiveMethodInvocation.java:186)
	at org.springframework.aop.framework.CglibAopProxy$CglibMethodInvocation.proceed(CglibAopProxy.java:749)
	at org.springframework.transaction.interceptor.TransactionAspectSupport.invokeWithinTransaction(TransactionAspectSupport.java:367)
	at org.springframework.transaction.interceptor.TransactionInterceptor.invoke(TransactionInterceptor.java:118)
	at org.springframework.aop.framework.ReflectiveMethodInvocation.proceed(ReflectiveMethodInvocation.java:186)
	at org.springframework.aop.framework.CglibAopProxy$CglibMethodInvocation.proceed(CglibAopProxy.java:749)
	at org.springframework.aop.framework.CglibAopProxy$DynamicAdvisedInterceptor.intercept(CglibAopProxy.java:691)
	at com.mock.example.modules.entrance.repository.impl.CeProfessionRepoImpl$$EnhancerBySpringCGLIB$$5517fd5b.saveBatch(<generated>)
	at com.mock.example.modules.entrance.service.CeCollegeService.processImportBatch(CeCollegeService.java:221)
	at com.mock.example.modules.entrance.service.CeCollegeService.lambda$importCollegeDataAsync$6(CeCollegeService.java:133)
	at com.mock.example.common.utils.ExcelUtil$1.handle(ExcelUtil.java:261)
	at cn.hutool.poi.excel.sax.Excel07SaxReader.endElement(Excel07SaxReader.java:259)
	at org.apache.xerces.parsers.AbstractSAXParser.endElement(Unknown Source)
	at org.apache.xerces.impl.XMLNSDocumentScannerImpl.scanEndElement(Unknown Source)
	at org.apache.xerces.impl.XMLDocumentFragmentScannerImpl$FragmentContentDispatcher.dispatch(Unknown Source)
	at org.apache.xerces.impl.XMLDocumentFragmentScannerImpl.scanDocument(Unknown Source)
	at org.apache.xerces.parsers.XML11Configuration.parse(Unknown Source)
	at org.apache.xerces.parsers.XML11Configuration.parse(Unknown Source)
	at org.apache.xerces.parsers.XMLParser.parse(Unknown Source)
	at org.apache.xerces.parsers.AbstractSAXParser.parse(Unknown Source)
	at cn.hutool.poi.excel.sax.Excel07SaxReader.parse(Excel07SaxReader.java:337)
	at cn.hutool.poi.excel.sax.Excel07SaxReader.read(Excel07SaxReader.java:152)
	at cn.hutool.poi.excel.sax.Excel07SaxReader.read(Excel07SaxReader.java:122)
	at cn.hutool.poi.excel.ExcelUtil.read07BySax(ExcelUtil.java:84)
	at cn.hutool.poi.excel.ExcelUtil.readBySax(ExcelUtil.java:67)
	at cn.hutool.poi.excel.ExcelUtil.readBySax(ExcelUtil.java:53)
	at com.mock.example.common.utils.ExcelUtil.importExcelStreaming(ExcelUtil.java:186)
	at com.mock.example.modules.entrance.service.CeCollegeService.importCollegeDataAsync(CeCollegeService.java:132)
	at com.mock.example.modules.entrance.service.CeCollegeService$$FastClassBySpringCGLIB$$f1f9cc0f.invoke(<generated>)
	at org.springframework.cglib.proxy.MethodProxy.invoke(MethodProxy.java:218)
	at org.springframework.aop.framework.CglibAopProxy$CglibMethodInvocation.invokeJoinpoint(CglibAopProxy.java:771)
	at org.springframework.aop.framework.ReflectiveMethodInvocation.proceed(ReflectiveMethodInvocation.java:163)
	at org.springframework.aop.framework.CglibAopProxy$CglibMethodInvocation.proceed(CglibAopProxy.java:749)
	at org.springframework.transaction.interceptor.TransactionAspectSupport.invokeWithinTransaction(TransactionAspectSupport.java:367)
	at org.springframework.transaction.interceptor.TransactionInterceptor.invoke(TransactionInterceptor.java:118)
	at org.springframework.aop.framework.ReflectiveMethodInvocation.proceed(ReflectiveMethodInvocation.java:186)
	at org.springframework.aop.framework.CglibAopProxy$CglibMethodInvocation.proceed(CglibAopProxy.java:749)
	at org.springframework.aop.interceptor.AsyncExecutionInterceptor.lambda$invoke$0(AsyncExecutionInterceptor.java:115)
	at java.util.concurrent.FutureTask.run(FutureTask.java:266)
	at java.util.concurrent.ThreadPoolExecutor.runWorker(ThreadPoolExecutor.java:1149)
	at java.util.concurrent.ThreadPoolExecutor$Worker.run(ThreadPoolExecutor.java:624)
	at java.lang.Thread.run(Thread.java:750)
Caused by: java.sql.BatchUpdateException: Data truncation: Data too long for column 'profession_name' at row 31
	at sun.reflect.NativeConstructorAccessorImpl.newInstance0(Native Method)
	at sun.reflect.NativeConstructorAccessorImpl.newInstance(NativeConstructorAccessorImpl.java:62)
	at sun.reflect.DelegatingConstructorAccessorImpl.newInstance(DelegatingConstructorAccessorImpl.java:45)
	at java.lang.reflect.Constructor.newInstance(Constructor.java:423)
	at com.mysql.cj.util.Util.handleNewInstance(Util.java:192)
	at com.mysql.cj.util.Util.getInstance(Util.java:167)
	at com.mysql.cj.util.Util.getInstance(Util.java:174)
	at com.mysql.cj.jdbc.exceptions.SQLError.createBatchUpdateException(SQLError.java:224)
	at com.mysql.cj.jdbc.ClientPreparedStatement.executeBatchedInserts(ClientPreparedStatement.java:755)
	at com.mysql.cj.jdbc.ClientPreparedStatement.executeBatchInternal(ClientPreparedStatement.java:426)
	at com.mysql.cj.jdbc.StatementImpl.executeBatch(StatementImpl.java:796)
	at com.alibaba.druid.filter.FilterChainImpl.statement_executeBatch(FilterChainImpl.java:3066)
	at com.alibaba.druid.filter.FilterAdapter.statement_executeBatch(FilterAdapter.java:2496)
	at com.alibaba.druid.filter.FilterEventAdapter.statement_executeBatch(FilterEventAdapter.java:279)
	at com.alibaba.druid.filter.FilterChainImpl.statement_executeBatch(FilterChainImpl.java:3064)
	at com.alibaba.druid.proxy.jdbc.StatementProxyImpl.executeBatch(StatementProxyImpl.java:202)
	at com.alibaba.druid.pool.DruidPooledPreparedStatement.executeBatch(DruidPooledPreparedStatement.java:566)
	at sun.reflect.GeneratedMethodAccessor212.invoke(Unknown Source)
	at sun.reflect.DelegatingMethodAccessorImpl.invoke(DelegatingMethodAccessorImpl.java:43)
	at java.lang.reflect.Method.invoke(Method.java:498)
	at org.apache.ibatis.logging.jdbc.PreparedStatementLogger.invoke(PreparedStatementLogger.java:78)
	at com.sun.proxy.$Proxy151.executeBatch(Unknown Source)
	at com.baomidou.mybatisplus.core.executor.MybatisBatchExecutor.doFlushStatements(MybatisBatchExecutor.java:135)
	at org.apache.ibatis.executor.BaseExecutor.flushStatements(BaseExecutor.java:129)
	at org.apache.ibatis.executor.BaseExecutor.flushStatements(BaseExecutor.java:122)
	at com.baomidou.mybatisplus.core.executor.MybatisCachingExecutor.flushStatements(MybatisCachingExecutor.java:218)
	at sun.reflect.GeneratedMethodAccessor213.invoke(Unknown Source)
	at sun.reflect.DelegatingMethodAccessorImpl.invoke(DelegatingMethodAccessorImpl.java:43)
	at java.lang.reflect.Method.invoke(Method.java:498)
	at org.apache.ibatis.plugin.Plugin.invoke(Plugin.java:64)
	at com.sun.proxy.$Proxy148.flushStatements(Unknown Source)
	at sun.reflect.GeneratedMethodAccessor213.invoke(Unknown Source)
	at sun.reflect.DelegatingMethodAccessorImpl.invoke(DelegatingMethodAccessorImpl.java:43)
	at java.lang.reflect.Method.invoke(Method.java:498)
	at org.apache.ibatis.plugin.Plugin.invoke(Plugin.java:64)
	at com.sun.proxy.$Proxy148.flushStatements(Unknown Source)
	at org.apache.ibatis.session.defaults.DefaultSqlSession.flushStatements(DefaultSqlSession.java:249)
	at com.baomidou.mybatisplus.extension.toolkit.SqlHelper.lambda$executeBatch$0(SqlHelper.java:217)
	at com.baomidou.mybatisplus.extension.toolkit.SqlHelper.executeBatch(SqlHelper.java:179)
	... 51 common frames omitted
Caused by: com.mysql.cj.jdbc.exceptions.MysqlDataTruncation: Data truncation: Data too long for column 'profession_name' at row 31
	at com.mysql.cj.jdbc.exceptions.SQLExceptionsMapping.translateException(SQLExceptionsMapping.java:104)
	at com.mysql.cj.jdbc.ClientPreparedStatement.executeInternal(ClientPreparedStatement.java:953)
	at com.mysql.cj.jdbc.ClientPreparedStatement.executeUpdateInternal(ClientPreparedStatement.java:1092)
	at com.mysql.cj.jdbc.ClientPreparedStatement.executeUpdateInternal(ClientPreparedStatement.java:1040)
	at com.mysql.cj.jdbc.ClientPreparedStatement.executeLargeUpdate(ClientPreparedStatement.java:1347)
	at com.mysql.cj.jdbc.ClientPreparedStatement.executeBatchedInserts(ClientPreparedStatement.java:716)
	... 81 common frames omitted
2026-04-17 17:23:53.237 [[36mthreadPoolTaskExecutor-1[0;39m] [[1;31mERROR[0;39m] [[32mcom.mock.example.common.utils.ExcelUtil[0;39m]: 流式解析 Excel 行失败: rowIndex=30008
org.springframework.dao.DataIntegrityViolationException: com.mock.example.modules.entrance.mapper.CeProfessionMapper.insert (batch index #37) failed. 36 prior sub executor(s) completed successfully, but will be rolled back. Cause: java.sql.BatchUpdateException: Data truncation: Data too long for column 'profession_name' at row 5
; Data truncation: Data too long for column 'profession_name' at row 5; nested exception is java.sql.BatchUpdateException: Data truncation: Data too long for column 'profession_name' at row 5
	at org.springframework.jdbc.support.SQLStateSQLExceptionTranslator.doTranslate(SQLStateSQLExceptionTranslator.java:104)
	at org.springframework.jdbc.support.AbstractFallbackSQLExceptionTranslator.translate(AbstractFallbackSQLExceptionTranslator.java:72)
	at org.springframework.jdbc.support.AbstractFallbackSQLExceptionTranslator.translate(AbstractFallbackSQLExceptionTranslator.java:81)
	at org.springframework.jdbc.support.AbstractFallbackSQLExceptionTranslator.translate(AbstractFallbackSQLExceptionTranslator.java:81)
	at org.mybatis.spring.MyBatisExceptionTranslator.translateExceptionIfPossible(MyBatisExceptionTranslator.java:88)
	at com.baomidou.mybatisplus.extension.toolkit.SqlHelper.executeBatch(SqlHelper.java:189)
	at com.baomidou.mybatisplus.extension.toolkit.SqlHelper.executeBatch(SqlHelper.java:211)
	at com.baomidou.mybatisplus.extension.service.impl.ServiceImpl.executeBatch(ServiceImpl.java:234)
	at com.baomidou.mybatisplus.extension.service.impl.ServiceImpl.saveBatch(ServiceImpl.java:130)
	at com.baomidou.mybatisplus.extension.service.impl.ServiceImpl$$FastClassBySpringCGLIB$$76535273.invoke(<generated>)
	at org.springframework.cglib.proxy.MethodProxy.invoke(MethodProxy.java:218)
	at org.springframework.aop.framework.CglibAopProxy$CglibMethodInvocation.invokeJoinpoint(CglibAopProxy.java:771)
	at org.springframework.aop.framework.ReflectiveMethodInvocation.proceed(ReflectiveMethodInvocation.java:163)
	at org.springframework.aop.framework.CglibAopProxy$CglibMethodInvocation.proceed(CglibAopProxy.java:749)
	at org.springframework.dao.support.PersistenceExceptionTranslationInterceptor.invoke(PersistenceExceptionTranslationInterceptor.java:139)
	at org.springframework.aop.framework.ReflectiveMethodInvocation.proceed(ReflectiveMethodInvocation.java:186)
	at org.springframework.aop.framework.CglibAopProxy$CglibMethodInvocation.proceed(CglibAopProxy.java:749)
	at org.springframework.transaction.interceptor.TransactionAspectSupport.invokeWithinTransaction(TransactionAspectSupport.java:367)
	at org.springframework.transaction.interceptor.TransactionInterceptor.invoke(TransactionInterceptor.java:118)
	at org.springframework.aop.framework.ReflectiveMethodInvocation.proceed(ReflectiveMethodInvocation.java:186)
	at org.springframework.aop.framework.CglibAopProxy$CglibMethodInvocation.proceed(CglibAopProxy.java:749)
	at org.springframework.aop.framework.CglibAopProxy$DynamicAdvisedInterceptor.intercept(CglibAopProxy.java:691)
	at com.mock.example.modules.entrance.repository.impl.CeProfessionRepoImpl$$EnhancerBySpringCGLIB$$5517fd5b.saveBatch(<generated>)
	at com.mock.example.modules.entrance.service.CeCollegeService.processImportBatch(CeCollegeService.java:221)
	at com.mock.example.modules.entrance.service.CeCollegeService.lambda$importCollegeDataAsync$6(CeCollegeService.java:133)
	at com.mock.example.common.utils.ExcelUtil$1.handle(ExcelUtil.java:261)
	at cn.hutool.poi.excel.sax.Excel07SaxReader.endElement(Excel07SaxReader.java:259)
	at org.apache.xerces.parsers.AbstractSAXParser.endElement(Unknown Source)
	at org.apache.xerces.impl.XMLNSDocumentScannerImpl.scanEndElement(Unknown Source)
	at org.apache.xerces.impl.XMLDocumentFragmentScannerImpl$FragmentContentDispatcher.dispatch(Unknown Source)
	at org.apache.xerces.impl.XMLDocumentFragmentScannerImpl.scanDocument(Unknown Source)
	at org.apache.xerces.parsers.XML11Configuration.parse(Unknown Source)
	at org.apache.xerces.parsers.XML11Configuration.parse(Unknown Source)
	at org.apache.xerces.parsers.XMLParser.parse(Unknown Source)
	at org.apache.xerces.parsers.AbstractSAXParser.parse(Unknown Source)
	at cn.hutool.poi.excel.sax.Excel07SaxReader.parse(Excel07SaxReader.java:337)
	at cn.hutool.poi.excel.sax.Excel07SaxReader.read(Excel07SaxReader.java:152)
	at cn.hutool.poi.excel.sax.Excel07SaxReader.read(Excel07SaxReader.java:122)
	at cn.hutool.poi.excel.ExcelUtil.read07BySax(ExcelUtil.java:84)
	at cn.hutool.poi.excel.ExcelUtil.readBySax(ExcelUtil.java:67)
	at cn.hutool.poi.excel.ExcelUtil.readBySax(ExcelUtil.java:53)
	at com.mock.example.common.utils.ExcelUtil.importExcelStreaming(ExcelUtil.java:186)
	at com.mock.example.modules.entrance.service.CeCollegeService.importCollegeDataAsync(CeCollegeService.java:132)
	at com.mock.example.modules.entrance.service.CeCollegeService$$FastClassBySpringCGLIB$$f1f9cc0f.invoke(<generated>)
	at org.springframework.cglib.proxy.MethodProxy.invoke(MethodProxy.java:218)
	at org.springframework.aop.framework.CglibAopProxy$CglibMethodInvocation.invokeJoinpoint(CglibAopProxy.java:771)
	at org.springframework.aop.framework.ReflectiveMethodInvocation.proceed(ReflectiveMethodInvocation.java:163)
	at org.springframework.aop.framework.CglibAopProxy$CglibMethodInvocation.proceed(CglibAopProxy.java:749)
	at org.springframework.transaction.interceptor.TransactionAspectSupport.invokeWithinTransaction(TransactionAspectSupport.java:367)
	at org.springframework.transaction.interceptor.TransactionInterceptor.invoke(TransactionInterceptor.java:118)
	at org.springframework.aop.framework.ReflectiveMethodInvocation.proceed(ReflectiveMethodInvocation.java:186)
	at org.springframework.aop.framework.CglibAopProxy$CglibMethodInvocation.proceed(CglibAopProxy.java:749)
	at org.springframework.aop.interceptor.AsyncExecutionInterceptor.lambda$invoke$0(AsyncExecutionInterceptor.java:115)
	at java.util.concurrent.FutureTask.run(FutureTask.java:266)
	at java.util.concurrent.ThreadPoolExecutor.runWorker(ThreadPoolExecutor.java:1149)
	at java.util.concurrent.ThreadPoolExecutor$Worker.run(ThreadPoolExecutor.java:624)
	at java.lang.Thread.run(Thread.java:750)
Caused by: java.sql.BatchUpdateException: Data truncation: Data too long for column 'profession_name' at row 5
	at sun.reflect.NativeConstructorAccessorImpl.newInstance0(Native Method)
	at sun.reflect.NativeConstructorAccessorImpl.newInstance(NativeConstructorAccessorImpl.java:62)
	at sun.reflect.DelegatingConstructorAccessorImpl.newInstance(DelegatingConstructorAccessorImpl.java:45)
	at java.lang.reflect.Constructor.newInstance(Constructor.java:423)
	at com.mysql.cj.util.Util.handleNewInstance(Util.java:192)
	at com.mysql.cj.util.Util.getInstance(Util.java:167)
	at com.mysql.cj.util.Util.getInstance(Util.java:174)
	at com.mysql.cj.jdbc.exceptions.SQLError.createBatchUpdateException(SQLError.java:224)
	at com.mysql.cj.jdbc.ClientPreparedStatement.executeBatchedInserts(ClientPreparedStatement.java:755)
	at com.mysql.cj.jdbc.ClientPreparedStatement.executeBatchInternal(ClientPreparedStatement.java:426)
	at com.mysql.cj.jdbc.StatementImpl.executeBatch(StatementImpl.java:796)
	at com.alibaba.druid.filter.FilterChainImpl.statement_executeBatch(FilterChainImpl.java:3066)
	at com.alibaba.druid.filter.FilterAdapter.statement_executeBatch(FilterAdapter.java:2496)
	at com.alibaba.druid.filter.FilterEventAdapter.statement_executeBatch(FilterEventAdapter.java:279)
	at com.alibaba.druid.filter.FilterChainImpl.statement_executeBatch(FilterChainImpl.java:3064)
	at com.alibaba.druid.proxy.jdbc.StatementProxyImpl.executeBatch(StatementProxyImpl.java:202)
	at com.alibaba.druid.pool.DruidPooledPreparedStatement.executeBatch(DruidPooledPreparedStatement.java:566)
	at sun.reflect.GeneratedMethodAccessor212.invoke(Unknown Source)
	at sun.reflect.DelegatingMethodAccessorImpl.invoke(DelegatingMethodAccessorImpl.java:43)
	at java.lang.reflect.Method.invoke(Method.java:498)
	at org.apache.ibatis.logging.jdbc.PreparedStatementLogger.invoke(PreparedStatementLogger.java:78)
	at com.sun.proxy.$Proxy151.executeBatch(Unknown Source)
	at com.baomidou.mybatisplus.core.executor.MybatisBatchExecutor.doFlushStatements(MybatisBatchExecutor.java:135)
	at org.apache.ibatis.executor.BaseExecutor.flushStatements(BaseExecutor.java:129)
	at org.apache.ibatis.executor.BaseExecutor.flushStatements(BaseExecutor.java:122)
	at com.baomidou.mybatisplus.core.executor.MybatisCachingExecutor.flushStatements(MybatisCachingExecutor.java:218)
	at sun.reflect.GeneratedMethodAccessor213.invoke(Unknown Source)
	at sun.reflect.DelegatingMethodAccessorImpl.invoke(DelegatingMethodAccessorImpl.java:43)
	at java.lang.reflect.Method.invoke(Method.java:498)
	at org.apache.ibatis.plugin.Plugin.invoke(Plugin.java:64)
	at com.sun.proxy.$Proxy148.flushStatements(Unknown Source)
	at sun.reflect.GeneratedMethodAccessor213.invoke(Unknown Source)
	at sun.reflect.DelegatingMethodAccessorImpl.invoke(DelegatingMethodAccessorImpl.java:43)
	at java.lang.reflect.Method.invoke(Method.java:498)
	at org.apache.ibatis.plugin.Plugin.invoke(Plugin.java:64)
	at com.sun.proxy.$Proxy148.flushStatements(Unknown Source)
	at org.apache.ibatis.session.defaults.DefaultSqlSession.flushStatements(DefaultSqlSession.java:249)
	at com.baomidou.mybatisplus.extension.toolkit.SqlHelper.lambda$executeBatch$0(SqlHelper.java:217)
	at com.baomidou.mybatisplus.extension.toolkit.SqlHelper.executeBatch(SqlHelper.java:179)
	... 51 common frames omitted
Caused by: com.mysql.cj.jdbc.exceptions.MysqlDataTruncation: Data truncation: Data too long for column 'profession_name' at row 5
	at com.mysql.cj.jdbc.exceptions.SQLExceptionsMapping.translateException(SQLExceptionsMapping.java:104)
	at com.mysql.cj.jdbc.ClientPreparedStatement.executeInternal(ClientPreparedStatement.java:953)
	at com.mysql.cj.jdbc.ClientPreparedStatement.executeUpdateInternal(ClientPreparedStatement.java:1092)
	at com.mysql.cj.jdbc.ClientPreparedStatement.executeUpdateInternal(ClientPreparedStatement.java:1040)
	at com.mysql.cj.jdbc.ClientPreparedStatement.executeLargeUpdate(ClientPreparedStatement.java:1347)
	at com.mysql.cj.jdbc.ClientPreparedStatement.executeBatchedInserts(ClientPreparedStatement.java:716)
	... 81 common frames omitted
2026-04-17 17:23:55.420 [[36mthreadPoolTaskExecutor-1[0;39m] [[1;31mERROR[0;39m] [[32mcom.mock.example.common.utils.ExcelUtil[0;39m]: 流式解析 Excel 行失败: rowIndex=34009
org.springframework.dao.DataIntegrityViolationException: com.mock.example.modules.entrance.mapper.CeProfessionMapper.insert (batch index #3) failed. 2 prior sub executor(s) completed successfully, but will be rolled back. Cause: java.sql.BatchUpdateException: Data truncation: Data too long for column 'profession_name' at row 141
; Data truncation: Data too long for column 'profession_name' at row 141; nested exception is java.sql.BatchUpdateException: Data truncation: Data too long for column 'profession_name' at row 141
	at org.springframework.jdbc.support.SQLStateSQLExceptionTranslator.doTranslate(SQLStateSQLExceptionTranslator.java:104)
	at org.springframework.jdbc.support.AbstractFallbackSQLExceptionTranslator.translate(AbstractFallbackSQLExceptionTranslator.java:72)
	at org.springframework.jdbc.support.AbstractFallbackSQLExceptionTranslator.translate(AbstractFallbackSQLExceptionTranslator.java:81)
	at org.springframework.jdbc.support.AbstractFallbackSQLExceptionTranslator.translate(AbstractFallbackSQLExceptionTranslator.java:81)
	at org.mybatis.spring.MyBatisExceptionTranslator.translateExceptionIfPossible(MyBatisExceptionTranslator.java:88)
	at com.baomidou.mybatisplus.extension.toolkit.SqlHelper.executeBatch(SqlHelper.java:189)
	at com.baomidou.mybatisplus.extension.toolkit.SqlHelper.executeBatch(SqlHelper.java:211)
	at com.baomidou.mybatisplus.extension.service.impl.ServiceImpl.executeBatch(ServiceImpl.java:234)
	at com.baomidou.mybatisplus.extension.service.impl.ServiceImpl.saveBatch(ServiceImpl.java:130)
	at com.baomidou.mybatisplus.extension.service.impl.ServiceImpl$$FastClassBySpringCGLIB$$76535273.invoke(<generated>)
	at org.springframework.cglib.proxy.MethodProxy.invoke(MethodProxy.java:218)
	at org.springframework.aop.framework.CglibAopProxy$CglibMethodInvocation.invokeJoinpoint(CglibAopProxy.java:771)
	at org.springframework.aop.framework.ReflectiveMethodInvocation.proceed(ReflectiveMethodInvocation.java:163)
	at org.springframework.aop.framework.CglibAopProxy$CglibMethodInvocation.proceed(CglibAopProxy.java:749)
	at org.springframework.dao.support.PersistenceExceptionTranslationInterceptor.invoke(PersistenceExceptionTranslationInterceptor.java:139)
	at org.springframework.aop.framework.ReflectiveMethodInvocation.proceed(ReflectiveMethodInvocation.java:186)
	at org.springframework.aop.framework.CglibAopProxy$CglibMethodInvocation.proceed(CglibAopProxy.java:749)
	at org.springframework.transaction.interceptor.TransactionAspectSupport.invokeWithinTransaction(TransactionAspectSupport.java:367)
	at org.springframework.transaction.interceptor.TransactionInterceptor.invoke(TransactionInterceptor.java:118)
	at org.springframework.aop.framework.ReflectiveMethodInvocation.proceed(ReflectiveMethodInvocation.java:186)
	at org.springframework.aop.framework.CglibAopProxy$CglibMethodInvocation.proceed(CglibAopProxy.java:749)
	at org.springframework.aop.framework.CglibAopProxy$DynamicAdvisedInterceptor.intercept(CglibAopProxy.java:691)
	at com.mock.example.modules.entrance.repository.impl.CeProfessionRepoImpl$$EnhancerBySpringCGLIB$$5517fd5b.saveBatch(<generated>)
	at com.mock.example.modules.entrance.service.CeCollegeService.processImportBatch(CeCollegeService.java:221)
	at com.mock.example.modules.entrance.service.CeCollegeService.lambda$importCollegeDataAsync$6(CeCollegeService.java:133)
	at com.mock.example.common.utils.ExcelUtil$1.handle(ExcelUtil.java:261)
	at cn.hutool.poi.excel.sax.Excel07SaxReader.endElement(Excel07SaxReader.java:259)
	at org.apache.xerces.parsers.AbstractSAXParser.endElement(Unknown Source)
	at org.apache.xerces.impl.XMLNSDocumentScannerImpl.scanEndElement(Unknown Source)
	at org.apache.xerces.impl.XMLDocumentFragmentScannerImpl$FragmentContentDispatcher.dispatch(Unknown Source)
	at org.apache.xerces.impl.XMLDocumentFragmentScannerImpl.scanDocument(Unknown Source)
	at org.apache.xerces.parsers.XML11Configuration.parse(Unknown Source)
	at org.apache.xerces.parsers.XML11Configuration.parse(Unknown Source)
	at org.apache.xerces.parsers.XMLParser.parse(Unknown Source)
	at org.apache.xerces.parsers.AbstractSAXParser.parse(Unknown Source)
	at cn.hutool.poi.excel.sax.Excel07SaxReader.parse(Excel07SaxReader.java:337)
	at cn.hutool.poi.excel.sax.Excel07SaxReader.read(Excel07SaxReader.java:152)
	at cn.hutool.poi.excel.sax.Excel07SaxReader.read(Excel07SaxReader.java:122)
	at cn.hutool.poi.excel.ExcelUtil.read07BySax(ExcelUtil.java:84)
	at cn.hutool.poi.excel.ExcelUtil.readBySax(ExcelUtil.java:67)
	at cn.hutool.poi.excel.ExcelUtil.readBySax(ExcelUtil.java:53)
	at com.mock.example.common.utils.ExcelUtil.importExcelStreaming(ExcelUtil.java:186)
	at com.mock.example.modules.entrance.service.CeCollegeService.importCollegeDataAsync(CeCollegeService.java:132)
	at com.mock.example.modules.entrance.service.CeCollegeService$$FastClassBySpringCGLIB$$f1f9cc0f.invoke(<generated>)
	at org.springframework.cglib.proxy.MethodProxy.invoke(MethodProxy.java:218)
	at org.springframework.aop.framework.CglibAopProxy$CglibMethodInvocation.invokeJoinpoint(CglibAopProxy.java:771)
	at org.springframework.aop.framework.ReflectiveMethodInvocation.proceed(ReflectiveMethodInvocation.java:163)
	at org.springframework.aop.framework.CglibAopProxy$CglibMethodInvocation.proceed(CglibAopProxy.java:749)
	at org.springframework.transaction.interceptor.TransactionAspectSupport.invokeWithinTransaction(TransactionAspectSupport.java:367)
	at org.springframework.transaction.interceptor.TransactionInterceptor.invoke(TransactionInterceptor.java:118)
	at org.springframework.aop.framework.ReflectiveMethodInvocation.proceed(ReflectiveMethodInvocation.java:186)
	at org.springframework.aop.framework.CglibAopProxy$CglibMethodInvocation.proceed(CglibAopProxy.java:749)
	at org.springframework.aop.interceptor.AsyncExecutionInterceptor.lambda$invoke$0(AsyncExecutionInterceptor.java:115)
	at java.util.concurrent.FutureTask.run(FutureTask.java:266)
	at java.util.concurrent.ThreadPoolExecutor.runWorker(ThreadPoolExecutor.java:1149)
	at java.util.concurrent.ThreadPoolExecutor$Worker.run(ThreadPoolExecutor.java:624)
	at java.lang.Thread.run(Thread.java:750)
Caused by: java.sql.BatchUpdateException: Data truncation: Data too long for column 'profession_name' at row 141
	at sun.reflect.NativeConstructorAccessorImpl.newInstance0(Native Method)
	at sun.reflect.NativeConstructorAccessorImpl.newInstance(NativeConstructorAccessorImpl.java:62)
	at sun.reflect.DelegatingConstructorAccessorImpl.newInstance(DelegatingConstructorAccessorImpl.java:45)
	at java.lang.reflect.Constructor.newInstance(Constructor.java:423)
	at com.mysql.cj.util.Util.handleNewInstance(Util.java:192)
	at com.mysql.cj.util.Util.getInstance(Util.java:167)
	at com.mysql.cj.util.Util.getInstance(Util.java:174)
	at com.mysql.cj.jdbc.exceptions.SQLError.createBatchUpdateException(SQLError.java:224)
	at com.mysql.cj.jdbc.ClientPreparedStatement.executeBatchedInserts(ClientPreparedStatement.java:755)
	at com.mysql.cj.jdbc.ClientPreparedStatement.executeBatchInternal(ClientPreparedStatement.java:426)
	at com.mysql.cj.jdbc.StatementImpl.executeBatch(StatementImpl.java:796)
	at com.alibaba.druid.filter.FilterChainImpl.statement_executeBatch(FilterChainImpl.java:3066)
	at com.alibaba.druid.filter.FilterAdapter.statement_executeBatch(FilterAdapter.java:2496)
	at com.alibaba.druid.filter.FilterEventAdapter.statement_executeBatch(FilterEventAdapter.java:279)
	at com.alibaba.druid.filter.FilterChainImpl.statement_executeBatch(FilterChainImpl.java:3064)
	at com.alibaba.druid.proxy.jdbc.StatementProxyImpl.executeBatch(StatementProxyImpl.java:202)
	at com.alibaba.druid.pool.DruidPooledPreparedStatement.executeBatch(DruidPooledPreparedStatement.java:566)
	at sun.reflect.GeneratedMethodAccessor212.invoke(Unknown Source)
	at sun.reflect.DelegatingMethodAccessorImpl.invoke(DelegatingMethodAccessorImpl.java:43)
	at java.lang.reflect.Method.invoke(Method.java:498)
	at org.apache.ibatis.logging.jdbc.PreparedStatementLogger.invoke(PreparedStatementLogger.java:78)
	at com.sun.proxy.$Proxy151.executeBatch(Unknown Source)
	at com.baomidou.mybatisplus.core.executor.MybatisBatchExecutor.doFlushStatements(MybatisBatchExecutor.java:135)
	at org.apache.ibatis.executor.BaseExecutor.flushStatements(BaseExecutor.java:129)
	at org.apache.ibatis.executor.BaseExecutor.flushStatements(BaseExecutor.java:122)
	at com.baomidou.mybatisplus.core.executor.MybatisCachingExecutor.flushStatements(MybatisCachingExecutor.java:218)
	at sun.reflect.GeneratedMethodAccessor213.invoke(Unknown Source)
	at sun.reflect.DelegatingMethodAccessorImpl.invoke(DelegatingMethodAccessorImpl.java:43)
	at java.lang.reflect.Method.invoke(Method.java:498)
	at org.apache.ibatis.plugin.Plugin.invoke(Plugin.java:64)
	at com.sun.proxy.$Proxy148.flushStatements(Unknown Source)
	at sun.reflect.GeneratedMethodAccessor213.invoke(Unknown Source)
	at sun.reflect.DelegatingMethodAccessorImpl.invoke(DelegatingMethodAccessorImpl.java:43)
	at java.lang.reflect.Method.invoke(Method.java:498)
	at org.apache.ibatis.plugin.Plugin.invoke(Plugin.java:64)
	at com.sun.proxy.$Proxy148.flushStatements(Unknown Source)
	at org.apache.ibatis.session.defaults.DefaultSqlSession.flushStatements(DefaultSqlSession.java:249)
	at com.baomidou.mybatisplus.extension.toolkit.SqlHelper.lambda$executeBatch$0(SqlHelper.java:217)
	at com.baomidou.mybatisplus.extension.toolkit.SqlHelper.executeBatch(SqlHelper.java:179)
	... 51 common frames omitted
Caused by: com.mysql.cj.jdbc.exceptions.MysqlDataTruncation: Data truncation: Data too long for column 'profession_name' at row 141
	at com.mysql.cj.jdbc.exceptions.SQLExceptionsMapping.translateException(SQLExceptionsMapping.java:104)
	at com.mysql.cj.jdbc.ClientPreparedStatement.executeInternal(ClientPreparedStatement.java:953)
	at com.mysql.cj.jdbc.ClientPreparedStatement.executeUpdateInternal(ClientPreparedStatement.java:1092)
	at com.mysql.cj.jdbc.ClientPreparedStatement.executeUpdateInternal(ClientPreparedStatement.java:1040)
	at com.mysql.cj.jdbc.ClientPreparedStatement.executeLargeUpdate(ClientPreparedStatement.java:1347)
	at com.mysql.cj.jdbc.ClientPreparedStatement.executeBatchedInserts(ClientPreparedStatement.java:716)
	... 81 common frames omitted
2026-04-17 17:23:56.970 [[36mthreadPoolTaskExecutor-1[0;39m] [[1;31mERROR[0;39m] [[32mcom.mock.example.common.utils.ExcelUtil[0;39m]: 流式解析 Excel 行失败: rowIndex=36010
org.springframework.dao.DataIntegrityViolationException: com.mock.example.modules.entrance.mapper.CeProfessionMapper.insert (batch index #9) failed. 8 prior sub executor(s) completed successfully, but will be rolled back. Cause: java.sql.BatchUpdateException: Data truncation: Data too long for column 'profession_name' at row 43
; Data truncation: Data too long for column 'profession_name' at row 43; nested exception is java.sql.BatchUpdateException: Data truncation: Data too long for column 'profession_name' at row 43
	at org.springframework.jdbc.support.SQLStateSQLExceptionTranslator.doTranslate(SQLStateSQLExceptionTranslator.java:104)
	at org.springframework.jdbc.support.AbstractFallbackSQLExceptionTranslator.translate(AbstractFallbackSQLExceptionTranslator.java:72)
	at org.springframework.jdbc.support.AbstractFallbackSQLExceptionTranslator.translate(AbstractFallbackSQLExceptionTranslator.java:81)
	at org.springframework.jdbc.support.AbstractFallbackSQLExceptionTranslator.translate(AbstractFallbackSQLExceptionTranslator.java:81)
	at org.mybatis.spring.MyBatisExceptionTranslator.translateExceptionIfPossible(MyBatisExceptionTranslator.java:88)
	at com.baomidou.mybatisplus.extension.toolkit.SqlHelper.executeBatch(SqlHelper.java:189)
	at com.baomidou.mybatisplus.extension.toolkit.SqlHelper.executeBatch(SqlHelper.java:211)
	at com.baomidou.mybatisplus.extension.service.impl.ServiceImpl.executeBatch(ServiceImpl.java:234)
	at com.baomidou.mybatisplus.extension.service.impl.ServiceImpl.saveBatch(ServiceImpl.java:130)
	at com.baomidou.mybatisplus.extension.service.impl.ServiceImpl$$FastClassBySpringCGLIB$$76535273.invoke(<generated>)
	at org.springframework.cglib.proxy.MethodProxy.invoke(MethodProxy.java:218)
	at org.springframework.aop.framework.CglibAopProxy$CglibMethodInvocation.invokeJoinpoint(CglibAopProxy.java:771)
	at org.springframework.aop.framework.ReflectiveMethodInvocation.proceed(ReflectiveMethodInvocation.java:163)
	at org.springframework.aop.framework.CglibAopProxy$CglibMethodInvocation.proceed(CglibAopProxy.java:749)
	at org.springframework.dao.support.PersistenceExceptionTranslationInterceptor.invoke(PersistenceExceptionTranslationInterceptor.java:139)
	at org.springframework.aop.framework.ReflectiveMethodInvocation.proceed(ReflectiveMethodInvocation.java:186)
	at org.springframework.aop.framework.CglibAopProxy$CglibMethodInvocation.proceed(CglibAopProxy.java:749)
	at org.springframework.transaction.interceptor.TransactionAspectSupport.invokeWithinTransaction(TransactionAspectSupport.java:367)
	at org.springframework.transaction.interceptor.TransactionInterceptor.invoke(TransactionInterceptor.java:118)
	at org.springframework.aop.framework.ReflectiveMethodInvocation.proceed(ReflectiveMethodInvocation.java:186)
	at org.springframework.aop.framework.CglibAopProxy$CglibMethodInvocation.proceed(CglibAopProxy.java:749)
	at org.springframework.aop.framework.CglibAopProxy$DynamicAdvisedInterceptor.intercept(CglibAopProxy.java:691)
	at com.mock.example.modules.entrance.repository.impl.CeProfessionRepoImpl$$EnhancerBySpringCGLIB$$5517fd5b.saveBatch(<generated>)
	at com.mock.example.modules.entrance.service.CeCollegeService.processImportBatch(CeCollegeService.java:221)
	at com.mock.example.modules.entrance.service.CeCollegeService.lambda$importCollegeDataAsync$6(CeCollegeService.java:133)
	at com.mock.example.common.utils.ExcelUtil$1.handle(ExcelUtil.java:261)
	at cn.hutool.poi.excel.sax.Excel07SaxReader.endElement(Excel07SaxReader.java:259)
	at org.apache.xerces.parsers.AbstractSAXParser.endElement(Unknown Source)
	at org.apache.xerces.impl.XMLNSDocumentScannerImpl.scanEndElement(Unknown Source)
	at org.apache.xerces.impl.XMLDocumentFragmentScannerImpl$FragmentContentDispatcher.dispatch(Unknown Source)
	at org.apache.xerces.impl.XMLDocumentFragmentScannerImpl.scanDocument(Unknown Source)
	at org.apache.xerces.parsers.XML11Configuration.parse(Unknown Source)
	at org.apache.xerces.parsers.XML11Configuration.parse(Unknown Source)
	at org.apache.xerces.parsers.XMLParser.parse(Unknown Source)
	at org.apache.xerces.parsers.AbstractSAXParser.parse(Unknown Source)
	at cn.hutool.poi.excel.sax.Excel07SaxReader.parse(Excel07SaxReader.java:337)
	at cn.hutool.poi.excel.sax.Excel07SaxReader.read(Excel07SaxReader.java:152)
	at cn.hutool.poi.excel.sax.Excel07SaxReader.read(Excel07SaxReader.java:122)
	at cn.hutool.poi.excel.ExcelUtil.read07BySax(ExcelUtil.java:84)
	at cn.hutool.poi.excel.ExcelUtil.readBySax(ExcelUtil.java:67)
	at cn.hutool.poi.excel.ExcelUtil.readBySax(ExcelUtil.java:53)
	at com.mock.example.common.utils.ExcelUtil.importExcelStreaming(ExcelUtil.java:186)
	at com.mock.example.modules.entrance.service.CeCollegeService.importCollegeDataAsync(CeCollegeService.java:132)
	at com.mock.example.modules.entrance.service.CeCollegeService$$FastClassBySpringCGLIB$$f1f9cc0f.invoke(<generated>)
	at org.springframework.cglib.proxy.MethodProxy.invoke(MethodProxy.java:218)
	at org.springframework.aop.framework.CglibAopProxy$CglibMethodInvocation.invokeJoinpoint(CglibAopProxy.java:771)
	at org.springframework.aop.framework.ReflectiveMethodInvocation.proceed(ReflectiveMethodInvocation.java:163)
	at org.springframework.aop.framework.CglibAopProxy$CglibMethodInvocation.proceed(CglibAopProxy.java:749)
	at org.springframework.transaction.interceptor.TransactionAspectSupport.invokeWithinTransaction(TransactionAspectSupport.java:367)
	at org.springframework.transaction.interceptor.TransactionInterceptor.invoke(TransactionInterceptor.java:118)
	at org.springframework.aop.framework.ReflectiveMethodInvocation.proceed(ReflectiveMethodInvocation.java:186)
	at org.springframework.aop.framework.CglibAopProxy$CglibMethodInvocation.proceed(CglibAopProxy.java:749)
	at org.springframework.aop.interceptor.AsyncExecutionInterceptor.lambda$invoke$0(AsyncExecutionInterceptor.java:115)
	at java.util.concurrent.FutureTask.run(FutureTask.java:266)
	at java.util.concurrent.ThreadPoolExecutor.runWorker(ThreadPoolExecutor.java:1149)
	at java.util.concurrent.ThreadPoolExecutor$Worker.run(ThreadPoolExecutor.java:624)
	at java.lang.Thread.run(Thread.java:750)
Caused by: java.sql.BatchUpdateException: Data truncation: Data too long for column 'profession_name' at row 43
	at sun.reflect.NativeConstructorAccessorImpl.newInstance0(Native Method)
	at sun.reflect.NativeConstructorAccessorImpl.newInstance(NativeConstructorAccessorImpl.java:62)
	at sun.reflect.DelegatingConstructorAccessorImpl.newInstance(DelegatingConstructorAccessorImpl.java:45)
	at java.lang.reflect.Constructor.newInstance(Constructor.java:423)
	at com.mysql.cj.util.Util.handleNewInstance(Util.java:192)
	at com.mysql.cj.util.Util.getInstance(Util.java:167)
	at com.mysql.cj.util.Util.getInstance(Util.java:174)
	at com.mysql.cj.jdbc.exceptions.SQLError.createBatchUpdateException(SQLError.java:224)
	at com.mysql.cj.jdbc.ClientPreparedStatement.executeBatchedInserts(ClientPreparedStatement.java:755)
	at com.mysql.cj.jdbc.ClientPreparedStatement.executeBatchInternal(ClientPreparedStatement.java:426)
	at com.mysql.cj.jdbc.StatementImpl.executeBatch(StatementImpl.java:796)
	at com.alibaba.druid.filter.FilterChainImpl.statement_executeBatch(FilterChainImpl.java:3066)
	at com.alibaba.druid.filter.FilterAdapter.statement_executeBatch(FilterAdapter.java:2496)
	at com.alibaba.druid.filter.FilterEventAdapter.statement_executeBatch(FilterEventAdapter.java:279)
	at com.alibaba.druid.filter.FilterChainImpl.statement_executeBatch(FilterChainImpl.java:3064)
	at com.alibaba.druid.proxy.jdbc.StatementProxyImpl.executeBatch(StatementProxyImpl.java:202)
	at com.alibaba.druid.pool.DruidPooledPreparedStatement.executeBatch(DruidPooledPreparedStatement.java:566)
	at sun.reflect.GeneratedMethodAccessor212.invoke(Unknown Source)
	at sun.reflect.DelegatingMethodAccessorImpl.invoke(DelegatingMethodAccessorImpl.java:43)
	at java.lang.reflect.Method.invoke(Method.java:498)
	at org.apache.ibatis.logging.jdbc.PreparedStatementLogger.invoke(PreparedStatementLogger.java:78)
	at com.sun.proxy.$Proxy151.executeBatch(Unknown Source)
	at com.baomidou.mybatisplus.core.executor.MybatisBatchExecutor.doFlushStatements(MybatisBatchExecutor.java:135)
	at org.apache.ibatis.executor.BaseExecutor.flushStatements(BaseExecutor.java:129)
	at org.apache.ibatis.executor.BaseExecutor.flushStatements(BaseExecutor.java:122)
	at com.baomidou.mybatisplus.core.executor.MybatisCachingExecutor.flushStatements(MybatisCachingExecutor.java:218)
	at sun.reflect.GeneratedMethodAccessor213.invoke(Unknown Source)
	at sun.reflect.DelegatingMethodAccessorImpl.invoke(DelegatingMethodAccessorImpl.java:43)
	at java.lang.reflect.Method.invoke(Method.java:498)
	at org.apache.ibatis.plugin.Plugin.invoke(Plugin.java:64)
	at com.sun.proxy.$Proxy148.flushStatements(Unknown Source)
	at sun.reflect.GeneratedMethodAccessor213.invoke(Unknown Source)
	at sun.reflect.DelegatingMethodAccessorImpl.invoke(DelegatingMethodAccessorImpl.java:43)
	at java.lang.reflect.Method.invoke(Method.java:498)
	at org.apache.ibatis.plugin.Plugin.invoke(Plugin.java:64)
	at com.sun.proxy.$Proxy148.flushStatements(Unknown Source)
	at org.apache.ibatis.session.defaults.DefaultSqlSession.flushStatements(DefaultSqlSession.java:249)
	at com.baomidou.mybatisplus.extension.toolkit.SqlHelper.lambda$executeBatch$0(SqlHelper.java:217)
	at com.baomidou.mybatisplus.extension.toolkit.SqlHelper.executeBatch(SqlHelper.java:179)
	... 51 common frames omitted
Caused by: com.mysql.cj.jdbc.exceptions.MysqlDataTruncation: Data truncation: Data too long for column 'profession_name' at row 43
	at com.mysql.cj.jdbc.exceptions.SQLExceptionsMapping.translateException(SQLExceptionsMapping.java:104)
	at com.mysql.cj.jdbc.ClientPreparedStatement.executeInternal(ClientPreparedStatement.java:953)
	at com.mysql.cj.jdbc.ClientPreparedStatement.executeUpdateInternal(ClientPreparedStatement.java:1092)
	at com.mysql.cj.jdbc.ClientPreparedStatement.executeUpdateInternal(ClientPreparedStatement.java:1040)
	at com.mysql.cj.jdbc.ClientPreparedStatement.executeLargeUpdate(ClientPreparedStatement.java:1347)
	at com.mysql.cj.jdbc.ClientPreparedStatement.executeBatchedInserts(ClientPreparedStatement.java:716)
	... 81 common frames omitted
2026-04-17 17:23:58.630 [[36mthreadPoolTaskExecutor-1[0;39m] [[1;31mERROR[0;39m] [[32mcom.mock.example.common.utils.ExcelUtil[0;39m]: 流式解析 Excel 行失败: rowIndex=38011
org.springframework.dao.DataIntegrityViolationException: com.mock.example.modules.entrance.mapper.CeProfessionMapper.insert (batch index #13) failed. 12 prior sub executor(s) completed successfully, but will be rolled back. Cause: java.sql.BatchUpdateException: Data truncation: Data too long for column 'profession_name' at row 18
; Data truncation: Data too long for column 'profession_name' at row 18; nested exception is java.sql.BatchUpdateException: Data truncation: Data too long for column 'profession_name' at row 18
	at org.springframework.jdbc.support.SQLStateSQLExceptionTranslator.doTranslate(SQLStateSQLExceptionTranslator.java:104)
	at org.springframework.jdbc.support.AbstractFallbackSQLExceptionTranslator.translate(AbstractFallbackSQLExceptionTranslator.java:72)
	at org.springframework.jdbc.support.AbstractFallbackSQLExceptionTranslator.translate(AbstractFallbackSQLExceptionTranslator.java:81)
	at org.springframework.jdbc.support.AbstractFallbackSQLExceptionTranslator.translate(AbstractFallbackSQLExceptionTranslator.java:81)
	at org.mybatis.spring.MyBatisExceptionTranslator.translateExceptionIfPossible(MyBatisExceptionTranslator.java:88)
	at com.baomidou.mybatisplus.extension.toolkit.SqlHelper.executeBatch(SqlHelper.java:189)
	at com.baomidou.mybatisplus.extension.toolkit.SqlHelper.executeBatch(SqlHelper.java:211)
	at com.baomidou.mybatisplus.extension.service.impl.ServiceImpl.executeBatch(ServiceImpl.java:234)
	at com.baomidou.mybatisplus.extension.service.impl.ServiceImpl.saveBatch(ServiceImpl.java:130)
	at com.baomidou.mybatisplus.extension.service.impl.ServiceImpl$$FastClassBySpringCGLIB$$76535273.invoke(<generated>)
	at org.springframework.cglib.proxy.MethodProxy.invoke(MethodProxy.java:218)
	at org.springframework.aop.framework.CglibAopProxy$CglibMethodInvocation.invokeJoinpoint(CglibAopProxy.java:771)
	at org.springframework.aop.framework.ReflectiveMethodInvocation.proceed(ReflectiveMethodInvocation.java:163)
	at org.springframework.aop.framework.CglibAopProxy$CglibMethodInvocation.proceed(CglibAopProxy.java:749)
	at org.springframework.dao.support.PersistenceExceptionTranslationInterceptor.invoke(PersistenceExceptionTranslationInterceptor.java:139)
	at org.springframework.aop.framework.ReflectiveMethodInvocation.proceed(ReflectiveMethodInvocation.java:186)
	at org.springframework.aop.framework.CglibAopProxy$CglibMethodInvocation.proceed(CglibAopProxy.java:749)
	at org.springframework.transaction.interceptor.TransactionAspectSupport.invokeWithinTransaction(TransactionAspectSupport.java:367)
	at org.springframework.transaction.interceptor.TransactionInterceptor.invoke(TransactionInterceptor.java:118)
	at org.springframework.aop.framework.ReflectiveMethodInvocation.proceed(ReflectiveMethodInvocation.java:186)
	at org.springframework.aop.framework.CglibAopProxy$CglibMethodInvocation.proceed(CglibAopProxy.java:749)
	at org.springframework.aop.framework.CglibAopProxy$DynamicAdvisedInterceptor.intercept(CglibAopProxy.java:691)
	at com.mock.example.modules.entrance.repository.impl.CeProfessionRepoImpl$$EnhancerBySpringCGLIB$$5517fd5b.saveBatch(<generated>)
	at com.mock.example.modules.entrance.service.CeCollegeService.processImportBatch(CeCollegeService.java:221)
	at com.mock.example.modules.entrance.service.CeCollegeService.lambda$importCollegeDataAsync$6(CeCollegeService.java:133)
	at com.mock.example.common.utils.ExcelUtil$1.handle(ExcelUtil.java:261)
	at cn.hutool.poi.excel.sax.Excel07SaxReader.endElement(Excel07SaxReader.java:259)
	at org.apache.xerces.parsers.AbstractSAXParser.endElement(Unknown Source)
	at org.apache.xerces.impl.XMLNSDocumentScannerImpl.scanEndElement(Unknown Source)
	at org.apache.xerces.impl.XMLDocumentFragmentScannerImpl$FragmentContentDispatcher.dispatch(Unknown Source)
	at org.apache.xerces.impl.XMLDocumentFragmentScannerImpl.scanDocument(Unknown Source)
	at org.apache.xerces.parsers.XML11Configuration.parse(Unknown Source)
	at org.apache.xerces.parsers.XML11Configuration.parse(Unknown Source)
	at org.apache.xerces.parsers.XMLParser.parse(Unknown Source)
	at org.apache.xerces.parsers.AbstractSAXParser.parse(Unknown Source)
	at cn.hutool.poi.excel.sax.Excel07SaxReader.parse(Excel07SaxReader.java:337)
	at cn.hutool.poi.excel.sax.Excel07SaxReader.read(Excel07SaxReader.java:152)
	at cn.hutool.poi.excel.sax.Excel07SaxReader.read(Excel07SaxReader.java:122)
	at cn.hutool.poi.excel.ExcelUtil.read07BySax(ExcelUtil.java:84)
	at cn.hutool.poi.excel.ExcelUtil.readBySax(ExcelUtil.java:67)
	at cn.hutool.poi.excel.ExcelUtil.readBySax(ExcelUtil.java:53)
	at com.mock.example.common.utils.ExcelUtil.importExcelStreaming(ExcelUtil.java:186)
	at com.mock.example.modules.entrance.service.CeCollegeService.importCollegeDataAsync(CeCollegeService.java:132)
	at com.mock.example.modules.entrance.service.CeCollegeService$$FastClassBySpringCGLIB$$f1f9cc0f.invoke(<generated>)
	at org.springframework.cglib.proxy.MethodProxy.invoke(MethodProxy.java:218)
	at org.springframework.aop.framework.CglibAopProxy$CglibMethodInvocation.invokeJoinpoint(CglibAopProxy.java:771)
	at org.springframework.aop.framework.ReflectiveMethodInvocation.proceed(ReflectiveMethodInvocation.java:163)
	at org.springframework.aop.framework.CglibAopProxy$CglibMethodInvocation.proceed(CglibAopProxy.java:749)
	at org.springframework.transaction.interceptor.TransactionAspectSupport.invokeWithinTransaction(TransactionAspectSupport.java:367)
	at org.springframework.transaction.interceptor.TransactionInterceptor.invoke(TransactionInterceptor.java:118)
	at org.springframework.aop.framework.ReflectiveMethodInvocation.proceed(ReflectiveMethodInvocation.java:186)
	at org.springframework.aop.framework.CglibAopProxy$CglibMethodInvocation.proceed(CglibAopProxy.java:749)
	at org.springframework.aop.interceptor.AsyncExecutionInterceptor.lambda$invoke$0(AsyncExecutionInterceptor.java:115)
	at java.util.concurrent.FutureTask.run(FutureTask.java:266)
	at java.util.concurrent.ThreadPoolExecutor.runWorker(ThreadPoolExecutor.java:1149)
	at java.util.concurrent.ThreadPoolExecutor$Worker.run(ThreadPoolExecutor.java:624)
	at java.lang.Thread.run(Thread.java:750)
Caused by: java.sql.BatchUpdateException: Data truncation: Data too long for column 'profession_name' at row 18
	at sun.reflect.NativeConstructorAccessorImpl.newInstance0(Native Method)
	at sun.reflect.NativeConstructorAccessorImpl.newInstance(NativeConstructorAccessorImpl.java:62)
	at sun.reflect.DelegatingConstructorAccessorImpl.newInstance(DelegatingConstructorAccessorImpl.java:45)
	at java.lang.reflect.Constructor.newInstance(Constructor.java:423)
	at com.mysql.cj.util.Util.handleNewInstance(Util.java:192)
	at com.mysql.cj.util.Util.getInstance(Util.java:167)
	at com.mysql.cj.util.Util.getInstance(Util.java:174)
	at com.mysql.cj.jdbc.exceptions.SQLError.createBatchUpdateException(SQLError.java:224)
	at com.mysql.cj.jdbc.ClientPreparedStatement.executeBatchedInserts(ClientPreparedStatement.java:755)
	at com.mysql.cj.jdbc.ClientPreparedStatement.executeBatchInternal(ClientPreparedStatement.java:426)
	at com.mysql.cj.jdbc.StatementImpl.executeBatch(StatementImpl.java:796)
	at com.alibaba.druid.filter.FilterChainImpl.statement_executeBatch(FilterChainImpl.java:3066)
	at com.alibaba.druid.filter.FilterAdapter.statement_executeBatch(FilterAdapter.java:2496)
	at com.alibaba.druid.filter.FilterEventAdapter.statement_executeBatch(FilterEventAdapter.java:279)
	at com.alibaba.druid.filter.FilterChainImpl.statement_executeBatch(FilterChainImpl.java:3064)
	at com.alibaba.druid.proxy.jdbc.StatementProxyImpl.executeBatch(StatementProxyImpl.java:202)
	at com.alibaba.druid.pool.DruidPooledPreparedStatement.executeBatch(DruidPooledPreparedStatement.java:566)
	at sun.reflect.GeneratedMethodAccessor212.invoke(Unknown Source)
	at sun.reflect.DelegatingMethodAccessorImpl.invoke(DelegatingMethodAccessorImpl.java:43)
	at java.lang.reflect.Method.invoke(Method.java:498)
	at org.apache.ibatis.logging.jdbc.PreparedStatementLogger.invoke(PreparedStatementLogger.java:78)
	at com.sun.proxy.$Proxy151.executeBatch(Unknown Source)
	at com.baomidou.mybatisplus.core.executor.MybatisBatchExecutor.doFlushStatements(MybatisBatchExecutor.java:135)
	at org.apache.ibatis.executor.BaseExecutor.flushStatements(BaseExecutor.java:129)
	at org.apache.ibatis.executor.BaseExecutor.flushStatements(BaseExecutor.java:122)
	at com.baomidou.mybatisplus.core.executor.MybatisCachingExecutor.flushStatements(MybatisCachingExecutor.java:218)
	at sun.reflect.GeneratedMethodAccessor213.invoke(Unknown Source)
	at sun.reflect.DelegatingMethodAccessorImpl.invoke(DelegatingMethodAccessorImpl.java:43)
	at java.lang.reflect.Method.invoke(Method.java:498)
	at org.apache.ibatis.plugin.Plugin.invoke(Plugin.java:64)
	at com.sun.proxy.$Proxy148.flushStatements(Unknown Source)
	at sun.reflect.GeneratedMethodAccessor213.invoke(Unknown Source)
	at sun.reflect.DelegatingMethodAccessorImpl.invoke(DelegatingMethodAccessorImpl.java:43)
	at java.lang.reflect.Method.invoke(Method.java:498)
	at org.apache.ibatis.plugin.Plugin.invoke(Plugin.java:64)
	at com.sun.proxy.$Proxy148.flushStatements(Unknown Source)
	at org.apache.ibatis.session.defaults.DefaultSqlSession.flushStatements(DefaultSqlSession.java:249)
	at com.baomidou.mybatisplus.extension.toolkit.SqlHelper.lambda$executeBatch$0(SqlHelper.java:217)
	at com.baomidou.mybatisplus.extension.toolkit.SqlHelper.executeBatch(SqlHelper.java:179)
	... 51 common frames omitted
Caused by: com.mysql.cj.jdbc.exceptions.MysqlDataTruncation: Data truncation: Data too long for column 'profession_name' at row 18
	at com.mysql.cj.jdbc.exceptions.SQLExceptionsMapping.translateException(SQLExceptionsMapping.java:104)
	at com.mysql.cj.jdbc.ClientPreparedStatement.executeInternal(ClientPreparedStatement.java:953)
	at com.mysql.cj.jdbc.ClientPreparedStatement.executeUpdateInternal(ClientPreparedStatement.java:1092)
	at com.mysql.cj.jdbc.ClientPreparedStatement.executeUpdateInternal(ClientPreparedStatement.java:1040)
	at com.mysql.cj.jdbc.ClientPreparedStatement.executeLargeUpdate(ClientPreparedStatement.java:1347)
	at com.mysql.cj.jdbc.ClientPreparedStatement.executeBatchedInserts(ClientPreparedStatement.java:716)
	... 81 common frames omitted
2026-04-17 17:24:00.297 [[36mthreadPoolTaskExecutor-1[0;39m] [[1;31mERROR[0;39m] [[32mcom.mock.example.common.utils.ExcelUtil[0;39m]: 流式解析 Excel 行失败: rowIndex=40012
org.springframework.dao.DataIntegrityViolationException: com.mock.example.modules.entrance.mapper.CeProfessionMapper.insert (batch index #23) failed. 22 prior sub executor(s) completed successfully, but will be rolled back. Cause: java.sql.BatchUpdateException: Data truncation: Data too long for column 'profession_name' at row 236
; Data truncation: Data too long for column 'profession_name' at row 236; nested exception is java.sql.BatchUpdateException: Data truncation: Data too long for column 'profession_name' at row 236
	at org.springframework.jdbc.support.SQLStateSQLExceptionTranslator.doTranslate(SQLStateSQLExceptionTranslator.java:104)
	at org.springframework.jdbc.support.AbstractFallbackSQLExceptionTranslator.translate(AbstractFallbackSQLExceptionTranslator.java:72)
	at org.springframework.jdbc.support.AbstractFallbackSQLExceptionTranslator.translate(AbstractFallbackSQLExceptionTranslator.java:81)
	at org.springframework.jdbc.support.AbstractFallbackSQLExceptionTranslator.translate(AbstractFallbackSQLExceptionTranslator.java:81)
	at org.mybatis.spring.MyBatisExceptionTranslator.translateExceptionIfPossible(MyBatisExceptionTranslator.java:88)
	at com.baomidou.mybatisplus.extension.toolkit.SqlHelper.executeBatch(SqlHelper.java:189)
	at com.baomidou.mybatisplus.extension.toolkit.SqlHelper.executeBatch(SqlHelper.java:211)
	at com.baomidou.mybatisplus.extension.service.impl.ServiceImpl.executeBatch(ServiceImpl.java:234)
	at com.baomidou.mybatisplus.extension.service.impl.ServiceImpl.saveBatch(ServiceImpl.java:130)
	at com.baomidou.mybatisplus.extension.service.impl.ServiceImpl$$FastClassBySpringCGLIB$$76535273.invoke(<generated>)
	at org.springframework.cglib.proxy.MethodProxy.invoke(MethodProxy.java:218)
	at org.springframework.aop.framework.CglibAopProxy$CglibMethodInvocation.invokeJoinpoint(CglibAopProxy.java:771)
	at org.springframework.aop.framework.ReflectiveMethodInvocation.proceed(ReflectiveMethodInvocation.java:163)
	at org.springframework.aop.framework.CglibAopProxy$CglibMethodInvocation.proceed(CglibAopProxy.java:749)
	at org.springframework.dao.support.PersistenceExceptionTranslationInterceptor.invoke(PersistenceExceptionTranslationInterceptor.java:139)
	at org.springframework.aop.framework.ReflectiveMethodInvocation.proceed(ReflectiveMethodInvocation.java:186)
	at org.springframework.aop.framework.CglibAopProxy$CglibMethodInvocation.proceed(CglibAopProxy.java:749)
	at org.springframework.transaction.interceptor.TransactionAspectSupport.invokeWithinTransaction(TransactionAspectSupport.java:367)
	at org.springframework.transaction.interceptor.TransactionInterceptor.invoke(TransactionInterceptor.java:118)
	at org.springframework.aop.framework.ReflectiveMethodInvocation.proceed(ReflectiveMethodInvocation.java:186)
	at org.springframework.aop.framework.CglibAopProxy$CglibMethodInvocation.proceed(CglibAopProxy.java:749)
	at org.springframework.aop.framework.CglibAopProxy$DynamicAdvisedInterceptor.intercept(CglibAopProxy.java:691)
	at com.mock.example.modules.entrance.repository.impl.CeProfessionRepoImpl$$EnhancerBySpringCGLIB$$5517fd5b.saveBatch(<generated>)
	at com.mock.example.modules.entrance.service.CeCollegeService.processImportBatch(CeCollegeService.java:221)
	at com.mock.example.modules.entrance.service.CeCollegeService.lambda$importCollegeDataAsync$6(CeCollegeService.java:133)
	at com.mock.example.common.utils.ExcelUtil$1.handle(ExcelUtil.java:261)
	at cn.hutool.poi.excel.sax.Excel07SaxReader.endElement(Excel07SaxReader.java:259)
	at org.apache.xerces.parsers.AbstractSAXParser.endElement(Unknown Source)
	at org.apache.xerces.impl.XMLNSDocumentScannerImpl.scanEndElement(Unknown Source)
	at org.apache.xerces.impl.XMLDocumentFragmentScannerImpl$FragmentContentDispatcher.dispatch(Unknown Source)
	at org.apache.xerces.impl.XMLDocumentFragmentScannerImpl.scanDocument(Unknown Source)
	at org.apache.xerces.parsers.XML11Configuration.parse(Unknown Source)
	at org.apache.xerces.parsers.XML11Configuration.parse(Unknown Source)
	at org.apache.xerces.parsers.XMLParser.parse(Unknown Source)
	at org.apache.xerces.parsers.AbstractSAXParser.parse(Unknown Source)
	at cn.hutool.poi.excel.sax.Excel07SaxReader.parse(Excel07SaxReader.java:337)
	at cn.hutool.poi.excel.sax.Excel07SaxReader.read(Excel07SaxReader.java:152)
	at cn.hutool.poi.excel.sax.Excel07SaxReader.read(Excel07SaxReader.java:122)
	at cn.hutool.poi.excel.ExcelUtil.read07BySax(ExcelUtil.java:84)
	at cn.hutool.poi.excel.ExcelUtil.readBySax(ExcelUtil.java:67)
	at cn.hutool.poi.excel.ExcelUtil.readBySax(ExcelUtil.java:53)
	at com.mock.example.common.utils.ExcelUtil.importExcelStreaming(ExcelUtil.java:186)
	at com.mock.example.modules.entrance.service.CeCollegeService.importCollegeDataAsync(CeCollegeService.java:132)
	at com.mock.example.modules.entrance.service.CeCollegeService$$FastClassBySpringCGLIB$$f1f9cc0f.invoke(<generated>)
	at org.springframework.cglib.proxy.MethodProxy.invoke(MethodProxy.java:218)
	at org.springframework.aop.framework.CglibAopProxy$CglibMethodInvocation.invokeJoinpoint(CglibAopProxy.java:771)
	at org.springframework.aop.framework.ReflectiveMethodInvocation.proceed(ReflectiveMethodInvocation.java:163)
	at org.springframework.aop.framework.CglibAopProxy$CglibMethodInvocation.proceed(CglibAopProxy.java:749)
	at org.springframework.transaction.interceptor.TransactionAspectSupport.invokeWithinTransaction(TransactionAspectSupport.java:367)
	at org.springframework.transaction.interceptor.TransactionInterceptor.invoke(TransactionInterceptor.java:118)
	at org.springframework.aop.framework.ReflectiveMethodInvocation.proceed(ReflectiveMethodInvocation.java:186)
	at org.springframework.aop.framework.CglibAopProxy$CglibMethodInvocation.proceed(CglibAopProxy.java:749)
	at org.springframework.aop.interceptor.AsyncExecutionInterceptor.lambda$invoke$0(AsyncExecutionInterceptor.java:115)
	at java.util.concurrent.FutureTask.run(FutureTask.java:266)
	at java.util.concurrent.ThreadPoolExecutor.runWorker(ThreadPoolExecutor.java:1149)
	at java.util.concurrent.ThreadPoolExecutor$Worker.run(ThreadPoolExecutor.java:624)
	at java.lang.Thread.run(Thread.java:750)
Caused by: java.sql.BatchUpdateException: Data truncation: Data too long for column 'profession_name' at row 236
	at sun.reflect.NativeConstructorAccessorImpl.newInstance0(Native Method)
	at sun.reflect.NativeConstructorAccessorImpl.newInstance(NativeConstructorAccessorImpl.java:62)
	at sun.reflect.DelegatingConstructorAccessorImpl.newInstance(DelegatingConstructorAccessorImpl.java:45)
	at java.lang.reflect.Constructor.newInstance(Constructor.java:423)
	at com.mysql.cj.util.Util.handleNewInstance(Util.java:192)
	at com.mysql.cj.util.Util.getInstance(Util.java:167)
	at com.mysql.cj.util.Util.getInstance(Util.java:174)
	at com.mysql.cj.jdbc.exceptions.SQLError.createBatchUpdateException(SQLError.java:224)
	at com.mysql.cj.jdbc.ClientPreparedStatement.executeBatchedInserts(ClientPreparedStatement.java:755)
	at com.mysql.cj.jdbc.ClientPreparedStatement.executeBatchInternal(ClientPreparedStatement.java:426)
	at com.mysql.cj.jdbc.StatementImpl.executeBatch(StatementImpl.java:796)
	at com.alibaba.druid.filter.FilterChainImpl.statement_executeBatch(FilterChainImpl.java:3066)
	at com.alibaba.druid.filter.FilterAdapter.statement_executeBatch(FilterAdapter.java:2496)
	at com.alibaba.druid.filter.FilterEventAdapter.statement_executeBatch(FilterEventAdapter.java:279)
	at com.alibaba.druid.filter.FilterChainImpl.statement_executeBatch(FilterChainImpl.java:3064)
	at com.alibaba.druid.proxy.jdbc.StatementProxyImpl.executeBatch(StatementProxyImpl.java:202)
	at com.alibaba.druid.pool.DruidPooledPreparedStatement.executeBatch(DruidPooledPreparedStatement.java:566)
	at sun.reflect.GeneratedMethodAccessor212.invoke(Unknown Source)
	at sun.reflect.DelegatingMethodAccessorImpl.invoke(DelegatingMethodAccessorImpl.java:43)
	at java.lang.reflect.Method.invoke(Method.java:498)
	at org.apache.ibatis.logging.jdbc.PreparedStatementLogger.invoke(PreparedStatementLogger.java:78)
	at com.sun.proxy.$Proxy151.executeBatch(Unknown Source)
	at com.baomidou.mybatisplus.core.executor.MybatisBatchExecutor.doFlushStatements(MybatisBatchExecutor.java:135)
	at org.apache.ibatis.executor.BaseExecutor.flushStatements(BaseExecutor.java:129)
	at org.apache.ibatis.executor.BaseExecutor.flushStatements(BaseExecutor.java:122)
	at com.baomidou.mybatisplus.core.executor.MybatisCachingExecutor.flushStatements(MybatisCachingExecutor.java:218)
	at sun.reflect.GeneratedMethodAccessor213.invoke(Unknown Source)
	at sun.reflect.DelegatingMethodAccessorImpl.invoke(DelegatingMethodAccessorImpl.java:43)
	at java.lang.reflect.Method.invoke(Method.java:498)
	at org.apache.ibatis.plugin.Plugin.invoke(Plugin.java:64)
	at com.sun.proxy.$Proxy148.flushStatements(Unknown Source)
	at sun.reflect.GeneratedMethodAccessor213.invoke(Unknown Source)
	at sun.reflect.DelegatingMethodAccessorImpl.invoke(DelegatingMethodAccessorImpl.java:43)
	at java.lang.reflect.Method.invoke(Method.java:498)
	at org.apache.ibatis.plugin.Plugin.invoke(Plugin.java:64)
	at com.sun.proxy.$Proxy148.flushStatements(Unknown Source)
	at org.apache.ibatis.session.defaults.DefaultSqlSession.flushStatements(DefaultSqlSession.java:249)
	at com.baomidou.mybatisplus.extension.toolkit.SqlHelper.lambda$executeBatch$0(SqlHelper.java:217)
	at com.baomidou.mybatisplus.extension.toolkit.SqlHelper.executeBatch(SqlHelper.java:179)
	... 51 common frames omitted
Caused by: com.mysql.cj.jdbc.exceptions.MysqlDataTruncation: Data truncation: Data too long for column 'profession_name' at row 236
	at com.mysql.cj.jdbc.exceptions.SQLExceptionsMapping.translateException(SQLExceptionsMapping.java:104)
	at com.mysql.cj.jdbc.ClientPreparedStatement.executeInternal(ClientPreparedStatement.java:953)
	at com.mysql.cj.jdbc.ClientPreparedStatement.executeUpdateInternal(ClientPreparedStatement.java:1092)
	at com.mysql.cj.jdbc.ClientPreparedStatement.executeUpdateInternal(ClientPreparedStatement.java:1040)
	at com.mysql.cj.jdbc.ClientPreparedStatement.executeLargeUpdate(ClientPreparedStatement.java:1347)
	at com.mysql.cj.jdbc.ClientPreparedStatement.executeBatchedInserts(ClientPreparedStatement.java:716)
	... 81 common frames omitted
2026-04-17 17:24:01.856 [[36mthreadPoolTaskExecutor-1[0;39m] [[1;31mERROR[0;39m] [[32mcom.mock.example.common.utils.ExcelUtil[0;39m]: 流式解析 Excel 行失败: rowIndex=42013
org.springframework.dao.DataIntegrityViolationException: com.mock.example.modules.entrance.mapper.CeProfessionMapper.insert (batch index #5) failed. 4 prior sub executor(s) completed successfully, but will be rolled back. Cause: java.sql.BatchUpdateException: Data truncation: Data too long for column 'profession_name' at row 137
; Data truncation: Data too long for column 'profession_name' at row 137; nested exception is java.sql.BatchUpdateException: Data truncation: Data too long for column 'profession_name' at row 137
	at org.springframework.jdbc.support.SQLStateSQLExceptionTranslator.doTranslate(SQLStateSQLExceptionTranslator.java:104)
	at org.springframework.jdbc.support.AbstractFallbackSQLExceptionTranslator.translate(AbstractFallbackSQLExceptionTranslator.java:72)
	at org.springframework.jdbc.support.AbstractFallbackSQLExceptionTranslator.translate(AbstractFallbackSQLExceptionTranslator.java:81)
	at org.springframework.jdbc.support.AbstractFallbackSQLExceptionTranslator.translate(AbstractFallbackSQLExceptionTranslator.java:81)
	at org.mybatis.spring.MyBatisExceptionTranslator.translateExceptionIfPossible(MyBatisExceptionTranslator.java:88)
	at com.baomidou.mybatisplus.extension.toolkit.SqlHelper.executeBatch(SqlHelper.java:189)
	at com.baomidou.mybatisplus.extension.toolkit.SqlHelper.executeBatch(SqlHelper.java:211)
	at com.baomidou.mybatisplus.extension.service.impl.ServiceImpl.executeBatch(ServiceImpl.java:234)
	at com.baomidou.mybatisplus.extension.service.impl.ServiceImpl.saveBatch(ServiceImpl.java:130)
	at com.baomidou.mybatisplus.extension.service.impl.ServiceImpl$$FastClassBySpringCGLIB$$76535273.invoke(<generated>)
	at org.springframework.cglib.proxy.MethodProxy.invoke(MethodProxy.java:218)
	at org.springframework.aop.framework.CglibAopProxy$CglibMethodInvocation.invokeJoinpoint(CglibAopProxy.java:771)
	at org.springframework.aop.framework.ReflectiveMethodInvocation.proceed(ReflectiveMethodInvocation.java:163)
	at org.springframework.aop.framework.CglibAopProxy$CglibMethodInvocation.proceed(CglibAopProxy.java:749)
	at org.springframework.dao.support.PersistenceExceptionTranslationInterceptor.invoke(PersistenceExceptionTranslationInterceptor.java:139)
	at org.springframework.aop.framework.ReflectiveMethodInvocation.proceed(ReflectiveMethodInvocation.java:186)
	at org.springframework.aop.framework.CglibAopProxy$CglibMethodInvocation.proceed(CglibAopProxy.java:749)
	at org.springframework.transaction.interceptor.TransactionAspectSupport.invokeWithinTransaction(TransactionAspectSupport.java:367)
	at org.springframework.transaction.interceptor.TransactionInterceptor.invoke(TransactionInterceptor.java:118)
	at org.springframework.aop.framework.ReflectiveMethodInvocation.proceed(ReflectiveMethodInvocation.java:186)
	at org.springframework.aop.framework.CglibAopProxy$CglibMethodInvocation.proceed(CglibAopProxy.java:749)
	at org.springframework.aop.framework.CglibAopProxy$DynamicAdvisedInterceptor.intercept(CglibAopProxy.java:691)
	at com.mock.example.modules.entrance.repository.impl.CeProfessionRepoImpl$$EnhancerBySpringCGLIB$$5517fd5b.saveBatch(<generated>)
	at com.mock.example.modules.entrance.service.CeCollegeService.processImportBatch(CeCollegeService.java:221)
	at com.mock.example.modules.entrance.service.CeCollegeService.lambda$importCollegeDataAsync$6(CeCollegeService.java:133)
	at com.mock.example.common.utils.ExcelUtil$1.handle(ExcelUtil.java:261)
	at cn.hutool.poi.excel.sax.Excel07SaxReader.endElement(Excel07SaxReader.java:259)
	at org.apache.xerces.parsers.AbstractSAXParser.endElement(Unknown Source)
	at org.apache.xerces.impl.XMLNSDocumentScannerImpl.scanEndElement(Unknown Source)
	at org.apache.xerces.impl.XMLDocumentFragmentScannerImpl$FragmentContentDispatcher.dispatch(Unknown Source)
	at org.apache.xerces.impl.XMLDocumentFragmentScannerImpl.scanDocument(Unknown Source)
	at org.apache.xerces.parsers.XML11Configuration.parse(Unknown Source)
	at org.apache.xerces.parsers.XML11Configuration.parse(Unknown Source)
	at org.apache.xerces.parsers.XMLParser.parse(Unknown Source)
	at org.apache.xerces.parsers.AbstractSAXParser.parse(Unknown Source)
	at cn.hutool.poi.excel.sax.Excel07SaxReader.parse(Excel07SaxReader.java:337)
	at cn.hutool.poi.excel.sax.Excel07SaxReader.read(Excel07SaxReader.java:152)
	at cn.hutool.poi.excel.sax.Excel07SaxReader.read(Excel07SaxReader.java:122)
	at cn.hutool.poi.excel.ExcelUtil.read07BySax(ExcelUtil.java:84)
	at cn.hutool.poi.excel.ExcelUtil.readBySax(ExcelUtil.java:67)
	at cn.hutool.poi.excel.ExcelUtil.readBySax(ExcelUtil.java:53)
	at com.mock.example.common.utils.ExcelUtil.importExcelStreaming(ExcelUtil.java:186)
	at com.mock.example.modules.entrance.service.CeCollegeService.importCollegeDataAsync(CeCollegeService.java:132)
	at com.mock.example.modules.entrance.service.CeCollegeService$$FastClassBySpringCGLIB$$f1f9cc0f.invoke(<generated>)
	at org.springframework.cglib.proxy.MethodProxy.invoke(MethodProxy.java:218)
	at org.springframework.aop.framework.CglibAopProxy$CglibMethodInvocation.invokeJoinpoint(CglibAopProxy.java:771)
	at org.springframework.aop.framework.ReflectiveMethodInvocation.proceed(ReflectiveMethodInvocation.java:163)
	at org.springframework.aop.framework.CglibAopProxy$CglibMethodInvocation.proceed(CglibAopProxy.java:749)
	at org.springframework.transaction.interceptor.TransactionAspectSupport.invokeWithinTransaction(TransactionAspectSupport.java:367)
	at org.springframework.transaction.interceptor.TransactionInterceptor.invoke(TransactionInterceptor.java:118)
	at org.springframework.aop.framework.ReflectiveMethodInvocation.proceed(ReflectiveMethodInvocation.java:186)
	at org.springframework.aop.framework.CglibAopProxy$CglibMethodInvocation.proceed(CglibAopProxy.java:749)
	at org.springframework.aop.interceptor.AsyncExecutionInterceptor.lambda$invoke$0(AsyncExecutionInterceptor.java:115)
	at java.util.concurrent.FutureTask.run(FutureTask.java:266)
	at java.util.concurrent.ThreadPoolExecutor.runWorker(ThreadPoolExecutor.java:1149)
	at java.util.concurrent.ThreadPoolExecutor$Worker.run(ThreadPoolExecutor.java:624)
	at java.lang.Thread.run(Thread.java:750)
Caused by: java.sql.BatchUpdateException: Data truncation: Data too long for column 'profession_name' at row 137
	at sun.reflect.NativeConstructorAccessorImpl.newInstance0(Native Method)
	at sun.reflect.NativeConstructorAccessorImpl.newInstance(NativeConstructorAccessorImpl.java:62)
	at sun.reflect.DelegatingConstructorAccessorImpl.newInstance(DelegatingConstructorAccessorImpl.java:45)
	at java.lang.reflect.Constructor.newInstance(Constructor.java:423)
	at com.mysql.cj.util.Util.handleNewInstance(Util.java:192)
	at com.mysql.cj.util.Util.getInstance(Util.java:167)
	at com.mysql.cj.util.Util.getInstance(Util.java:174)
	at com.mysql.cj.jdbc.exceptions.SQLError.createBatchUpdateException(SQLError.java:224)
	at com.mysql.cj.jdbc.ClientPreparedStatement.executeBatchedInserts(ClientPreparedStatement.java:755)
	at com.mysql.cj.jdbc.ClientPreparedStatement.executeBatchInternal(ClientPreparedStatement.java:426)
	at com.mysql.cj.jdbc.StatementImpl.executeBatch(StatementImpl.java:796)
	at com.alibaba.druid.filter.FilterChainImpl.statement_executeBatch(FilterChainImpl.java:3066)
	at com.alibaba.druid.filter.FilterAdapter.statement_executeBatch(FilterAdapter.java:2496)
	at com.alibaba.druid.filter.FilterEventAdapter.statement_executeBatch(FilterEventAdapter.java:279)
	at com.alibaba.druid.filter.FilterChainImpl.statement_executeBatch(FilterChainImpl.java:3064)
	at com.alibaba.druid.proxy.jdbc.StatementProxyImpl.executeBatch(StatementProxyImpl.java:202)
	at com.alibaba.druid.pool.DruidPooledPreparedStatement.executeBatch(DruidPooledPreparedStatement.java:566)
	at sun.reflect.GeneratedMethodAccessor212.invoke(Unknown Source)
	at sun.reflect.DelegatingMethodAccessorImpl.invoke(DelegatingMethodAccessorImpl.java:43)
	at java.lang.reflect.Method.invoke(Method.java:498)
	at org.apache.ibatis.logging.jdbc.PreparedStatementLogger.invoke(PreparedStatementLogger.java:78)
	at com.sun.proxy.$Proxy151.executeBatch(Unknown Source)
	at com.baomidou.mybatisplus.core.executor.MybatisBatchExecutor.doFlushStatements(MybatisBatchExecutor.java:135)
	at org.apache.ibatis.executor.BaseExecutor.flushStatements(BaseExecutor.java:129)
	at org.apache.ibatis.executor.BaseExecutor.flushStatements(BaseExecutor.java:122)
	at com.baomidou.mybatisplus.core.executor.MybatisCachingExecutor.flushStatements(MybatisCachingExecutor.java:218)
	at sun.reflect.GeneratedMethodAccessor213.invoke(Unknown Source)
	at sun.reflect.DelegatingMethodAccessorImpl.invoke(DelegatingMethodAccessorImpl.java:43)
	at java.lang.reflect.Method.invoke(Method.java:498)
	at org.apache.ibatis.plugin.Plugin.invoke(Plugin.java:64)
	at com.sun.proxy.$Proxy148.flushStatements(Unknown Source)
	at sun.reflect.GeneratedMethodAccessor213.invoke(Unknown Source)
	at sun.reflect.DelegatingMethodAccessorImpl.invoke(DelegatingMethodAccessorImpl.java:43)
	at java.lang.reflect.Method.invoke(Method.java:498)
	at org.apache.ibatis.plugin.Plugin.invoke(Plugin.java:64)
	at com.sun.proxy.$Proxy148.flushStatements(Unknown Source)
	at org.apache.ibatis.session.defaults.DefaultSqlSession.flushStatements(DefaultSqlSession.java:249)
	at com.baomidou.mybatisplus.extension.toolkit.SqlHelper.lambda$executeBatch$0(SqlHelper.java:217)
	at com.baomidou.mybatisplus.extension.toolkit.SqlHelper.executeBatch(SqlHelper.java:179)
	... 51 common frames omitted
Caused by: com.mysql.cj.jdbc.exceptions.MysqlDataTruncation: Data truncation: Data too long for column 'profession_name' at row 137
	at com.mysql.cj.jdbc.exceptions.SQLExceptionsMapping.translateException(SQLExceptionsMapping.java:104)
	at com.mysql.cj.jdbc.ClientPreparedStatement.executeInternal(ClientPreparedStatement.java:953)
	at com.mysql.cj.jdbc.ClientPreparedStatement.executeUpdateInternal(ClientPreparedStatement.java:1092)
	at com.mysql.cj.jdbc.ClientPreparedStatement.executeUpdateInternal(ClientPreparedStatement.java:1040)
	at com.mysql.cj.jdbc.ClientPreparedStatement.executeLargeUpdate(ClientPreparedStatement.java:1347)
	at com.mysql.cj.jdbc.ClientPreparedStatement.executeBatchedInserts(ClientPreparedStatement.java:716)
	... 81 common frames omitted
2026-04-17 17:24:03.214 [[36mthreadPoolTaskExecutor-1[0;39m] [[1;31mERROR[0;39m] [[32mcom.mock.example.common.utils.ExcelUtil[0;39m]: 流式解析 Excel 行失败: rowIndex=44014
org.springframework.dao.DataIntegrityViolationException: com.mock.example.modules.entrance.mapper.CeProfessionMapper.insert (batch index #9) failed. 8 prior sub executor(s) completed successfully, but will be rolled back. Cause: java.sql.BatchUpdateException: Data truncation: Data too long for column 'profession_name' at row 181
; Data truncation: Data too long for column 'profession_name' at row 181; nested exception is java.sql.BatchUpdateException: Data truncation: Data too long for column 'profession_name' at row 181
	at org.springframework.jdbc.support.SQLStateSQLExceptionTranslator.doTranslate(SQLStateSQLExceptionTranslator.java:104)
	at org.springframework.jdbc.support.AbstractFallbackSQLExceptionTranslator.translate(AbstractFallbackSQLExceptionTranslator.java:72)
	at org.springframework.jdbc.support.AbstractFallbackSQLExceptionTranslator.translate(AbstractFallbackSQLExceptionTranslator.java:81)
	at org.springframework.jdbc.support.AbstractFallbackSQLExceptionTranslator.translate(AbstractFallbackSQLExceptionTranslator.java:81)
	at org.mybatis.spring.MyBatisExceptionTranslator.translateExceptionIfPossible(MyBatisExceptionTranslator.java:88)
	at com.baomidou.mybatisplus.extension.toolkit.SqlHelper.executeBatch(SqlHelper.java:189)
	at com.baomidou.mybatisplus.extension.toolkit.SqlHelper.executeBatch(SqlHelper.java:211)
	at com.baomidou.mybatisplus.extension.service.impl.ServiceImpl.executeBatch(ServiceImpl.java:234)
	at com.baomidou.mybatisplus.extension.service.impl.ServiceImpl.saveBatch(ServiceImpl.java:130)
	at com.baomidou.mybatisplus.extension.service.impl.ServiceImpl$$FastClassBySpringCGLIB$$76535273.invoke(<generated>)
	at org.springframework.cglib.proxy.MethodProxy.invoke(MethodProxy.java:218)
	at org.springframework.aop.framework.CglibAopProxy$CglibMethodInvocation.invokeJoinpoint(CglibAopProxy.java:771)
	at org.springframework.aop.framework.ReflectiveMethodInvocation.proceed(ReflectiveMethodInvocation.java:163)
	at org.springframework.aop.framework.CglibAopProxy$CglibMethodInvocation.proceed(CglibAopProxy.java:749)
	at org.springframework.dao.support.PersistenceExceptionTranslationInterceptor.invoke(PersistenceExceptionTranslationInterceptor.java:139)
	at org.springframework.aop.framework.ReflectiveMethodInvocation.proceed(ReflectiveMethodInvocation.java:186)
	at org.springframework.aop.framework.CglibAopProxy$CglibMethodInvocation.proceed(CglibAopProxy.java:749)
	at org.springframework.transaction.interceptor.TransactionAspectSupport.invokeWithinTransaction(TransactionAspectSupport.java:367)
	at org.springframework.transaction.interceptor.TransactionInterceptor.invoke(TransactionInterceptor.java:118)
	at org.springframework.aop.framework.ReflectiveMethodInvocation.proceed(ReflectiveMethodInvocation.java:186)
	at org.springframework.aop.framework.CglibAopProxy$CglibMethodInvocation.proceed(CglibAopProxy.java:749)
	at org.springframework.aop.framework.CglibAopProxy$DynamicAdvisedInterceptor.intercept(CglibAopProxy.java:691)
	at com.mock.example.modules.entrance.repository.impl.CeProfessionRepoImpl$$EnhancerBySpringCGLIB$$5517fd5b.saveBatch(<generated>)
	at com.mock.example.modules.entrance.service.CeCollegeService.processImportBatch(CeCollegeService.java:221)
	at com.mock.example.modules.entrance.service.CeCollegeService.lambda$importCollegeDataAsync$6(CeCollegeService.java:133)
	at com.mock.example.common.utils.ExcelUtil$1.handle(ExcelUtil.java:261)
	at cn.hutool.poi.excel.sax.Excel07SaxReader.endElement(Excel07SaxReader.java:259)
	at org.apache.xerces.parsers.AbstractSAXParser.endElement(Unknown Source)
	at org.apache.xerces.impl.XMLNSDocumentScannerImpl.scanEndElement(Unknown Source)
	at org.apache.xerces.impl.XMLDocumentFragmentScannerImpl$FragmentContentDispatcher.dispatch(Unknown Source)
	at org.apache.xerces.impl.XMLDocumentFragmentScannerImpl.scanDocument(Unknown Source)
	at org.apache.xerces.parsers.XML11Configuration.parse(Unknown Source)
	at org.apache.xerces.parsers.XML11Configuration.parse(Unknown Source)
	at org.apache.xerces.parsers.XMLParser.parse(Unknown Source)
	at org.apache.xerces.parsers.AbstractSAXParser.parse(Unknown Source)
	at cn.hutool.poi.excel.sax.Excel07SaxReader.parse(Excel07SaxReader.java:337)
	at cn.hutool.poi.excel.sax.Excel07SaxReader.read(Excel07SaxReader.java:152)
	at cn.hutool.poi.excel.sax.Excel07SaxReader.read(Excel07SaxReader.java:122)
	at cn.hutool.poi.excel.ExcelUtil.read07BySax(ExcelUtil.java:84)
	at cn.hutool.poi.excel.ExcelUtil.readBySax(ExcelUtil.java:67)
	at cn.hutool.poi.excel.ExcelUtil.readBySax(ExcelUtil.java:53)
	at com.mock.example.common.utils.ExcelUtil.importExcelStreaming(ExcelUtil.java:186)
	at com.mock.example.modules.entrance.service.CeCollegeService.importCollegeDataAsync(CeCollegeService.java:132)
	at com.mock.example.modules.entrance.service.CeCollegeService$$FastClassBySpringCGLIB$$f1f9cc0f.invoke(<generated>)
	at org.springframework.cglib.proxy.MethodProxy.invoke(MethodProxy.java:218)
	at org.springframework.aop.framework.CglibAopProxy$CglibMethodInvocation.invokeJoinpoint(CglibAopProxy.java:771)
	at org.springframework.aop.framework.ReflectiveMethodInvocation.proceed(ReflectiveMethodInvocation.java:163)
	at org.springframework.aop.framework.CglibAopProxy$CglibMethodInvocation.proceed(CglibAopProxy.java:749)
	at org.springframework.transaction.interceptor.TransactionAspectSupport.invokeWithinTransaction(TransactionAspectSupport.java:367)
	at org.springframework.transaction.interceptor.TransactionInterceptor.invoke(TransactionInterceptor.java:118)
	at org.springframework.aop.framework.ReflectiveMethodInvocation.proceed(ReflectiveMethodInvocation.java:186)
	at org.springframework.aop.framework.CglibAopProxy$CglibMethodInvocation.proceed(CglibAopProxy.java:749)
	at org.springframework.aop.interceptor.AsyncExecutionInterceptor.lambda$invoke$0(AsyncExecutionInterceptor.java:115)
	at java.util.concurrent.FutureTask.run(FutureTask.java:266)
	at java.util.concurrent.ThreadPoolExecutor.runWorker(ThreadPoolExecutor.java:1149)
	at java.util.concurrent.ThreadPoolExecutor$Worker.run(ThreadPoolExecutor.java:624)
	at java.lang.Thread.run(Thread.java:750)
Caused by: java.sql.BatchUpdateException: Data truncation: Data too long for column 'profession_name' at row 181
	at sun.reflect.NativeConstructorAccessorImpl.newInstance0(Native Method)
	at sun.reflect.NativeConstructorAccessorImpl.newInstance(NativeConstructorAccessorImpl.java:62)
	at sun.reflect.DelegatingConstructorAccessorImpl.newInstance(DelegatingConstructorAccessorImpl.java:45)
	at java.lang.reflect.Constructor.newInstance(Constructor.java:423)
	at com.mysql.cj.util.Util.handleNewInstance(Util.java:192)
	at com.mysql.cj.util.Util.getInstance(Util.java:167)
	at com.mysql.cj.util.Util.getInstance(Util.java:174)
	at com.mysql.cj.jdbc.exceptions.SQLError.createBatchUpdateException(SQLError.java:224)
	at com.mysql.cj.jdbc.ClientPreparedStatement.executeBatchedInserts(ClientPreparedStatement.java:755)
	at com.mysql.cj.jdbc.ClientPreparedStatement.executeBatchInternal(ClientPreparedStatement.java:426)
	at com.mysql.cj.jdbc.StatementImpl.executeBatch(StatementImpl.java:796)
	at com.alibaba.druid.filter.FilterChainImpl.statement_executeBatch(FilterChainImpl.java:3066)
	at com.alibaba.druid.filter.FilterAdapter.statement_executeBatch(FilterAdapter.java:2496)
	at com.alibaba.druid.filter.FilterEventAdapter.statement_executeBatch(FilterEventAdapter.java:279)
	at com.alibaba.druid.filter.FilterChainImpl.statement_executeBatch(FilterChainImpl.java:3064)
	at com.alibaba.druid.proxy.jdbc.StatementProxyImpl.executeBatch(StatementProxyImpl.java:202)
	at com.alibaba.druid.pool.DruidPooledPreparedStatement.executeBatch(DruidPooledPreparedStatement.java:566)
	at sun.reflect.GeneratedMethodAccessor212.invoke(Unknown Source)
	at sun.reflect.DelegatingMethodAccessorImpl.invoke(DelegatingMethodAccessorImpl.java:43)
	at java.lang.reflect.Method.invoke(Method.java:498)
	at org.apache.ibatis.logging.jdbc.PreparedStatementLogger.invoke(PreparedStatementLogger.java:78)
	at com.sun.proxy.$Proxy151.executeBatch(Unknown Source)
	at com.baomidou.mybatisplus.core.executor.MybatisBatchExecutor.doFlushStatements(MybatisBatchExecutor.java:135)
	at org.apache.ibatis.executor.BaseExecutor.flushStatements(BaseExecutor.java:129)
	at org.apache.ibatis.executor.BaseExecutor.flushStatements(BaseExecutor.java:122)
	at com.baomidou.mybatisplus.core.executor.MybatisCachingExecutor.flushStatements(MybatisCachingExecutor.java:218)
	at sun.reflect.GeneratedMethodAccessor213.invoke(Unknown Source)
	at sun.reflect.DelegatingMethodAccessorImpl.invoke(DelegatingMethodAccessorImpl.java:43)
	at java.lang.reflect.Method.invoke(Method.java:498)
	at org.apache.ibatis.plugin.Plugin.invoke(Plugin.java:64)
	at com.sun.proxy.$Proxy148.flushStatements(Unknown Source)
	at sun.reflect.GeneratedMethodAccessor213.invoke(Unknown Source)
	at sun.reflect.DelegatingMethodAccessorImpl.invoke(DelegatingMethodAccessorImpl.java:43)
	at java.lang.reflect.Method.invoke(Method.java:498)
	at org.apache.ibatis.plugin.Plugin.invoke(Plugin.java:64)
	at com.sun.proxy.$Proxy148.flushStatements(Unknown Source)
	at org.apache.ibatis.session.defaults.DefaultSqlSession.flushStatements(DefaultSqlSession.java:249)
	at com.baomidou.mybatisplus.extension.toolkit.SqlHelper.lambda$executeBatch$0(SqlHelper.java:217)
	at com.baomidou.mybatisplus.extension.toolkit.SqlHelper.executeBatch(SqlHelper.java:179)
	... 51 common frames omitted
Caused by: com.mysql.cj.jdbc.exceptions.MysqlDataTruncation: Data truncation: Data too long for column 'profession_name' at row 181
	at com.mysql.cj.jdbc.exceptions.SQLExceptionsMapping.translateException(SQLExceptionsMapping.java:104)
	at com.mysql.cj.jdbc.ClientPreparedStatement.executeInternal(ClientPreparedStatement.java:953)
	at com.mysql.cj.jdbc.ClientPreparedStatement.executeUpdateInternal(ClientPreparedStatement.java:1092)
	at com.mysql.cj.jdbc.ClientPreparedStatement.executeUpdateInternal(ClientPreparedStatement.java:1040)
	at com.mysql.cj.jdbc.ClientPreparedStatement.executeLargeUpdate(ClientPreparedStatement.java:1347)
	at com.mysql.cj.jdbc.ClientPreparedStatement.executeBatchedInserts(ClientPreparedStatement.java:716)
	... 81 common frames omitted
2026-04-17 17:24:04.685 [[36mthreadPoolTaskExecutor-1[0;39m] [[1;31mERROR[0;39m] [[32mcom.mock.example.common.utils.ExcelUtil[0;39m]: 流式解析 Excel 行失败: rowIndex=46015
org.springframework.dao.DataIntegrityViolationException: com.mock.example.modules.entrance.mapper.CeProfessionMapper.insert (batch index #35) failed. 34 prior sub executor(s) completed successfully, but will be rolled back. Cause: java.sql.BatchUpdateException: Data truncation: Data too long for column 'profession_name' at row 303
; Data truncation: Data too long for column 'profession_name' at row 303; nested exception is java.sql.BatchUpdateException: Data truncation: Data too long for column 'profession_name' at row 303
	at org.springframework.jdbc.support.SQLStateSQLExceptionTranslator.doTranslate(SQLStateSQLExceptionTranslator.java:104)
	at org.springframework.jdbc.support.AbstractFallbackSQLExceptionTranslator.translate(AbstractFallbackSQLExceptionTranslator.java:72)
	at org.springframework.jdbc.support.AbstractFallbackSQLExceptionTranslator.translate(AbstractFallbackSQLExceptionTranslator.java:81)
	at org.springframework.jdbc.support.AbstractFallbackSQLExceptionTranslator.translate(AbstractFallbackSQLExceptionTranslator.java:81)
	at org.mybatis.spring.MyBatisExceptionTranslator.translateExceptionIfPossible(MyBatisExceptionTranslator.java:88)
	at com.baomidou.mybatisplus.extension.toolkit.SqlHelper.executeBatch(SqlHelper.java:189)
	at com.baomidou.mybatisplus.extension.toolkit.SqlHelper.executeBatch(SqlHelper.java:211)
	at com.baomidou.mybatisplus.extension.service.impl.ServiceImpl.executeBatch(ServiceImpl.java:234)
	at com.baomidou.mybatisplus.extension.service.impl.ServiceImpl.saveBatch(ServiceImpl.java:130)
	at com.baomidou.mybatisplus.extension.service.impl.ServiceImpl$$FastClassBySpringCGLIB$$76535273.invoke(<generated>)
	at org.springframework.cglib.proxy.MethodProxy.invoke(MethodProxy.java:218)
	at org.springframework.aop.framework.CglibAopProxy$CglibMethodInvocation.invokeJoinpoint(CglibAopProxy.java:771)
	at org.springframework.aop.framework.ReflectiveMethodInvocation.proceed(ReflectiveMethodInvocation.java:163)
	at org.springframework.aop.framework.CglibAopProxy$CglibMethodInvocation.proceed(CglibAopProxy.java:749)
	at org.springframework.dao.support.PersistenceExceptionTranslationInterceptor.invoke(PersistenceExceptionTranslationInterceptor.java:139)
	at org.springframework.aop.framework.ReflectiveMethodInvocation.proceed(ReflectiveMethodInvocation.java:186)
	at org.springframework.aop.framework.CglibAopProxy$CglibMethodInvocation.proceed(CglibAopProxy.java:749)
	at org.springframework.transaction.interceptor.TransactionAspectSupport.invokeWithinTransaction(TransactionAspectSupport.java:367)
	at org.springframework.transaction.interceptor.TransactionInterceptor.invoke(TransactionInterceptor.java:118)
	at org.springframework.aop.framework.ReflectiveMethodInvocation.proceed(ReflectiveMethodInvocation.java:186)
	at org.springframework.aop.framework.CglibAopProxy$CglibMethodInvocation.proceed(CglibAopProxy.java:749)
	at org.springframework.aop.framework.CglibAopProxy$DynamicAdvisedInterceptor.intercept(CglibAopProxy.java:691)
	at com.mock.example.modules.entrance.repository.impl.CeProfessionRepoImpl$$EnhancerBySpringCGLIB$$5517fd5b.saveBatch(<generated>)
	at com.mock.example.modules.entrance.service.CeCollegeService.processImportBatch(CeCollegeService.java:221)
	at com.mock.example.modules.entrance.service.CeCollegeService.lambda$importCollegeDataAsync$6(CeCollegeService.java:133)
	at com.mock.example.common.utils.ExcelUtil$1.handle(ExcelUtil.java:261)
	at cn.hutool.poi.excel.sax.Excel07SaxReader.endElement(Excel07SaxReader.java:259)
	at org.apache.xerces.parsers.AbstractSAXParser.endElement(Unknown Source)
	at org.apache.xerces.impl.XMLNSDocumentScannerImpl.scanEndElement(Unknown Source)
	at org.apache.xerces.impl.XMLDocumentFragmentScannerImpl$FragmentContentDispatcher.dispatch(Unknown Source)
	at org.apache.xerces.impl.XMLDocumentFragmentScannerImpl.scanDocument(Unknown Source)
	at org.apache.xerces.parsers.XML11Configuration.parse(Unknown Source)
	at org.apache.xerces.parsers.XML11Configuration.parse(Unknown Source)
	at org.apache.xerces.parsers.XMLParser.parse(Unknown Source)
	at org.apache.xerces.parsers.AbstractSAXParser.parse(Unknown Source)
	at cn.hutool.poi.excel.sax.Excel07SaxReader.parse(Excel07SaxReader.java:337)
	at cn.hutool.poi.excel.sax.Excel07SaxReader.read(Excel07SaxReader.java:152)
	at cn.hutool.poi.excel.sax.Excel07SaxReader.read(Excel07SaxReader.java:122)
	at cn.hutool.poi.excel.ExcelUtil.read07BySax(ExcelUtil.java:84)
	at cn.hutool.poi.excel.ExcelUtil.readBySax(ExcelUtil.java:67)
	at cn.hutool.poi.excel.ExcelUtil.readBySax(ExcelUtil.java:53)
	at com.mock.example.common.utils.ExcelUtil.importExcelStreaming(ExcelUtil.java:186)
	at com.mock.example.modules.entrance.service.CeCollegeService.importCollegeDataAsync(CeCollegeService.java:132)
	at com.mock.example.modules.entrance.service.CeCollegeService$$FastClassBySpringCGLIB$$f1f9cc0f.invoke(<generated>)
	at org.springframework.cglib.proxy.MethodProxy.invoke(MethodProxy.java:218)
	at org.springframework.aop.framework.CglibAopProxy$CglibMethodInvocation.invokeJoinpoint(CglibAopProxy.java:771)
	at org.springframework.aop.framework.ReflectiveMethodInvocation.proceed(ReflectiveMethodInvocation.java:163)
	at org.springframework.aop.framework.CglibAopProxy$CglibMethodInvocation.proceed(CglibAopProxy.java:749)
	at org.springframework.transaction.interceptor.TransactionAspectSupport.invokeWithinTransaction(TransactionAspectSupport.java:367)
	at org.springframework.transaction.interceptor.TransactionInterceptor.invoke(TransactionInterceptor.java:118)
	at org.springframework.aop.framework.ReflectiveMethodInvocation.proceed(ReflectiveMethodInvocation.java:186)
	at org.springframework.aop.framework.CglibAopProxy$CglibMethodInvocation.proceed(CglibAopProxy.java:749)
	at org.springframework.aop.interceptor.AsyncExecutionInterceptor.lambda$invoke$0(AsyncExecutionInterceptor.java:115)
	at java.util.concurrent.FutureTask.run(FutureTask.java:266)
	at java.util.concurrent.ThreadPoolExecutor.runWorker(ThreadPoolExecutor.java:1149)
	at java.util.concurrent.ThreadPoolExecutor$Worker.run(ThreadPoolExecutor.java:624)
	at java.lang.Thread.run(Thread.java:750)
Caused by: java.sql.BatchUpdateException: Data truncation: Data too long for column 'profession_name' at row 303
	at sun.reflect.NativeConstructorAccessorImpl.newInstance0(Native Method)
	at sun.reflect.NativeConstructorAccessorImpl.newInstance(NativeConstructorAccessorImpl.java:62)
	at sun.reflect.DelegatingConstructorAccessorImpl.newInstance(DelegatingConstructorAccessorImpl.java:45)
	at java.lang.reflect.Constructor.newInstance(Constructor.java:423)
	at com.mysql.cj.util.Util.handleNewInstance(Util.java:192)
	at com.mysql.cj.util.Util.getInstance(Util.java:167)
	at com.mysql.cj.util.Util.getInstance(Util.java:174)
	at com.mysql.cj.jdbc.exceptions.SQLError.createBatchUpdateException(SQLError.java:224)
	at com.mysql.cj.jdbc.ClientPreparedStatement.executeBatchedInserts(ClientPreparedStatement.java:755)
	at com.mysql.cj.jdbc.ClientPreparedStatement.executeBatchInternal(ClientPreparedStatement.java:426)
	at com.mysql.cj.jdbc.StatementImpl.executeBatch(StatementImpl.java:796)
	at com.alibaba.druid.filter.FilterChainImpl.statement_executeBatch(FilterChainImpl.java:3066)
	at com.alibaba.druid.filter.FilterAdapter.statement_executeBatch(FilterAdapter.java:2496)
	at com.alibaba.druid.filter.FilterEventAdapter.statement_executeBatch(FilterEventAdapter.java:279)
	at com.alibaba.druid.filter.FilterChainImpl.statement_executeBatch(FilterChainImpl.java:3064)
	at com.alibaba.druid.proxy.jdbc.StatementProxyImpl.executeBatch(StatementProxyImpl.java:202)
	at com.alibaba.druid.pool.DruidPooledPreparedStatement.executeBatch(DruidPooledPreparedStatement.java:566)
	at sun.reflect.GeneratedMethodAccessor212.invoke(Unknown Source)
	at sun.reflect.DelegatingMethodAccessorImpl.invoke(DelegatingMethodAccessorImpl.java:43)
	at java.lang.reflect.Method.invoke(Method.java:498)
	at org.apache.ibatis.logging.jdbc.PreparedStatementLogger.invoke(PreparedStatementLogger.java:78)
	at com.sun.proxy.$Proxy151.executeBatch(Unknown Source)
	at com.baomidou.mybatisplus.core.executor.MybatisBatchExecutor.doFlushStatements(MybatisBatchExecutor.java:135)
	at org.apache.ibatis.executor.BaseExecutor.flushStatements(BaseExecutor.java:129)
	at org.apache.ibatis.executor.BaseExecutor.flushStatements(BaseExecutor.java:122)
	at com.baomidou.mybatisplus.core.executor.MybatisCachingExecutor.flushStatements(MybatisCachingExecutor.java:218)
	at sun.reflect.GeneratedMethodAccessor213.invoke(Unknown Source)
	at sun.reflect.DelegatingMethodAccessorImpl.invoke(DelegatingMethodAccessorImpl.java:43)
	at java.lang.reflect.Method.invoke(Method.java:498)
	at org.apache.ibatis.plugin.Plugin.invoke(Plugin.java:64)
	at com.sun.proxy.$Proxy148.flushStatements(Unknown Source)
	at sun.reflect.GeneratedMethodAccessor213.invoke(Unknown Source)
	at sun.reflect.DelegatingMethodAccessorImpl.invoke(DelegatingMethodAccessorImpl.java:43)
	at java.lang.reflect.Method.invoke(Method.java:498)
	at org.apache.ibatis.plugin.Plugin.invoke(Plugin.java:64)
	at com.sun.proxy.$Proxy148.flushStatements(Unknown Source)
	at org.apache.ibatis.session.defaults.DefaultSqlSession.flushStatements(DefaultSqlSession.java:249)
	at com.baomidou.mybatisplus.extension.toolkit.SqlHelper.lambda$executeBatch$0(SqlHelper.java:217)
	at com.baomidou.mybatisplus.extension.toolkit.SqlHelper.executeBatch(SqlHelper.java:179)
	... 51 common frames omitted
Caused by: com.mysql.cj.jdbc.exceptions.MysqlDataTruncation: Data truncation: Data too long for column 'profession_name' at row 303
	at com.mysql.cj.jdbc.exceptions.SQLExceptionsMapping.translateException(SQLExceptionsMapping.java:104)
	at com.mysql.cj.jdbc.ClientPreparedStatement.executeInternal(ClientPreparedStatement.java:953)
	at com.mysql.cj.jdbc.ClientPreparedStatement.executeUpdateInternal(ClientPreparedStatement.java:1092)
	at com.mysql.cj.jdbc.ClientPreparedStatement.executeUpdateInternal(ClientPreparedStatement.java:1040)
	at com.mysql.cj.jdbc.ClientPreparedStatement.executeLargeUpdate(ClientPreparedStatement.java:1347)
	at com.mysql.cj.jdbc.ClientPreparedStatement.executeBatchedInserts(ClientPreparedStatement.java:716)
	... 81 common frames omitted
2026-04-17 17:24:06.141 [[36mthreadPoolTaskExecutor-1[0;39m] [[1;31mERROR[0;39m] [[32mcom.mock.example.common.utils.ExcelUtil[0;39m]: 流式解析 Excel 行失败: rowIndex=48016
org.springframework.dao.DataIntegrityViolationException: com.mock.example.modules.entrance.mapper.CeProfessionMapper.insert (batch index #15) failed. 14 prior sub executor(s) completed successfully, but will be rolled back. Cause: java.sql.BatchUpdateException: Data truncation: Data too long for column 'profession_name' at row 457
; Data truncation: Data too long for column 'profession_name' at row 457; nested exception is java.sql.BatchUpdateException: Data truncation: Data too long for column 'profession_name' at row 457
	at org.springframework.jdbc.support.SQLStateSQLExceptionTranslator.doTranslate(SQLStateSQLExceptionTranslator.java:104)
	at org.springframework.jdbc.support.AbstractFallbackSQLExceptionTranslator.translate(AbstractFallbackSQLExceptionTranslator.java:72)
	at org.springframework.jdbc.support.AbstractFallbackSQLExceptionTranslator.translate(AbstractFallbackSQLExceptionTranslator.java:81)
	at org.springframework.jdbc.support.AbstractFallbackSQLExceptionTranslator.translate(AbstractFallbackSQLExceptionTranslator.java:81)
	at org.mybatis.spring.MyBatisExceptionTranslator.translateExceptionIfPossible(MyBatisExceptionTranslator.java:88)
	at com.baomidou.mybatisplus.extension.toolkit.SqlHelper.executeBatch(SqlHelper.java:189)
	at com.baomidou.mybatisplus.extension.toolkit.SqlHelper.executeBatch(SqlHelper.java:211)
	at com.baomidou.mybatisplus.extension.service.impl.ServiceImpl.executeBatch(ServiceImpl.java:234)
	at com.baomidou.mybatisplus.extension.service.impl.ServiceImpl.saveBatch(ServiceImpl.java:130)
	at com.baomidou.mybatisplus.extension.service.impl.ServiceImpl$$FastClassBySpringCGLIB$$76535273.invoke(<generated>)
	at org.springframework.cglib.proxy.MethodProxy.invoke(MethodProxy.java:218)
	at org.springframework.aop.framework.CglibAopProxy$CglibMethodInvocation.invokeJoinpoint(CglibAopProxy.java:771)
	at org.springframework.aop.framework.ReflectiveMethodInvocation.proceed(ReflectiveMethodInvocation.java:163)
	at org.springframework.aop.framework.CglibAopProxy$CglibMethodInvocation.proceed(CglibAopProxy.java:749)
	at org.springframework.dao.support.PersistenceExceptionTranslationInterceptor.invoke(PersistenceExceptionTranslationInterceptor.java:139)
	at org.springframework.aop.framework.ReflectiveMethodInvocation.proceed(ReflectiveMethodInvocation.java:186)
	at org.springframework.aop.framework.CglibAopProxy$CglibMethodInvocation.proceed(CglibAopProxy.java:749)
	at org.springframework.transaction.interceptor.TransactionAspectSupport.invokeWithinTransaction(TransactionAspectSupport.java:367)
	at org.springframework.transaction.interceptor.TransactionInterceptor.invoke(TransactionInterceptor.java:118)
	at org.springframework.aop.framework.ReflectiveMethodInvocation.proceed(ReflectiveMethodInvocation.java:186)
	at org.springframework.aop.framework.CglibAopProxy$CglibMethodInvocation.proceed(CglibAopProxy.java:749)
	at org.springframework.aop.framework.CglibAopProxy$DynamicAdvisedInterceptor.intercept(CglibAopProxy.java:691)
	at com.mock.example.modules.entrance.repository.impl.CeProfessionRepoImpl$$EnhancerBySpringCGLIB$$5517fd5b.saveBatch(<generated>)
	at com.mock.example.modules.entrance.service.CeCollegeService.processImportBatch(CeCollegeService.java:221)
	at com.mock.example.modules.entrance.service.CeCollegeService.lambda$importCollegeDataAsync$6(CeCollegeService.java:133)
	at com.mock.example.common.utils.ExcelUtil$1.handle(ExcelUtil.java:261)
	at cn.hutool.poi.excel.sax.Excel07SaxReader.endElement(Excel07SaxReader.java:259)
	at org.apache.xerces.parsers.AbstractSAXParser.endElement(Unknown Source)
	at org.apache.xerces.impl.XMLNSDocumentScannerImpl.scanEndElement(Unknown Source)
	at org.apache.xerces.impl.XMLDocumentFragmentScannerImpl$FragmentContentDispatcher.dispatch(Unknown Source)
	at org.apache.xerces.impl.XMLDocumentFragmentScannerImpl.scanDocument(Unknown Source)
	at org.apache.xerces.parsers.XML11Configuration.parse(Unknown Source)
	at org.apache.xerces.parsers.XML11Configuration.parse(Unknown Source)
	at org.apache.xerces.parsers.XMLParser.parse(Unknown Source)
	at org.apache.xerces.parsers.AbstractSAXParser.parse(Unknown Source)
	at cn.hutool.poi.excel.sax.Excel07SaxReader.parse(Excel07SaxReader.java:337)
	at cn.hutool.poi.excel.sax.Excel07SaxReader.read(Excel07SaxReader.java:152)
	at cn.hutool.poi.excel.sax.Excel07SaxReader.read(Excel07SaxReader.java:122)
	at cn.hutool.poi.excel.ExcelUtil.read07BySax(ExcelUtil.java:84)
	at cn.hutool.poi.excel.ExcelUtil.readBySax(ExcelUtil.java:67)
	at cn.hutool.poi.excel.ExcelUtil.readBySax(ExcelUtil.java:53)
	at com.mock.example.common.utils.ExcelUtil.importExcelStreaming(ExcelUtil.java:186)
	at com.mock.example.modules.entrance.service.CeCollegeService.importCollegeDataAsync(CeCollegeService.java:132)
	at com.mock.example.modules.entrance.service.CeCollegeService$$FastClassBySpringCGLIB$$f1f9cc0f.invoke(<generated>)
	at org.springframework.cglib.proxy.MethodProxy.invoke(MethodProxy.java:218)
	at org.springframework.aop.framework.CglibAopProxy$CglibMethodInvocation.invokeJoinpoint(CglibAopProxy.java:771)
	at org.springframework.aop.framework.ReflectiveMethodInvocation.proceed(ReflectiveMethodInvocation.java:163)
	at org.springframework.aop.framework.CglibAopProxy$CglibMethodInvocation.proceed(CglibAopProxy.java:749)
	at org.springframework.transaction.interceptor.TransactionAspectSupport.invokeWithinTransaction(TransactionAspectSupport.java:367)
	at org.springframework.transaction.interceptor.TransactionInterceptor.invoke(TransactionInterceptor.java:118)
	at org.springframework.aop.framework.ReflectiveMethodInvocation.proceed(ReflectiveMethodInvocation.java:186)
	at org.springframework.aop.framework.CglibAopProxy$CglibMethodInvocation.proceed(CglibAopProxy.java:749)
	at org.springframework.aop.interceptor.AsyncExecutionInterceptor.lambda$invoke$0(AsyncExecutionInterceptor.java:115)
	at java.util.concurrent.FutureTask.run(FutureTask.java:266)
	at java.util.concurrent.ThreadPoolExecutor.runWorker(ThreadPoolExecutor.java:1149)
	at java.util.concurrent.ThreadPoolExecutor$Worker.run(ThreadPoolExecutor.java:624)
	at java.lang.Thread.run(Thread.java:750)
Caused by: java.sql.BatchUpdateException: Data truncation: Data too long for column 'profession_name' at row 457
	at sun.reflect.GeneratedConstructorAccessor89.newInstance(Unknown Source)
	at sun.reflect.DelegatingConstructorAccessorImpl.newInstance(DelegatingConstructorAccessorImpl.java:45)
	at java.lang.reflect.Constructor.newInstance(Constructor.java:423)
	at com.mysql.cj.util.Util.handleNewInstance(Util.java:192)
	at com.mysql.cj.util.Util.getInstance(Util.java:167)
	at com.mysql.cj.util.Util.getInstance(Util.java:174)
	at com.mysql.cj.jdbc.exceptions.SQLError.createBatchUpdateException(SQLError.java:224)
	at com.mysql.cj.jdbc.ClientPreparedStatement.executeBatchedInserts(ClientPreparedStatement.java:755)
	at com.mysql.cj.jdbc.ClientPreparedStatement.executeBatchInternal(ClientPreparedStatement.java:426)
	at com.mysql.cj.jdbc.StatementImpl.executeBatch(StatementImpl.java:796)
	at com.alibaba.druid.filter.FilterChainImpl.statement_executeBatch(FilterChainImpl.java:3066)
	at com.alibaba.druid.filter.FilterAdapter.statement_executeBatch(FilterAdapter.java:2496)
	at com.alibaba.druid.filter.FilterEventAdapter.statement_executeBatch(FilterEventAdapter.java:279)
	at com.alibaba.druid.filter.FilterChainImpl.statement_executeBatch(FilterChainImpl.java:3064)
	at com.alibaba.druid.proxy.jdbc.StatementProxyImpl.executeBatch(StatementProxyImpl.java:202)
	at com.alibaba.druid.pool.DruidPooledPreparedStatement.executeBatch(DruidPooledPreparedStatement.java:566)
	at sun.reflect.GeneratedMethodAccessor212.invoke(Unknown Source)
	at sun.reflect.DelegatingMethodAccessorImpl.invoke(DelegatingMethodAccessorImpl.java:43)
	at java.lang.reflect.Method.invoke(Method.java:498)
	at org.apache.ibatis.logging.jdbc.PreparedStatementLogger.invoke(PreparedStatementLogger.java:78)
	at com.sun.proxy.$Proxy151.executeBatch(Unknown Source)
	at com.baomidou.mybatisplus.core.executor.MybatisBatchExecutor.doFlushStatements(MybatisBatchExecutor.java:135)
	at org.apache.ibatis.executor.BaseExecutor.flushStatements(BaseExecutor.java:129)
	at org.apache.ibatis.executor.BaseExecutor.flushStatements(BaseExecutor.java:122)
	at com.baomidou.mybatisplus.core.executor.MybatisCachingExecutor.flushStatements(MybatisCachingExecutor.java:218)
	at sun.reflect.GeneratedMethodAccessor213.invoke(Unknown Source)
	at sun.reflect.DelegatingMethodAccessorImpl.invoke(DelegatingMethodAccessorImpl.java:43)
	at java.lang.reflect.Method.invoke(Method.java:498)
	at org.apache.ibatis.plugin.Plugin.invoke(Plugin.java:64)
	at com.sun.proxy.$Proxy148.flushStatements(Unknown Source)
	at sun.reflect.GeneratedMethodAccessor213.invoke(Unknown Source)
	at sun.reflect.DelegatingMethodAccessorImpl.invoke(DelegatingMethodAccessorImpl.java:43)
	at java.lang.reflect.Method.invoke(Method.java:498)
	at org.apache.ibatis.plugin.Plugin.invoke(Plugin.java:64)
	at com.sun.proxy.$Proxy148.flushStatements(Unknown Source)
	at org.apache.ibatis.session.defaults.DefaultSqlSession.flushStatements(DefaultSqlSession.java:249)
	at com.baomidou.mybatisplus.extension.toolkit.SqlHelper.lambda$executeBatch$0(SqlHelper.java:217)
	at com.baomidou.mybatisplus.extension.toolkit.SqlHelper.executeBatch(SqlHelper.java:179)
	... 51 common frames omitted
Caused by: com.mysql.cj.jdbc.exceptions.MysqlDataTruncation: Data truncation: Data too long for column 'profession_name' at row 457
	at com.mysql.cj.jdbc.exceptions.SQLExceptionsMapping.translateException(SQLExceptionsMapping.java:104)
	at com.mysql.cj.jdbc.ClientPreparedStatement.executeInternal(ClientPreparedStatement.java:953)
	at com.mysql.cj.jdbc.ClientPreparedStatement.executeUpdateInternal(ClientPreparedStatement.java:1092)
	at com.mysql.cj.jdbc.ClientPreparedStatement.executeUpdateInternal(ClientPreparedStatement.java:1040)
	at com.mysql.cj.jdbc.ClientPreparedStatement.executeLargeUpdate(ClientPreparedStatement.java:1347)
	at com.mysql.cj.jdbc.ClientPreparedStatement.executeBatchedInserts(ClientPreparedStatement.java:716)
	... 81 common frames omitted
2026-04-17 17:24:07.698 [[36mthreadPoolTaskExecutor-1[0;39m] [[1;31mERROR[0;39m] [[32mcom.mock.example.common.utils.ExcelUtil[0;39m]: 流式解析 Excel 行失败: rowIndex=50017
org.springframework.dao.DataIntegrityViolationException: com.mock.example.modules.entrance.mapper.CeProfessionMapper.insert (batch index #11) failed. 10 prior sub executor(s) completed successfully, but will be rolled back. Cause: java.sql.BatchUpdateException: Data truncation: Data too long for column 'profession_name' at row 305
; Data truncation: Data too long for column 'profession_name' at row 305; nested exception is java.sql.BatchUpdateException: Data truncation: Data too long for column 'profession_name' at row 305
	at org.springframework.jdbc.support.SQLStateSQLExceptionTranslator.doTranslate(SQLStateSQLExceptionTranslator.java:104)
	at org.springframework.jdbc.support.AbstractFallbackSQLExceptionTranslator.translate(AbstractFallbackSQLExceptionTranslator.java:72)
	at org.springframework.jdbc.support.AbstractFallbackSQLExceptionTranslator.translate(AbstractFallbackSQLExceptionTranslator.java:81)
	at org.springframework.jdbc.support.AbstractFallbackSQLExceptionTranslator.translate(AbstractFallbackSQLExceptionTranslator.java:81)
	at org.mybatis.spring.MyBatisExceptionTranslator.translateExceptionIfPossible(MyBatisExceptionTranslator.java:88)
	at com.baomidou.mybatisplus.extension.toolkit.SqlHelper.executeBatch(SqlHelper.java:189)
	at com.baomidou.mybatisplus.extension.toolkit.SqlHelper.executeBatch(SqlHelper.java:211)
	at com.baomidou.mybatisplus.extension.service.impl.ServiceImpl.executeBatch(ServiceImpl.java:234)
	at com.baomidou.mybatisplus.extension.service.impl.ServiceImpl.saveBatch(ServiceImpl.java:130)
	at com.baomidou.mybatisplus.extension.service.impl.ServiceImpl$$FastClassBySpringCGLIB$$76535273.invoke(<generated>)
	at org.springframework.cglib.proxy.MethodProxy.invoke(MethodProxy.java:218)
	at org.springframework.aop.framework.CglibAopProxy$CglibMethodInvocation.invokeJoinpoint(CglibAopProxy.java:771)
	at org.springframework.aop.framework.ReflectiveMethodInvocation.proceed(ReflectiveMethodInvocation.java:163)
	at org.springframework.aop.framework.CglibAopProxy$CglibMethodInvocation.proceed(CglibAopProxy.java:749)
	at org.springframework.dao.support.PersistenceExceptionTranslationInterceptor.invoke(PersistenceExceptionTranslationInterceptor.java:139)
	at org.springframework.aop.framework.ReflectiveMethodInvocation.proceed(ReflectiveMethodInvocation.java:186)
	at org.springframework.aop.framework.CglibAopProxy$CglibMethodInvocation.proceed(CglibAopProxy.java:749)
	at org.springframework.transaction.interceptor.TransactionAspectSupport.invokeWithinTransaction(TransactionAspectSupport.java:367)
	at org.springframework.transaction.interceptor.TransactionInterceptor.invoke(TransactionInterceptor.java:118)
	at org.springframework.aop.framework.ReflectiveMethodInvocation.proceed(ReflectiveMethodInvocation.java:186)
	at org.springframework.aop.framework.CglibAopProxy$CglibMethodInvocation.proceed(CglibAopProxy.java:749)
	at org.springframework.aop.framework.CglibAopProxy$DynamicAdvisedInterceptor.intercept(CglibAopProxy.java:691)
	at com.mock.example.modules.entrance.repository.impl.CeProfessionRepoImpl$$EnhancerBySpringCGLIB$$5517fd5b.saveBatch(<generated>)
	at com.mock.example.modules.entrance.service.CeCollegeService.processImportBatch(CeCollegeService.java:221)
	at com.mock.example.modules.entrance.service.CeCollegeService.lambda$importCollegeDataAsync$6(CeCollegeService.java:133)
	at com.mock.example.common.utils.ExcelUtil$1.handle(ExcelUtil.java:261)
	at cn.hutool.poi.excel.sax.Excel07SaxReader.endElement(Excel07SaxReader.java:259)
	at org.apache.xerces.parsers.AbstractSAXParser.endElement(Unknown Source)
	at org.apache.xerces.impl.XMLNSDocumentScannerImpl.scanEndElement(Unknown Source)
	at org.apache.xerces.impl.XMLDocumentFragmentScannerImpl$FragmentContentDispatcher.dispatch(Unknown Source)
	at org.apache.xerces.impl.XMLDocumentFragmentScannerImpl.scanDocument(Unknown Source)
	at org.apache.xerces.parsers.XML11Configuration.parse(Unknown Source)
	at org.apache.xerces.parsers.XML11Configuration.parse(Unknown Source)
	at org.apache.xerces.parsers.XMLParser.parse(Unknown Source)
	at org.apache.xerces.parsers.AbstractSAXParser.parse(Unknown Source)
	at cn.hutool.poi.excel.sax.Excel07SaxReader.parse(Excel07SaxReader.java:337)
	at cn.hutool.poi.excel.sax.Excel07SaxReader.read(Excel07SaxReader.java:152)
	at cn.hutool.poi.excel.sax.Excel07SaxReader.read(Excel07SaxReader.java:122)
	at cn.hutool.poi.excel.ExcelUtil.read07BySax(ExcelUtil.java:84)
	at cn.hutool.poi.excel.ExcelUtil.readBySax(ExcelUtil.java:67)
	at cn.hutool.poi.excel.ExcelUtil.readBySax(ExcelUtil.java:53)
	at com.mock.example.common.utils.ExcelUtil.importExcelStreaming(ExcelUtil.java:186)
	at com.mock.example.modules.entrance.service.CeCollegeService.importCollegeDataAsync(CeCollegeService.java:132)
	at com.mock.example.modules.entrance.service.CeCollegeService$$FastClassBySpringCGLIB$$f1f9cc0f.invoke(<generated>)
	at org.springframework.cglib.proxy.MethodProxy.invoke(MethodProxy.java:218)
	at org.springframework.aop.framework.CglibAopProxy$CglibMethodInvocation.invokeJoinpoint(CglibAopProxy.java:771)
	at org.springframework.aop.framework.ReflectiveMethodInvocation.proceed(ReflectiveMethodInvocation.java:163)
	at org.springframework.aop.framework.CglibAopProxy$CglibMethodInvocation.proceed(CglibAopProxy.java:749)
	at org.springframework.transaction.interceptor.TransactionAspectSupport.invokeWithinTransaction(TransactionAspectSupport.java:367)
	at org.springframework.transaction.interceptor.TransactionInterceptor.invoke(TransactionInterceptor.java:118)
	at org.springframework.aop.framework.ReflectiveMethodInvocation.proceed(ReflectiveMethodInvocation.java:186)
	at org.springframework.aop.framework.CglibAopProxy$CglibMethodInvocation.proceed(CglibAopProxy.java:749)
	at org.springframework.aop.interceptor.AsyncExecutionInterceptor.lambda$invoke$0(AsyncExecutionInterceptor.java:115)
	at java.util.concurrent.FutureTask.run(FutureTask.java:266)
	at java.util.concurrent.ThreadPoolExecutor.runWorker(ThreadPoolExecutor.java:1149)
	at java.util.concurrent.ThreadPoolExecutor$Worker.run(ThreadPoolExecutor.java:624)
	at java.lang.Thread.run(Thread.java:750)
Caused by: java.sql.BatchUpdateException: Data truncation: Data too long for column 'profession_name' at row 305
	at sun.reflect.GeneratedConstructorAccessor89.newInstance(Unknown Source)
	at sun.reflect.DelegatingConstructorAccessorImpl.newInstance(DelegatingConstructorAccessorImpl.java:45)
	at java.lang.reflect.Constructor.newInstance(Constructor.java:423)
	at com.mysql.cj.util.Util.handleNewInstance(Util.java:192)
	at com.mysql.cj.util.Util.getInstance(Util.java:167)
	at com.mysql.cj.util.Util.getInstance(Util.java:174)
	at com.mysql.cj.jdbc.exceptions.SQLError.createBatchUpdateException(SQLError.java:224)
	at com.mysql.cj.jdbc.ClientPreparedStatement.executeBatchedInserts(ClientPreparedStatement.java:755)
	at com.mysql.cj.jdbc.ClientPreparedStatement.executeBatchInternal(ClientPreparedStatement.java:426)
	at com.mysql.cj.jdbc.StatementImpl.executeBatch(StatementImpl.java:796)
	at com.alibaba.druid.filter.FilterChainImpl.statement_executeBatch(FilterChainImpl.java:3066)
	at com.alibaba.druid.filter.FilterAdapter.statement_executeBatch(FilterAdapter.java:2496)
	at com.alibaba.druid.filter.FilterEventAdapter.statement_executeBatch(FilterEventAdapter.java:279)
	at com.alibaba.druid.filter.FilterChainImpl.statement_executeBatch(FilterChainImpl.java:3064)
	at com.alibaba.druid.proxy.jdbc.StatementProxyImpl.executeBatch(StatementProxyImpl.java:202)
	at com.alibaba.druid.pool.DruidPooledPreparedStatement.executeBatch(DruidPooledPreparedStatement.java:566)
	at sun.reflect.GeneratedMethodAccessor212.invoke(Unknown Source)
	at sun.reflect.DelegatingMethodAccessorImpl.invoke(DelegatingMethodAccessorImpl.java:43)
	at java.lang.reflect.Method.invoke(Method.java:498)
	at org.apache.ibatis.logging.jdbc.PreparedStatementLogger.invoke(PreparedStatementLogger.java:78)
	at com.sun.proxy.$Proxy151.executeBatch(Unknown Source)
	at com.baomidou.mybatisplus.core.executor.MybatisBatchExecutor.doFlushStatements(MybatisBatchExecutor.java:135)
	at org.apache.ibatis.executor.BaseExecutor.flushStatements(BaseExecutor.java:129)
	at org.apache.ibatis.executor.BaseExecutor.flushStatements(BaseExecutor.java:122)
	at com.baomidou.mybatisplus.core.executor.MybatisCachingExecutor.flushStatements(MybatisCachingExecutor.java:218)
	at sun.reflect.GeneratedMethodAccessor213.invoke(Unknown Source)
	at sun.reflect.DelegatingMethodAccessorImpl.invoke(DelegatingMethodAccessorImpl.java:43)
	at java.lang.reflect.Method.invoke(Method.java:498)
	at org.apache.ibatis.plugin.Plugin.invoke(Plugin.java:64)
	at com.sun.proxy.$Proxy148.flushStatements(Unknown Source)
	at sun.reflect.GeneratedMethodAccessor213.invoke(Unknown Source)
	at sun.reflect.DelegatingMethodAccessorImpl.invoke(DelegatingMethodAccessorImpl.java:43)
	at java.lang.reflect.Method.invoke(Method.java:498)
	at org.apache.ibatis.plugin.Plugin.invoke(Plugin.java:64)
	at com.sun.proxy.$Proxy148.flushStatements(Unknown Source)
	at org.apache.ibatis.session.defaults.DefaultSqlSession.flushStatements(DefaultSqlSession.java:249)
	at com.baomidou.mybatisplus.extension.toolkit.SqlHelper.lambda$executeBatch$0(SqlHelper.java:217)
	at com.baomidou.mybatisplus.extension.toolkit.SqlHelper.executeBatch(SqlHelper.java:179)
	... 51 common frames omitted
Caused by: com.mysql.cj.jdbc.exceptions.MysqlDataTruncation: Data truncation: Data too long for column 'profession_name' at row 305
	at com.mysql.cj.jdbc.exceptions.SQLExceptionsMapping.translateException(SQLExceptionsMapping.java:104)
	at com.mysql.cj.jdbc.ClientPreparedStatement.executeInternal(ClientPreparedStatement.java:953)
	at com.mysql.cj.jdbc.ClientPreparedStatement.executeUpdateInternal(ClientPreparedStatement.java:1092)
	at com.mysql.cj.jdbc.ClientPreparedStatement.executeUpdateInternal(ClientPreparedStatement.java:1040)
	at com.mysql.cj.jdbc.ClientPreparedStatement.executeLargeUpdate(ClientPreparedStatement.java:1347)
	at com.mysql.cj.jdbc.ClientPreparedStatement.executeBatchedInserts(ClientPreparedStatement.java:716)
	... 81 common frames omitted
2026-04-17 17:24:09.242 [[36mthreadPoolTaskExecutor-1[0;39m] [[1;31mERROR[0;39m] [[32mcom.mock.example.common.utils.ExcelUtil[0;39m]: 流式解析 Excel 行失败: rowIndex=52018
org.springframework.dao.DataIntegrityViolationException: com.mock.example.modules.entrance.mapper.CeProfessionMapper.insert (batch index #1) failed. Cause: java.sql.BatchUpdateException: Data truncation: Data too long for column 'profession_name' at row 105
; Data truncation: Data too long for column 'profession_name' at row 105; nested exception is java.sql.BatchUpdateException: Data truncation: Data too long for column 'profession_name' at row 105
	at org.springframework.jdbc.support.SQLStateSQLExceptionTranslator.doTranslate(SQLStateSQLExceptionTranslator.java:104)
	at org.springframework.jdbc.support.AbstractFallbackSQLExceptionTranslator.translate(AbstractFallbackSQLExceptionTranslator.java:72)
	at org.springframework.jdbc.support.AbstractFallbackSQLExceptionTranslator.translate(AbstractFallbackSQLExceptionTranslator.java:81)
	at org.springframework.jdbc.support.AbstractFallbackSQLExceptionTranslator.translate(AbstractFallbackSQLExceptionTranslator.java:81)
	at org.mybatis.spring.MyBatisExceptionTranslator.translateExceptionIfPossible(MyBatisExceptionTranslator.java:88)
	at com.baomidou.mybatisplus.extension.toolkit.SqlHelper.executeBatch(SqlHelper.java:189)
	at com.baomidou.mybatisplus.extension.toolkit.SqlHelper.executeBatch(SqlHelper.java:211)
	at com.baomidou.mybatisplus.extension.service.impl.ServiceImpl.executeBatch(ServiceImpl.java:234)
	at com.baomidou.mybatisplus.extension.service.impl.ServiceImpl.saveBatch(ServiceImpl.java:130)
	at com.baomidou.mybatisplus.extension.service.impl.ServiceImpl$$FastClassBySpringCGLIB$$76535273.invoke(<generated>)
	at org.springframework.cglib.proxy.MethodProxy.invoke(MethodProxy.java:218)
	at org.springframework.aop.framework.CglibAopProxy$CglibMethodInvocation.invokeJoinpoint(CglibAopProxy.java:771)
	at org.springframework.aop.framework.ReflectiveMethodInvocation.proceed(ReflectiveMethodInvocation.java:163)
	at org.springframework.aop.framework.CglibAopProxy$CglibMethodInvocation.proceed(CglibAopProxy.java:749)
	at org.springframework.dao.support.PersistenceExceptionTranslationInterceptor.invoke(PersistenceExceptionTranslationInterceptor.java:139)
	at org.springframework.aop.framework.ReflectiveMethodInvocation.proceed(ReflectiveMethodInvocation.java:186)
	at org.springframework.aop.framework.CglibAopProxy$CglibMethodInvocation.proceed(CglibAopProxy.java:749)
	at org.springframework.transaction.interceptor.TransactionAspectSupport.invokeWithinTransaction(TransactionAspectSupport.java:367)
	at org.springframework.transaction.interceptor.TransactionInterceptor.invoke(TransactionInterceptor.java:118)
	at org.springframework.aop.framework.ReflectiveMethodInvocation.proceed(ReflectiveMethodInvocation.java:186)
	at org.springframework.aop.framework.CglibAopProxy$CglibMethodInvocation.proceed(CglibAopProxy.java:749)
	at org.springframework.aop.framework.CglibAopProxy$DynamicAdvisedInterceptor.intercept(CglibAopProxy.java:691)
	at com.mock.example.modules.entrance.repository.impl.CeProfessionRepoImpl$$EnhancerBySpringCGLIB$$5517fd5b.saveBatch(<generated>)
	at com.mock.example.modules.entrance.service.CeCollegeService.processImportBatch(CeCollegeService.java:221)
	at com.mock.example.modules.entrance.service.CeCollegeService.lambda$importCollegeDataAsync$6(CeCollegeService.java:133)
	at com.mock.example.common.utils.ExcelUtil$1.handle(ExcelUtil.java:261)
	at cn.hutool.poi.excel.sax.Excel07SaxReader.endElement(Excel07SaxReader.java:259)
	at org.apache.xerces.parsers.AbstractSAXParser.endElement(Unknown Source)
	at org.apache.xerces.impl.XMLNSDocumentScannerImpl.scanEndElement(Unknown Source)
	at org.apache.xerces.impl.XMLDocumentFragmentScannerImpl$FragmentContentDispatcher.dispatch(Unknown Source)
	at org.apache.xerces.impl.XMLDocumentFragmentScannerImpl.scanDocument(Unknown Source)
	at org.apache.xerces.parsers.XML11Configuration.parse(Unknown Source)
	at org.apache.xerces.parsers.XML11Configuration.parse(Unknown Source)
	at org.apache.xerces.parsers.XMLParser.parse(Unknown Source)
	at org.apache.xerces.parsers.AbstractSAXParser.parse(Unknown Source)
	at cn.hutool.poi.excel.sax.Excel07SaxReader.parse(Excel07SaxReader.java:337)
	at cn.hutool.poi.excel.sax.Excel07SaxReader.read(Excel07SaxReader.java:152)
	at cn.hutool.poi.excel.sax.Excel07SaxReader.read(Excel07SaxReader.java:122)
	at cn.hutool.poi.excel.ExcelUtil.read07BySax(ExcelUtil.java:84)
	at cn.hutool.poi.excel.ExcelUtil.readBySax(ExcelUtil.java:67)
	at cn.hutool.poi.excel.ExcelUtil.readBySax(ExcelUtil.java:53)
	at com.mock.example.common.utils.ExcelUtil.importExcelStreaming(ExcelUtil.java:186)
	at com.mock.example.modules.entrance.service.CeCollegeService.importCollegeDataAsync(CeCollegeService.java:132)
	at com.mock.example.modules.entrance.service.CeCollegeService$$FastClassBySpringCGLIB$$f1f9cc0f.invoke(<generated>)
	at org.springframework.cglib.proxy.MethodProxy.invoke(MethodProxy.java:218)
	at org.springframework.aop.framework.CglibAopProxy$CglibMethodInvocation.invokeJoinpoint(CglibAopProxy.java:771)
	at org.springframework.aop.framework.ReflectiveMethodInvocation.proceed(ReflectiveMethodInvocation.java:163)
	at org.springframework.aop.framework.CglibAopProxy$CglibMethodInvocation.proceed(CglibAopProxy.java:749)
	at org.springframework.transaction.interceptor.TransactionAspectSupport.invokeWithinTransaction(TransactionAspectSupport.java:367)
	at org.springframework.transaction.interceptor.TransactionInterceptor.invoke(TransactionInterceptor.java:118)
	at org.springframework.aop.framework.ReflectiveMethodInvocation.proceed(ReflectiveMethodInvocation.java:186)
	at org.springframework.aop.framework.CglibAopProxy$CglibMethodInvocation.proceed(CglibAopProxy.java:749)
	at org.springframework.aop.interceptor.AsyncExecutionInterceptor.lambda$invoke$0(AsyncExecutionInterceptor.java:115)
	at java.util.concurrent.FutureTask.run(FutureTask.java:266)
	at java.util.concurrent.ThreadPoolExecutor.runWorker(ThreadPoolExecutor.java:1149)
	at java.util.concurrent.ThreadPoolExecutor$Worker.run(ThreadPoolExecutor.java:624)
	at java.lang.Thread.run(Thread.java:750)
Caused by: java.sql.BatchUpdateException: Data truncation: Data too long for column 'profession_name' at row 105
	at sun.reflect.GeneratedConstructorAccessor89.newInstance(Unknown Source)
	at sun.reflect.DelegatingConstructorAccessorImpl.newInstance(DelegatingConstructorAccessorImpl.java:45)
	at java.lang.reflect.Constructor.newInstance(Constructor.java:423)
	at com.mysql.cj.util.Util.handleNewInstance(Util.java:192)
	at com.mysql.cj.util.Util.getInstance(Util.java:167)
	at com.mysql.cj.util.Util.getInstance(Util.java:174)
	at com.mysql.cj.jdbc.exceptions.SQLError.createBatchUpdateException(SQLError.java:224)
	at com.mysql.cj.jdbc.ClientPreparedStatement.executeBatchedInserts(ClientPreparedStatement.java:755)
	at com.mysql.cj.jdbc.ClientPreparedStatement.executeBatchInternal(ClientPreparedStatement.java:426)
	at com.mysql.cj.jdbc.StatementImpl.executeBatch(StatementImpl.java:796)
	at com.alibaba.druid.filter.FilterChainImpl.statement_executeBatch(FilterChainImpl.java:3066)
	at com.alibaba.druid.filter.FilterAdapter.statement_executeBatch(FilterAdapter.java:2496)
	at com.alibaba.druid.filter.FilterEventAdapter.statement_executeBatch(FilterEventAdapter.java:279)
	at com.alibaba.druid.filter.FilterChainImpl.statement_executeBatch(FilterChainImpl.java:3064)
	at com.alibaba.druid.proxy.jdbc.StatementProxyImpl.executeBatch(StatementProxyImpl.java:202)
	at com.alibaba.druid.pool.DruidPooledPreparedStatement.executeBatch(DruidPooledPreparedStatement.java:566)
	at sun.reflect.GeneratedMethodAccessor212.invoke(Unknown Source)
	at sun.reflect.DelegatingMethodAccessorImpl.invoke(DelegatingMethodAccessorImpl.java:43)
	at java.lang.reflect.Method.invoke(Method.java:498)
	at org.apache.ibatis.logging.jdbc.PreparedStatementLogger.invoke(PreparedStatementLogger.java:78)
	at com.sun.proxy.$Proxy151.executeBatch(Unknown Source)
	at com.baomidou.mybatisplus.core.executor.MybatisBatchExecutor.doFlushStatements(MybatisBatchExecutor.java:135)
	at org.apache.ibatis.executor.BaseExecutor.flushStatements(BaseExecutor.java:129)
	at org.apache.ibatis.executor.BaseExecutor.flushStatements(BaseExecutor.java:122)
	at com.baomidou.mybatisplus.core.executor.MybatisCachingExecutor.flushStatements(MybatisCachingExecutor.java:218)
	at sun.reflect.GeneratedMethodAccessor213.invoke(Unknown Source)
	at sun.reflect.DelegatingMethodAccessorImpl.invoke(DelegatingMethodAccessorImpl.java:43)
	at java.lang.reflect.Method.invoke(Method.java:498)
	at org.apache.ibatis.plugin.Plugin.invoke(Plugin.java:64)
	at com.sun.proxy.$Proxy148.flushStatements(Unknown Source)
	at sun.reflect.GeneratedMethodAccessor213.invoke(Unknown Source)
	at sun.reflect.DelegatingMethodAccessorImpl.invoke(DelegatingMethodAccessorImpl.java:43)
	at java.lang.reflect.Method.invoke(Method.java:498)
	at org.apache.ibatis.plugin.Plugin.invoke(Plugin.java:64)
	at com.sun.proxy.$Proxy148.flushStatements(Unknown Source)
	at org.apache.ibatis.session.defaults.DefaultSqlSession.flushStatements(DefaultSqlSession.java:249)
	at com.baomidou.mybatisplus.extension.toolkit.SqlHelper.lambda$executeBatch$0(SqlHelper.java:217)
	at com.baomidou.mybatisplus.extension.toolkit.SqlHelper.executeBatch(SqlHelper.java:179)
	... 51 common frames omitted
Caused by: com.mysql.cj.jdbc.exceptions.MysqlDataTruncation: Data truncation: Data too long for column 'profession_name' at row 105
	at com.mysql.cj.jdbc.exceptions.SQLExceptionsMapping.translateException(SQLExceptionsMapping.java:104)
	at com.mysql.cj.jdbc.ClientPreparedStatement.executeInternal(ClientPreparedStatement.java:953)
	at com.mysql.cj.jdbc.ClientPreparedStatement.executeUpdateInternal(ClientPreparedStatement.java:1092)
	at com.mysql.cj.jdbc.ClientPreparedStatement.executeUpdateInternal(ClientPreparedStatement.java:1040)
	at com.mysql.cj.jdbc.ClientPreparedStatement.executeLargeUpdate(ClientPreparedStatement.java:1347)
	at com.mysql.cj.jdbc.ClientPreparedStatement.executeBatchedInserts(ClientPreparedStatement.java:716)
	... 81 common frames omitted
2026-04-17 17:24:10.674 [[36mthreadPoolTaskExecutor-1[0;39m] [[1;31mERROR[0;39m] [[32mcom.mock.example.common.utils.ExcelUtil[0;39m]: 流式解析 Excel 行失败: rowIndex=54019
org.springframework.dao.DataIntegrityViolationException: com.mock.example.modules.entrance.mapper.CeProfessionMapper.insert (batch index #9) failed. 8 prior sub executor(s) completed successfully, but will be rolled back. Cause: java.sql.BatchUpdateException: Data truncation: Data too long for column 'profession_name' at row 80
; Data truncation: Data too long for column 'profession_name' at row 80; nested exception is java.sql.BatchUpdateException: Data truncation: Data too long for column 'profession_name' at row 80
	at org.springframework.jdbc.support.SQLStateSQLExceptionTranslator.doTranslate(SQLStateSQLExceptionTranslator.java:104)
	at org.springframework.jdbc.support.AbstractFallbackSQLExceptionTranslator.translate(AbstractFallbackSQLExceptionTranslator.java:72)
	at org.springframework.jdbc.support.AbstractFallbackSQLExceptionTranslator.translate(AbstractFallbackSQLExceptionTranslator.java:81)
	at org.springframework.jdbc.support.AbstractFallbackSQLExceptionTranslator.translate(AbstractFallbackSQLExceptionTranslator.java:81)
	at org.mybatis.spring.MyBatisExceptionTranslator.translateExceptionIfPossible(MyBatisExceptionTranslator.java:88)
	at com.baomidou.mybatisplus.extension.toolkit.SqlHelper.executeBatch(SqlHelper.java:189)
	at com.baomidou.mybatisplus.extension.toolkit.SqlHelper.executeBatch(SqlHelper.java:211)
	at com.baomidou.mybatisplus.extension.service.impl.ServiceImpl.executeBatch(ServiceImpl.java:234)
	at com.baomidou.mybatisplus.extension.service.impl.ServiceImpl.saveBatch(ServiceImpl.java:130)
	at com.baomidou.mybatisplus.extension.service.impl.ServiceImpl$$FastClassBySpringCGLIB$$76535273.invoke(<generated>)
	at org.springframework.cglib.proxy.MethodProxy.invoke(MethodProxy.java:218)
	at org.springframework.aop.framework.CglibAopProxy$CglibMethodInvocation.invokeJoinpoint(CglibAopProxy.java:771)
	at org.springframework.aop.framework.ReflectiveMethodInvocation.proceed(ReflectiveMethodInvocation.java:163)
	at org.springframework.aop.framework.CglibAopProxy$CglibMethodInvocation.proceed(CglibAopProxy.java:749)
	at org.springframework.dao.support.PersistenceExceptionTranslationInterceptor.invoke(PersistenceExceptionTranslationInterceptor.java:139)
	at org.springframework.aop.framework.ReflectiveMethodInvocation.proceed(ReflectiveMethodInvocation.java:186)
	at org.springframework.aop.framework.CglibAopProxy$CglibMethodInvocation.proceed(CglibAopProxy.java:749)
	at org.springframework.transaction.interceptor.TransactionAspectSupport.invokeWithinTransaction(TransactionAspectSupport.java:367)
	at org.springframework.transaction.interceptor.TransactionInterceptor.invoke(TransactionInterceptor.java:118)
	at org.springframework.aop.framework.ReflectiveMethodInvocation.proceed(ReflectiveMethodInvocation.java:186)
	at org.springframework.aop.framework.CglibAopProxy$CglibMethodInvocation.proceed(CglibAopProxy.java:749)
	at org.springframework.aop.framework.CglibAopProxy$DynamicAdvisedInterceptor.intercept(CglibAopProxy.java:691)
	at com.mock.example.modules.entrance.repository.impl.CeProfessionRepoImpl$$EnhancerBySpringCGLIB$$5517fd5b.saveBatch(<generated>)
	at com.mock.example.modules.entrance.service.CeCollegeService.processImportBatch(CeCollegeService.java:221)
	at com.mock.example.modules.entrance.service.CeCollegeService.lambda$importCollegeDataAsync$6(CeCollegeService.java:133)
	at com.mock.example.common.utils.ExcelUtil$1.handle(ExcelUtil.java:261)
	at cn.hutool.poi.excel.sax.Excel07SaxReader.endElement(Excel07SaxReader.java:259)
	at org.apache.xerces.parsers.AbstractSAXParser.endElement(Unknown Source)
	at org.apache.xerces.impl.XMLNSDocumentScannerImpl.scanEndElement(Unknown Source)
	at org.apache.xerces.impl.XMLDocumentFragmentScannerImpl$FragmentContentDispatcher.dispatch(Unknown Source)
	at org.apache.xerces.impl.XMLDocumentFragmentScannerImpl.scanDocument(Unknown Source)
	at org.apache.xerces.parsers.XML11Configuration.parse(Unknown Source)
	at org.apache.xerces.parsers.XML11Configuration.parse(Unknown Source)
	at org.apache.xerces.parsers.XMLParser.parse(Unknown Source)
	at org.apache.xerces.parsers.AbstractSAXParser.parse(Unknown Source)
	at cn.hutool.poi.excel.sax.Excel07SaxReader.parse(Excel07SaxReader.java:337)
	at cn.hutool.poi.excel.sax.Excel07SaxReader.read(Excel07SaxReader.java:152)
	at cn.hutool.poi.excel.sax.Excel07SaxReader.read(Excel07SaxReader.java:122)
	at cn.hutool.poi.excel.ExcelUtil.read07BySax(ExcelUtil.java:84)
	at cn.hutool.poi.excel.ExcelUtil.readBySax(ExcelUtil.java:67)
	at cn.hutool.poi.excel.ExcelUtil.readBySax(ExcelUtil.java:53)
	at com.mock.example.common.utils.ExcelUtil.importExcelStreaming(ExcelUtil.java:186)
	at com.mock.example.modules.entrance.service.CeCollegeService.importCollegeDataAsync(CeCollegeService.java:132)
	at com.mock.example.modules.entrance.service.CeCollegeService$$FastClassBySpringCGLIB$$f1f9cc0f.invoke(<generated>)
	at org.springframework.cglib.proxy.MethodProxy.invoke(MethodProxy.java:218)
	at org.springframework.aop.framework.CglibAopProxy$CglibMethodInvocation.invokeJoinpoint(CglibAopProxy.java:771)
	at org.springframework.aop.framework.ReflectiveMethodInvocation.proceed(ReflectiveMethodInvocation.java:163)
	at org.springframework.aop.framework.CglibAopProxy$CglibMethodInvocation.proceed(CglibAopProxy.java:749)
	at org.springframework.transaction.interceptor.TransactionAspectSupport.invokeWithinTransaction(TransactionAspectSupport.java:367)
	at org.springframework.transaction.interceptor.TransactionInterceptor.invoke(TransactionInterceptor.java:118)
	at org.springframework.aop.framework.ReflectiveMethodInvocation.proceed(ReflectiveMethodInvocation.java:186)
	at org.springframework.aop.framework.CglibAopProxy$CglibMethodInvocation.proceed(CglibAopProxy.java:749)
	at org.springframework.aop.interceptor.AsyncExecutionInterceptor.lambda$invoke$0(AsyncExecutionInterceptor.java:115)
	at java.util.concurrent.FutureTask.run(FutureTask.java:266)
	at java.util.concurrent.ThreadPoolExecutor.runWorker(ThreadPoolExecutor.java:1149)
	at java.util.concurrent.ThreadPoolExecutor$Worker.run(ThreadPoolExecutor.java:624)
	at java.lang.Thread.run(Thread.java:750)
Caused by: java.sql.BatchUpdateException: Data truncation: Data too long for column 'profession_name' at row 80
	at sun.reflect.GeneratedConstructorAccessor89.newInstance(Unknown Source)
	at sun.reflect.DelegatingConstructorAccessorImpl.newInstance(DelegatingConstructorAccessorImpl.java:45)
	at java.lang.reflect.Constructor.newInstance(Constructor.java:423)
	at com.mysql.cj.util.Util.handleNewInstance(Util.java:192)
	at com.mysql.cj.util.Util.getInstance(Util.java:167)
	at com.mysql.cj.util.Util.getInstance(Util.java:174)
	at com.mysql.cj.jdbc.exceptions.SQLError.createBatchUpdateException(SQLError.java:224)
	at com.mysql.cj.jdbc.ClientPreparedStatement.executeBatchedInserts(ClientPreparedStatement.java:755)
	at com.mysql.cj.jdbc.ClientPreparedStatement.executeBatchInternal(ClientPreparedStatement.java:426)
	at com.mysql.cj.jdbc.StatementImpl.executeBatch(StatementImpl.java:796)
	at com.alibaba.druid.filter.FilterChainImpl.statement_executeBatch(FilterChainImpl.java:3066)
	at com.alibaba.druid.filter.FilterAdapter.statement_executeBatch(FilterAdapter.java:2496)
	at com.alibaba.druid.filter.FilterEventAdapter.statement_executeBatch(FilterEventAdapter.java:279)
	at com.alibaba.druid.filter.FilterChainImpl.statement_executeBatch(FilterChainImpl.java:3064)
	at com.alibaba.druid.proxy.jdbc.StatementProxyImpl.executeBatch(StatementProxyImpl.java:202)
	at com.alibaba.druid.pool.DruidPooledPreparedStatement.executeBatch(DruidPooledPreparedStatement.java:566)
	at sun.reflect.GeneratedMethodAccessor212.invoke(Unknown Source)
	at sun.reflect.DelegatingMethodAccessorImpl.invoke(DelegatingMethodAccessorImpl.java:43)
	at java.lang.reflect.Method.invoke(Method.java:498)
	at org.apache.ibatis.logging.jdbc.PreparedStatementLogger.invoke(PreparedStatementLogger.java:78)
	at com.sun.proxy.$Proxy151.executeBatch(Unknown Source)
	at com.baomidou.mybatisplus.core.executor.MybatisBatchExecutor.doFlushStatements(MybatisBatchExecutor.java:135)
	at org.apache.ibatis.executor.BaseExecutor.flushStatements(BaseExecutor.java:129)
	at org.apache.ibatis.executor.BaseExecutor.flushStatements(BaseExecutor.java:122)
	at com.baomidou.mybatisplus.core.executor.MybatisCachingExecutor.flushStatements(MybatisCachingExecutor.java:218)
	at sun.reflect.GeneratedMethodAccessor213.invoke(Unknown Source)
	at sun.reflect.DelegatingMethodAccessorImpl.invoke(DelegatingMethodAccessorImpl.java:43)
	at java.lang.reflect.Method.invoke(Method.java:498)
	at org.apache.ibatis.plugin.Plugin.invoke(Plugin.java:64)
	at com.sun.proxy.$Proxy148.flushStatements(Unknown Source)
	at sun.reflect.GeneratedMethodAccessor213.invoke(Unknown Source)
	at sun.reflect.DelegatingMethodAccessorImpl.invoke(DelegatingMethodAccessorImpl.java:43)
	at java.lang.reflect.Method.invoke(Method.java:498)
	at org.apache.ibatis.plugin.Plugin.invoke(Plugin.java:64)
	at com.sun.proxy.$Proxy148.flushStatements(Unknown Source)
	at org.apache.ibatis.session.defaults.DefaultSqlSession.flushStatements(DefaultSqlSession.java:249)
	at com.baomidou.mybatisplus.extension.toolkit.SqlHelper.lambda$executeBatch$0(SqlHelper.java:217)
	at com.baomidou.mybatisplus.extension.toolkit.SqlHelper.executeBatch(SqlHelper.java:179)
	... 51 common frames omitted
Caused by: com.mysql.cj.jdbc.exceptions.MysqlDataTruncation: Data truncation: Data too long for column 'profession_name' at row 80
	at com.mysql.cj.jdbc.exceptions.SQLExceptionsMapping.translateException(SQLExceptionsMapping.java:104)
	at com.mysql.cj.jdbc.ClientPreparedStatement.executeInternal(ClientPreparedStatement.java:953)
	at com.mysql.cj.jdbc.ClientPreparedStatement.executeUpdateInternal(ClientPreparedStatement.java:1092)
	at com.mysql.cj.jdbc.ClientPreparedStatement.executeUpdateInternal(ClientPreparedStatement.java:1040)
	at com.mysql.cj.jdbc.ClientPreparedStatement.executeLargeUpdate(ClientPreparedStatement.java:1347)
	at com.mysql.cj.jdbc.ClientPreparedStatement.executeBatchedInserts(ClientPreparedStatement.java:716)
	... 81 common frames omitted
2026-04-17 17:24:12.108 [[36mthreadPoolTaskExecutor-1[0;39m] [[1;31mERROR[0;39m] [[32mcom.mock.example.common.utils.ExcelUtil[0;39m]: 流式解析 Excel 行失败: rowIndex=56020
org.springframework.dao.DataIntegrityViolationException: com.mock.example.modules.entrance.mapper.CeProfessionMapper.insert (batch index #6) failed. 5 prior sub executor(s) completed successfully, but will be rolled back. Cause: java.sql.BatchUpdateException: Data truncation: Data too long for column 'profession_name' at row 104
; Data truncation: Data too long for column 'profession_name' at row 104; nested exception is java.sql.BatchUpdateException: Data truncation: Data too long for column 'profession_name' at row 104
	at org.springframework.jdbc.support.SQLStateSQLExceptionTranslator.doTranslate(SQLStateSQLExceptionTranslator.java:104)
	at org.springframework.jdbc.support.AbstractFallbackSQLExceptionTranslator.translate(AbstractFallbackSQLExceptionTranslator.java:72)
	at org.springframework.jdbc.support.AbstractFallbackSQLExceptionTranslator.translate(AbstractFallbackSQLExceptionTranslator.java:81)
	at org.springframework.jdbc.support.AbstractFallbackSQLExceptionTranslator.translate(AbstractFallbackSQLExceptionTranslator.java:81)
	at org.mybatis.spring.MyBatisExceptionTranslator.translateExceptionIfPossible(MyBatisExceptionTranslator.java:88)
	at com.baomidou.mybatisplus.extension.toolkit.SqlHelper.executeBatch(SqlHelper.java:189)
	at com.baomidou.mybatisplus.extension.toolkit.SqlHelper.executeBatch(SqlHelper.java:211)
	at com.baomidou.mybatisplus.extension.service.impl.ServiceImpl.executeBatch(ServiceImpl.java:234)
	at com.baomidou.mybatisplus.extension.service.impl.ServiceImpl.saveBatch(ServiceImpl.java:130)
	at com.baomidou.mybatisplus.extension.service.impl.ServiceImpl$$FastClassBySpringCGLIB$$76535273.invoke(<generated>)
	at org.springframework.cglib.proxy.MethodProxy.invoke(MethodProxy.java:218)
	at org.springframework.aop.framework.CglibAopProxy$CglibMethodInvocation.invokeJoinpoint(CglibAopProxy.java:771)
	at org.springframework.aop.framework.ReflectiveMethodInvocation.proceed(ReflectiveMethodInvocation.java:163)
	at org.springframework.aop.framework.CglibAopProxy$CglibMethodInvocation.proceed(CglibAopProxy.java:749)
	at org.springframework.dao.support.PersistenceExceptionTranslationInterceptor.invoke(PersistenceExceptionTranslationInterceptor.java:139)
	at org.springframework.aop.framework.ReflectiveMethodInvocation.proceed(ReflectiveMethodInvocation.java:186)
	at org.springframework.aop.framework.CglibAopProxy$CglibMethodInvocation.proceed(CglibAopProxy.java:749)
	at org.springframework.transaction.interceptor.TransactionAspectSupport.invokeWithinTransaction(TransactionAspectSupport.java:367)
	at org.springframework.transaction.interceptor.TransactionInterceptor.invoke(TransactionInterceptor.java:118)
	at org.springframework.aop.framework.ReflectiveMethodInvocation.proceed(ReflectiveMethodInvocation.java:186)
	at org.springframework.aop.framework.CglibAopProxy$CglibMethodInvocation.proceed(CglibAopProxy.java:749)
	at org.springframework.aop.framework.CglibAopProxy$DynamicAdvisedInterceptor.intercept(CglibAopProxy.java:691)
	at com.mock.example.modules.entrance.repository.impl.CeProfessionRepoImpl$$EnhancerBySpringCGLIB$$5517fd5b.saveBatch(<generated>)
	at com.mock.example.modules.entrance.service.CeCollegeService.processImportBatch(CeCollegeService.java:221)
	at com.mock.example.modules.entrance.service.CeCollegeService.lambda$importCollegeDataAsync$6(CeCollegeService.java:133)
	at com.mock.example.common.utils.ExcelUtil$1.handle(ExcelUtil.java:261)
	at cn.hutool.poi.excel.sax.Excel07SaxReader.endElement(Excel07SaxReader.java:259)
	at org.apache.xerces.parsers.AbstractSAXParser.endElement(Unknown Source)
	at org.apache.xerces.impl.XMLNSDocumentScannerImpl.scanEndElement(Unknown Source)
	at org.apache.xerces.impl.XMLDocumentFragmentScannerImpl$FragmentContentDispatcher.dispatch(Unknown Source)
	at org.apache.xerces.impl.XMLDocumentFragmentScannerImpl.scanDocument(Unknown Source)
	at org.apache.xerces.parsers.XML11Configuration.parse(Unknown Source)
	at org.apache.xerces.parsers.XML11Configuration.parse(Unknown Source)
	at org.apache.xerces.parsers.XMLParser.parse(Unknown Source)
	at org.apache.xerces.parsers.AbstractSAXParser.parse(Unknown Source)
	at cn.hutool.poi.excel.sax.Excel07SaxReader.parse(Excel07SaxReader.java:337)
	at cn.hutool.poi.excel.sax.Excel07SaxReader.read(Excel07SaxReader.java:152)
	at cn.hutool.poi.excel.sax.Excel07SaxReader.read(Excel07SaxReader.java:122)
	at cn.hutool.poi.excel.ExcelUtil.read07BySax(ExcelUtil.java:84)
	at cn.hutool.poi.excel.ExcelUtil.readBySax(ExcelUtil.java:67)
	at cn.hutool.poi.excel.ExcelUtil.readBySax(ExcelUtil.java:53)
	at com.mock.example.common.utils.ExcelUtil.importExcelStreaming(ExcelUtil.java:186)
	at com.mock.example.modules.entrance.service.CeCollegeService.importCollegeDataAsync(CeCollegeService.java:132)
	at com.mock.example.modules.entrance.service.CeCollegeService$$FastClassBySpringCGLIB$$f1f9cc0f.invoke(<generated>)
	at org.springframework.cglib.proxy.MethodProxy.invoke(MethodProxy.java:218)
	at org.springframework.aop.framework.CglibAopProxy$CglibMethodInvocation.invokeJoinpoint(CglibAopProxy.java:771)
	at org.springframework.aop.framework.ReflectiveMethodInvocation.proceed(ReflectiveMethodInvocation.java:163)
	at org.springframework.aop.framework.CglibAopProxy$CglibMethodInvocation.proceed(CglibAopProxy.java:749)
	at org.springframework.transaction.interceptor.TransactionAspectSupport.invokeWithinTransaction(TransactionAspectSupport.java:367)
	at org.springframework.transaction.interceptor.TransactionInterceptor.invoke(TransactionInterceptor.java:118)
	at org.springframework.aop.framework.ReflectiveMethodInvocation.proceed(ReflectiveMethodInvocation.java:186)
	at org.springframework.aop.framework.CglibAopProxy$CglibMethodInvocation.proceed(CglibAopProxy.java:749)
	at org.springframework.aop.interceptor.AsyncExecutionInterceptor.lambda$invoke$0(AsyncExecutionInterceptor.java:115)
	at java.util.concurrent.FutureTask.run(FutureTask.java:266)
	at java.util.concurrent.ThreadPoolExecutor.runWorker(ThreadPoolExecutor.java:1149)
	at java.util.concurrent.ThreadPoolExecutor$Worker.run(ThreadPoolExecutor.java:624)
	at java.lang.Thread.run(Thread.java:750)
Caused by: java.sql.BatchUpdateException: Data truncation: Data too long for column 'profession_name' at row 104
	at sun.reflect.GeneratedConstructorAccessor89.newInstance(Unknown Source)
	at sun.reflect.DelegatingConstructorAccessorImpl.newInstance(DelegatingConstructorAccessorImpl.java:45)
	at java.lang.reflect.Constructor.newInstance(Constructor.java:423)
	at com.mysql.cj.util.Util.handleNewInstance(Util.java:192)
	at com.mysql.cj.util.Util.getInstance(Util.java:167)
	at com.mysql.cj.util.Util.getInstance(Util.java:174)
	at com.mysql.cj.jdbc.exceptions.SQLError.createBatchUpdateException(SQLError.java:224)
	at com.mysql.cj.jdbc.ClientPreparedStatement.executeBatchedInserts(ClientPreparedStatement.java:755)
	at com.mysql.cj.jdbc.ClientPreparedStatement.executeBatchInternal(ClientPreparedStatement.java:426)
	at com.mysql.cj.jdbc.StatementImpl.executeBatch(StatementImpl.java:796)
	at com.alibaba.druid.filter.FilterChainImpl.statement_executeBatch(FilterChainImpl.java:3066)
	at com.alibaba.druid.filter.FilterAdapter.statement_executeBatch(FilterAdapter.java:2496)
	at com.alibaba.druid.filter.FilterEventAdapter.statement_executeBatch(FilterEventAdapter.java:279)
	at com.alibaba.druid.filter.FilterChainImpl.statement_executeBatch(FilterChainImpl.java:3064)
	at com.alibaba.druid.proxy.jdbc.StatementProxyImpl.executeBatch(StatementProxyImpl.java:202)
	at com.alibaba.druid.pool.DruidPooledPreparedStatement.executeBatch(DruidPooledPreparedStatement.java:566)
	at sun.reflect.GeneratedMethodAccessor212.invoke(Unknown Source)
	at sun.reflect.DelegatingMethodAccessorImpl.invoke(DelegatingMethodAccessorImpl.java:43)
	at java.lang.reflect.Method.invoke(Method.java:498)
	at org.apache.ibatis.logging.jdbc.PreparedStatementLogger.invoke(PreparedStatementLogger.java:78)
	at com.sun.proxy.$Proxy151.executeBatch(Unknown Source)
	at com.baomidou.mybatisplus.core.executor.MybatisBatchExecutor.doFlushStatements(MybatisBatchExecutor.java:135)
	at org.apache.ibatis.executor.BaseExecutor.flushStatements(BaseExecutor.java:129)
	at org.apache.ibatis.executor.BaseExecutor.flushStatements(BaseExecutor.java:122)
	at com.baomidou.mybatisplus.core.executor.MybatisCachingExecutor.flushStatements(MybatisCachingExecutor.java:218)
	at sun.reflect.GeneratedMethodAccessor213.invoke(Unknown Source)
	at sun.reflect.DelegatingMethodAccessorImpl.invoke(DelegatingMethodAccessorImpl.java:43)
	at java.lang.reflect.Method.invoke(Method.java:498)
	at org.apache.ibatis.plugin.Plugin.invoke(Plugin.java:64)
	at com.sun.proxy.$Proxy148.flushStatements(Unknown Source)
	at sun.reflect.GeneratedMethodAccessor213.invoke(Unknown Source)
	at sun.reflect.DelegatingMethodAccessorImpl.invoke(DelegatingMethodAccessorImpl.java:43)
	at java.lang.reflect.Method.invoke(Method.java:498)
	at org.apache.ibatis.plugin.Plugin.invoke(Plugin.java:64)
	at com.sun.proxy.$Proxy148.flushStatements(Unknown Source)
	at org.apache.ibatis.session.defaults.DefaultSqlSession.flushStatements(DefaultSqlSession.java:249)
	at com.baomidou.mybatisplus.extension.toolkit.SqlHelper.lambda$executeBatch$0(SqlHelper.java:217)
	at com.baomidou.mybatisplus.extension.toolkit.SqlHelper.executeBatch(SqlHelper.java:179)
	... 51 common frames omitted
Caused by: com.mysql.cj.jdbc.exceptions.MysqlDataTruncation: Data truncation: Data too long for column 'profession_name' at row 104
	at com.mysql.cj.jdbc.exceptions.SQLExceptionsMapping.translateException(SQLExceptionsMapping.java:104)
	at com.mysql.cj.jdbc.ClientPreparedStatement.executeInternal(ClientPreparedStatement.java:953)
	at com.mysql.cj.jdbc.ClientPreparedStatement.executeUpdateInternal(ClientPreparedStatement.java:1092)
	at com.mysql.cj.jdbc.ClientPreparedStatement.executeUpdateInternal(ClientPreparedStatement.java:1040)
	at com.mysql.cj.jdbc.ClientPreparedStatement.executeLargeUpdate(ClientPreparedStatement.java:1347)
	at com.mysql.cj.jdbc.ClientPreparedStatement.executeBatchedInserts(ClientPreparedStatement.java:716)
	... 81 common frames omitted
2026-04-17 17:24:14.261 [[36mthreadPoolTaskExecutor-1[0;39m] [[1;31mERROR[0;39m] [[32mcom.mock.example.common.utils.ExcelUtil[0;39m]: 流式解析 Excel 行失败: rowIndex=60021
org.springframework.dao.DataIntegrityViolationException: com.mock.example.modules.entrance.mapper.CeProfessionMapper.insert (batch index #13) failed. 12 prior sub executor(s) completed successfully, but will be rolled back. Cause: java.sql.BatchUpdateException: Data truncation: Data too long for column 'profession_name' at row 48
; Data truncation: Data too long for column 'profession_name' at row 48; nested exception is java.sql.BatchUpdateException: Data truncation: Data too long for column 'profession_name' at row 48
	at org.springframework.jdbc.support.SQLStateSQLExceptionTranslator.doTranslate(SQLStateSQLExceptionTranslator.java:104)
	at org.springframework.jdbc.support.AbstractFallbackSQLExceptionTranslator.translate(AbstractFallbackSQLExceptionTranslator.java:72)
	at org.springframework.jdbc.support.AbstractFallbackSQLExceptionTranslator.translate(AbstractFallbackSQLExceptionTranslator.java:81)
	at org.springframework.jdbc.support.AbstractFallbackSQLExceptionTranslator.translate(AbstractFallbackSQLExceptionTranslator.java:81)
	at org.mybatis.spring.MyBatisExceptionTranslator.translateExceptionIfPossible(MyBatisExceptionTranslator.java:88)
	at com.baomidou.mybatisplus.extension.toolkit.SqlHelper.executeBatch(SqlHelper.java:189)
	at com.baomidou.mybatisplus.extension.toolkit.SqlHelper.executeBatch(SqlHelper.java:211)
	at com.baomidou.mybatisplus.extension.service.impl.ServiceImpl.executeBatch(ServiceImpl.java:234)
	at com.baomidou.mybatisplus.extension.service.impl.ServiceImpl.saveBatch(ServiceImpl.java:130)
	at com.baomidou.mybatisplus.extension.service.impl.ServiceImpl$$FastClassBySpringCGLIB$$76535273.invoke(<generated>)
	at org.springframework.cglib.proxy.MethodProxy.invoke(MethodProxy.java:218)
	at org.springframework.aop.framework.CglibAopProxy$CglibMethodInvocation.invokeJoinpoint(CglibAopProxy.java:771)
	at org.springframework.aop.framework.ReflectiveMethodInvocation.proceed(ReflectiveMethodInvocation.java:163)
	at org.springframework.aop.framework.CglibAopProxy$CglibMethodInvocation.proceed(CglibAopProxy.java:749)
	at org.springframework.dao.support.PersistenceExceptionTranslationInterceptor.invoke(PersistenceExceptionTranslationInterceptor.java:139)
	at org.springframework.aop.framework.ReflectiveMethodInvocation.proceed(ReflectiveMethodInvocation.java:186)
	at org.springframework.aop.framework.CglibAopProxy$CglibMethodInvocation.proceed(CglibAopProxy.java:749)
	at org.springframework.transaction.interceptor.TransactionAspectSupport.invokeWithinTransaction(TransactionAspectSupport.java:367)
	at org.springframework.transaction.interceptor.TransactionInterceptor.invoke(TransactionInterceptor.java:118)
	at org.springframework.aop.framework.ReflectiveMethodInvocation.proceed(ReflectiveMethodInvocation.java:186)
	at org.springframework.aop.framework.CglibAopProxy$CglibMethodInvocation.proceed(CglibAopProxy.java:749)
	at org.springframework.aop.framework.CglibAopProxy$DynamicAdvisedInterceptor.intercept(CglibAopProxy.java:691)
	at com.mock.example.modules.entrance.repository.impl.CeProfessionRepoImpl$$EnhancerBySpringCGLIB$$5517fd5b.saveBatch(<generated>)
	at com.mock.example.modules.entrance.service.CeCollegeService.processImportBatch(CeCollegeService.java:221)
	at com.mock.example.modules.entrance.service.CeCollegeService.lambda$importCollegeDataAsync$6(CeCollegeService.java:133)
	at com.mock.example.common.utils.ExcelUtil$1.handle(ExcelUtil.java:261)
	at cn.hutool.poi.excel.sax.Excel07SaxReader.endElement(Excel07SaxReader.java:259)
	at org.apache.xerces.parsers.AbstractSAXParser.endElement(Unknown Source)
	at org.apache.xerces.impl.XMLNSDocumentScannerImpl.scanEndElement(Unknown Source)
	at org.apache.xerces.impl.XMLDocumentFragmentScannerImpl$FragmentContentDispatcher.dispatch(Unknown Source)
	at org.apache.xerces.impl.XMLDocumentFragmentScannerImpl.scanDocument(Unknown Source)
	at org.apache.xerces.parsers.XML11Configuration.parse(Unknown Source)
	at org.apache.xerces.parsers.XML11Configuration.parse(Unknown Source)
	at org.apache.xerces.parsers.XMLParser.parse(Unknown Source)
	at org.apache.xerces.parsers.AbstractSAXParser.parse(Unknown Source)
	at cn.hutool.poi.excel.sax.Excel07SaxReader.parse(Excel07SaxReader.java:337)
	at cn.hutool.poi.excel.sax.Excel07SaxReader.read(Excel07SaxReader.java:152)
	at cn.hutool.poi.excel.sax.Excel07SaxReader.read(Excel07SaxReader.java:122)
	at cn.hutool.poi.excel.ExcelUtil.read07BySax(ExcelUtil.java:84)
	at cn.hutool.poi.excel.ExcelUtil.readBySax(ExcelUtil.java:67)
	at cn.hutool.poi.excel.ExcelUtil.readBySax(ExcelUtil.java:53)
	at com.mock.example.common.utils.ExcelUtil.importExcelStreaming(ExcelUtil.java:186)
	at com.mock.example.modules.entrance.service.CeCollegeService.importCollegeDataAsync(CeCollegeService.java:132)
	at com.mock.example.modules.entrance.service.CeCollegeService$$FastClassBySpringCGLIB$$f1f9cc0f.invoke(<generated>)
	at org.springframework.cglib.proxy.MethodProxy.invoke(MethodProxy.java:218)
	at org.springframework.aop.framework.CglibAopProxy$CglibMethodInvocation.invokeJoinpoint(CglibAopProxy.java:771)
	at org.springframework.aop.framework.ReflectiveMethodInvocation.proceed(ReflectiveMethodInvocation.java:163)
	at org.springframework.aop.framework.CglibAopProxy$CglibMethodInvocation.proceed(CglibAopProxy.java:749)
	at org.springframework.transaction.interceptor.TransactionAspectSupport.invokeWithinTransaction(TransactionAspectSupport.java:367)
	at org.springframework.transaction.interceptor.TransactionInterceptor.invoke(TransactionInterceptor.java:118)
	at org.springframework.aop.framework.ReflectiveMethodInvocation.proceed(ReflectiveMethodInvocation.java:186)
	at org.springframework.aop.framework.CglibAopProxy$CglibMethodInvocation.proceed(CglibAopProxy.java:749)
	at org.springframework.aop.interceptor.AsyncExecutionInterceptor.lambda$invoke$0(AsyncExecutionInterceptor.java:115)
	at java.util.concurrent.FutureTask.run(FutureTask.java:266)
	at java.util.concurrent.ThreadPoolExecutor.runWorker(ThreadPoolExecutor.java:1149)
	at java.util.concurrent.ThreadPoolExecutor$Worker.run(ThreadPoolExecutor.java:624)
	at java.lang.Thread.run(Thread.java:750)
Caused by: java.sql.BatchUpdateException: Data truncation: Data too long for column 'profession_name' at row 48
	at sun.reflect.GeneratedConstructorAccessor89.newInstance(Unknown Source)
	at sun.reflect.DelegatingConstructorAccessorImpl.newInstance(DelegatingConstructorAccessorImpl.java:45)
	at java.lang.reflect.Constructor.newInstance(Constructor.java:423)
	at com.mysql.cj.util.Util.handleNewInstance(Util.java:192)
	at com.mysql.cj.util.Util.getInstance(Util.java:167)
	at com.mysql.cj.util.Util.getInstance(Util.java:174)
	at com.mysql.cj.jdbc.exceptions.SQLError.createBatchUpdateException(SQLError.java:224)
	at com.mysql.cj.jdbc.ClientPreparedStatement.executeBatchedInserts(ClientPreparedStatement.java:755)
	at com.mysql.cj.jdbc.ClientPreparedStatement.executeBatchInternal(ClientPreparedStatement.java:426)
	at com.mysql.cj.jdbc.StatementImpl.executeBatch(StatementImpl.java:796)
	at com.alibaba.druid.filter.FilterChainImpl.statement_executeBatch(FilterChainImpl.java:3066)
	at com.alibaba.druid.filter.FilterAdapter.statement_executeBatch(FilterAdapter.java:2496)
	at com.alibaba.druid.filter.FilterEventAdapter.statement_executeBatch(FilterEventAdapter.java:279)
	at com.alibaba.druid.filter.FilterChainImpl.statement_executeBatch(FilterChainImpl.java:3064)
	at com.alibaba.druid.proxy.jdbc.StatementProxyImpl.executeBatch(StatementProxyImpl.java:202)
	at com.alibaba.druid.pool.DruidPooledPreparedStatement.executeBatch(DruidPooledPreparedStatement.java:566)
	at sun.reflect.GeneratedMethodAccessor212.invoke(Unknown Source)
	at sun.reflect.DelegatingMethodAccessorImpl.invoke(DelegatingMethodAccessorImpl.java:43)
	at java.lang.reflect.Method.invoke(Method.java:498)
	at org.apache.ibatis.logging.jdbc.PreparedStatementLogger.invoke(PreparedStatementLogger.java:78)
	at com.sun.proxy.$Proxy151.executeBatch(Unknown Source)
	at com.baomidou.mybatisplus.core.executor.MybatisBatchExecutor.doFlushStatements(MybatisBatchExecutor.java:135)
	at org.apache.ibatis.executor.BaseExecutor.flushStatements(BaseExecutor.java:129)
	at org.apache.ibatis.executor.BaseExecutor.flushStatements(BaseExecutor.java:122)
	at com.baomidou.mybatisplus.core.executor.MybatisCachingExecutor.flushStatements(MybatisCachingExecutor.java:218)
	at sun.reflect.GeneratedMethodAccessor213.invoke(Unknown Source)
	at sun.reflect.DelegatingMethodAccessorImpl.invoke(DelegatingMethodAccessorImpl.java:43)
	at java.lang.reflect.Method.invoke(Method.java:498)
	at org.apache.ibatis.plugin.Plugin.invoke(Plugin.java:64)
	at com.sun.proxy.$Proxy148.flushStatements(Unknown Source)
	at sun.reflect.GeneratedMethodAccessor213.invoke(Unknown Source)
	at sun.reflect.DelegatingMethodAccessorImpl.invoke(DelegatingMethodAccessorImpl.java:43)
	at java.lang.reflect.Method.invoke(Method.java:498)
	at org.apache.ibatis.plugin.Plugin.invoke(Plugin.java:64)
	at com.sun.proxy.$Proxy148.flushStatements(Unknown Source)
	at org.apache.ibatis.session.defaults.DefaultSqlSession.flushStatements(DefaultSqlSession.java:249)
	at com.baomidou.mybatisplus.extension.toolkit.SqlHelper.lambda$executeBatch$0(SqlHelper.java:217)
	at com.baomidou.mybatisplus.extension.toolkit.SqlHelper.executeBatch(SqlHelper.java:179)
	... 51 common frames omitted
Caused by: com.mysql.cj.jdbc.exceptions.MysqlDataTruncation: Data truncation: Data too long for column 'profession_name' at row 48
	at com.mysql.cj.jdbc.exceptions.SQLExceptionsMapping.translateException(SQLExceptionsMapping.java:104)
	at com.mysql.cj.jdbc.ClientPreparedStatement.executeInternal(ClientPreparedStatement.java:953)
	at com.mysql.cj.jdbc.ClientPreparedStatement.executeUpdateInternal(ClientPreparedStatement.java:1092)
	at com.mysql.cj.jdbc.ClientPreparedStatement.executeUpdateInternal(ClientPreparedStatement.java:1040)
	at com.mysql.cj.jdbc.ClientPreparedStatement.executeLargeUpdate(ClientPreparedStatement.java:1347)
	at com.mysql.cj.jdbc.ClientPreparedStatement.executeBatchedInserts(ClientPreparedStatement.java:716)
	... 81 common frames omitted
2026-04-17 17:24:15.830 [[36mthreadPoolTaskExecutor-1[0;39m] [[1;31mERROR[0;39m] [[32mcom.mock.example.common.utils.ExcelUtil[0;39m]: 流式解析 Excel 行失败: rowIndex=62022
org.springframework.dao.DataIntegrityViolationException: com.mock.example.modules.entrance.mapper.CeProfessionMapper.insert (batch index #1) failed. Cause: java.sql.BatchUpdateException: Data truncation: Data too long for column 'profession_name' at row 495
; Data truncation: Data too long for column 'profession_name' at row 495; nested exception is java.sql.BatchUpdateException: Data truncation: Data too long for column 'profession_name' at row 495
	at org.springframework.jdbc.support.SQLStateSQLExceptionTranslator.doTranslate(SQLStateSQLExceptionTranslator.java:104)
	at org.springframework.jdbc.support.AbstractFallbackSQLExceptionTranslator.translate(AbstractFallbackSQLExceptionTranslator.java:72)
	at org.springframework.jdbc.support.AbstractFallbackSQLExceptionTranslator.translate(AbstractFallbackSQLExceptionTranslator.java:81)
	at org.springframework.jdbc.support.AbstractFallbackSQLExceptionTranslator.translate(AbstractFallbackSQLExceptionTranslator.java:81)
	at org.mybatis.spring.MyBatisExceptionTranslator.translateExceptionIfPossible(MyBatisExceptionTranslator.java:88)
	at com.baomidou.mybatisplus.extension.toolkit.SqlHelper.executeBatch(SqlHelper.java:189)
	at com.baomidou.mybatisplus.extension.toolkit.SqlHelper.executeBatch(SqlHelper.java:211)
	at com.baomidou.mybatisplus.extension.service.impl.ServiceImpl.executeBatch(ServiceImpl.java:234)
	at com.baomidou.mybatisplus.extension.service.impl.ServiceImpl.saveBatch(ServiceImpl.java:130)
	at com.baomidou.mybatisplus.extension.service.impl.ServiceImpl$$FastClassBySpringCGLIB$$76535273.invoke(<generated>)
	at org.springframework.cglib.proxy.MethodProxy.invoke(MethodProxy.java:218)
	at org.springframework.aop.framework.CglibAopProxy$CglibMethodInvocation.invokeJoinpoint(CglibAopProxy.java:771)
	at org.springframework.aop.framework.ReflectiveMethodInvocation.proceed(ReflectiveMethodInvocation.java:163)
	at org.springframework.aop.framework.CglibAopProxy$CglibMethodInvocation.proceed(CglibAopProxy.java:749)
	at org.springframework.dao.support.PersistenceExceptionTranslationInterceptor.invoke(PersistenceExceptionTranslationInterceptor.java:139)
	at org.springframework.aop.framework.ReflectiveMethodInvocation.proceed(ReflectiveMethodInvocation.java:186)
	at org.springframework.aop.framework.CglibAopProxy$CglibMethodInvocation.proceed(CglibAopProxy.java:749)
	at org.springframework.transaction.interceptor.TransactionAspectSupport.invokeWithinTransaction(TransactionAspectSupport.java:367)
	at org.springframework.transaction.interceptor.TransactionInterceptor.invoke(TransactionInterceptor.java:118)
	at org.springframework.aop.framework.ReflectiveMethodInvocation.proceed(ReflectiveMethodInvocation.java:186)
	at org.springframework.aop.framework.CglibAopProxy$CglibMethodInvocation.proceed(CglibAopProxy.java:749)
	at org.springframework.aop.framework.CglibAopProxy$DynamicAdvisedInterceptor.intercept(CglibAopProxy.java:691)
	at com.mock.example.modules.entrance.repository.impl.CeProfessionRepoImpl$$EnhancerBySpringCGLIB$$5517fd5b.saveBatch(<generated>)
	at com.mock.example.modules.entrance.service.CeCollegeService.processImportBatch(CeCollegeService.java:221)
	at com.mock.example.modules.entrance.service.CeCollegeService.lambda$importCollegeDataAsync$6(CeCollegeService.java:133)
	at com.mock.example.common.utils.ExcelUtil$1.handle(ExcelUtil.java:261)
	at cn.hutool.poi.excel.sax.Excel07SaxReader.endElement(Excel07SaxReader.java:259)
	at org.apache.xerces.parsers.AbstractSAXParser.endElement(Unknown Source)
	at org.apache.xerces.impl.XMLNSDocumentScannerImpl.scanEndElement(Unknown Source)
	at org.apache.xerces.impl.XMLDocumentFragmentScannerImpl$FragmentContentDispatcher.dispatch(Unknown Source)
	at org.apache.xerces.impl.XMLDocumentFragmentScannerImpl.scanDocument(Unknown Source)
	at org.apache.xerces.parsers.XML11Configuration.parse(Unknown Source)
	at org.apache.xerces.parsers.XML11Configuration.parse(Unknown Source)
	at org.apache.xerces.parsers.XMLParser.parse(Unknown Source)
	at org.apache.xerces.parsers.AbstractSAXParser.parse(Unknown Source)
	at cn.hutool.poi.excel.sax.Excel07SaxReader.parse(Excel07SaxReader.java:337)
	at cn.hutool.poi.excel.sax.Excel07SaxReader.read(Excel07SaxReader.java:152)
	at cn.hutool.poi.excel.sax.Excel07SaxReader.read(Excel07SaxReader.java:122)
	at cn.hutool.poi.excel.ExcelUtil.read07BySax(ExcelUtil.java:84)
	at cn.hutool.poi.excel.ExcelUtil.readBySax(ExcelUtil.java:67)
	at cn.hutool.poi.excel.ExcelUtil.readBySax(ExcelUtil.java:53)
	at com.mock.example.common.utils.ExcelUtil.importExcelStreaming(ExcelUtil.java:186)
	at com.mock.example.modules.entrance.service.CeCollegeService.importCollegeDataAsync(CeCollegeService.java:132)
	at com.mock.example.modules.entrance.service.CeCollegeService$$FastClassBySpringCGLIB$$f1f9cc0f.invoke(<generated>)
	at org.springframework.cglib.proxy.MethodProxy.invoke(MethodProxy.java:218)
	at org.springframework.aop.framework.CglibAopProxy$CglibMethodInvocation.invokeJoinpoint(CglibAopProxy.java:771)
	at org.springframework.aop.framework.ReflectiveMethodInvocation.proceed(ReflectiveMethodInvocation.java:163)
	at org.springframework.aop.framework.CglibAopProxy$CglibMethodInvocation.proceed(CglibAopProxy.java:749)
	at org.springframework.transaction.interceptor.TransactionAspectSupport.invokeWithinTransaction(TransactionAspectSupport.java:367)
	at org.springframework.transaction.interceptor.TransactionInterceptor.invoke(TransactionInterceptor.java:118)
	at org.springframework.aop.framework.ReflectiveMethodInvocation.proceed(ReflectiveMethodInvocation.java:186)
	at org.springframework.aop.framework.CglibAopProxy$CglibMethodInvocation.proceed(CglibAopProxy.java:749)
	at org.springframework.aop.interceptor.AsyncExecutionInterceptor.lambda$invoke$0(AsyncExecutionInterceptor.java:115)
	at java.util.concurrent.FutureTask.run(FutureTask.java:266)
	at java.util.concurrent.ThreadPoolExecutor.runWorker(ThreadPoolExecutor.java:1149)
	at java.util.concurrent.ThreadPoolExecutor$Worker.run(ThreadPoolExecutor.java:624)
	at java.lang.Thread.run(Thread.java:750)
Caused by: java.sql.BatchUpdateException: Data truncation: Data too long for column 'profession_name' at row 495
	at sun.reflect.GeneratedConstructorAccessor89.newInstance(Unknown Source)
	at sun.reflect.DelegatingConstructorAccessorImpl.newInstance(DelegatingConstructorAccessorImpl.java:45)
	at java.lang.reflect.Constructor.newInstance(Constructor.java:423)
	at com.mysql.cj.util.Util.handleNewInstance(Util.java:192)
	at com.mysql.cj.util.Util.getInstance(Util.java:167)
	at com.mysql.cj.util.Util.getInstance(Util.java:174)
	at com.mysql.cj.jdbc.exceptions.SQLError.createBatchUpdateException(SQLError.java:224)
	at com.mysql.cj.jdbc.ClientPreparedStatement.executeBatchedInserts(ClientPreparedStatement.java:755)
	at com.mysql.cj.jdbc.ClientPreparedStatement.executeBatchInternal(ClientPreparedStatement.java:426)
	at com.mysql.cj.jdbc.StatementImpl.executeBatch(StatementImpl.java:796)
	at com.alibaba.druid.filter.FilterChainImpl.statement_executeBatch(FilterChainImpl.java:3066)
	at com.alibaba.druid.filter.FilterAdapter.statement_executeBatch(FilterAdapter.java:2496)
	at com.alibaba.druid.filter.FilterEventAdapter.statement_executeBatch(FilterEventAdapter.java:279)
	at com.alibaba.druid.filter.FilterChainImpl.statement_executeBatch(FilterChainImpl.java:3064)
	at com.alibaba.druid.proxy.jdbc.StatementProxyImpl.executeBatch(StatementProxyImpl.java:202)
	at com.alibaba.druid.pool.DruidPooledPreparedStatement.executeBatch(DruidPooledPreparedStatement.java:566)
	at sun.reflect.GeneratedMethodAccessor212.invoke(Unknown Source)
	at sun.reflect.DelegatingMethodAccessorImpl.invoke(DelegatingMethodAccessorImpl.java:43)
	at java.lang.reflect.Method.invoke(Method.java:498)
	at org.apache.ibatis.logging.jdbc.PreparedStatementLogger.invoke(PreparedStatementLogger.java:78)
	at com.sun.proxy.$Proxy151.executeBatch(Unknown Source)
	at com.baomidou.mybatisplus.core.executor.MybatisBatchExecutor.doFlushStatements(MybatisBatchExecutor.java:135)
	at org.apache.ibatis.executor.BaseExecutor.flushStatements(BaseExecutor.java:129)
	at org.apache.ibatis.executor.BaseExecutor.flushStatements(BaseExecutor.java:122)
	at com.baomidou.mybatisplus.core.executor.MybatisCachingExecutor.flushStatements(MybatisCachingExecutor.java:218)
	at sun.reflect.GeneratedMethodAccessor213.invoke(Unknown Source)
	at sun.reflect.DelegatingMethodAccessorImpl.invoke(DelegatingMethodAccessorImpl.java:43)
	at java.lang.reflect.Method.invoke(Method.java:498)
	at org.apache.ibatis.plugin.Plugin.invoke(Plugin.java:64)
	at com.sun.proxy.$Proxy148.flushStatements(Unknown Source)
	at sun.reflect.GeneratedMethodAccessor213.invoke(Unknown Source)
	at sun.reflect.DelegatingMethodAccessorImpl.invoke(DelegatingMethodAccessorImpl.java:43)
	at java.lang.reflect.Method.invoke(Method.java:498)
	at org.apache.ibatis.plugin.Plugin.invoke(Plugin.java:64)
	at com.sun.proxy.$Proxy148.flushStatements(Unknown Source)
	at org.apache.ibatis.session.defaults.DefaultSqlSession.flushStatements(DefaultSqlSession.java:249)
	at com.baomidou.mybatisplus.extension.toolkit.SqlHelper.lambda$executeBatch$0(SqlHelper.java:217)
	at com.baomidou.mybatisplus.extension.toolkit.SqlHelper.executeBatch(SqlHelper.java:179)
	... 51 common frames omitted
Caused by: com.mysql.cj.jdbc.exceptions.MysqlDataTruncation: Data truncation: Data too long for column 'profession_name' at row 495
	at com.mysql.cj.jdbc.exceptions.SQLExceptionsMapping.translateException(SQLExceptionsMapping.java:104)
	at com.mysql.cj.jdbc.ClientPreparedStatement.executeInternal(ClientPreparedStatement.java:953)
	at com.mysql.cj.jdbc.ClientPreparedStatement.executeUpdateInternal(ClientPreparedStatement.java:1092)
	at com.mysql.cj.jdbc.ClientPreparedStatement.executeUpdateInternal(ClientPreparedStatement.java:1040)
	at com.mysql.cj.jdbc.ClientPreparedStatement.executeLargeUpdate(ClientPreparedStatement.java:1347)
	at com.mysql.cj.jdbc.ClientPreparedStatement.executeBatchedInserts(ClientPreparedStatement.java:716)
	... 81 common frames omitted
2026-04-17 17:24:17.266 [[36mthreadPoolTaskExecutor-1[0;39m] [[1;31mERROR[0;39m] [[32mcom.mock.example.common.utils.ExcelUtil[0;39m]: 流式解析 Excel 行失败: rowIndex=64023
org.springframework.dao.DataIntegrityViolationException: com.mock.example.modules.entrance.mapper.CeProfessionMapper.insert (batch index #5) failed. 4 prior sub executor(s) completed successfully, but will be rolled back. Cause: java.sql.BatchUpdateException: Data truncation: Data too long for column 'profession_name' at row 10
; Data truncation: Data too long for column 'profession_name' at row 10; nested exception is java.sql.BatchUpdateException: Data truncation: Data too long for column 'profession_name' at row 10
	at org.springframework.jdbc.support.SQLStateSQLExceptionTranslator.doTranslate(SQLStateSQLExceptionTranslator.java:104)
	at org.springframework.jdbc.support.AbstractFallbackSQLExceptionTranslator.translate(AbstractFallbackSQLExceptionTranslator.java:72)
	at org.springframework.jdbc.support.AbstractFallbackSQLExceptionTranslator.translate(AbstractFallbackSQLExceptionTranslator.java:81)
	at org.springframework.jdbc.support.AbstractFallbackSQLExceptionTranslator.translate(AbstractFallbackSQLExceptionTranslator.java:81)
	at org.mybatis.spring.MyBatisExceptionTranslator.translateExceptionIfPossible(MyBatisExceptionTranslator.java:88)
	at com.baomidou.mybatisplus.extension.toolkit.SqlHelper.executeBatch(SqlHelper.java:189)
	at com.baomidou.mybatisplus.extension.toolkit.SqlHelper.executeBatch(SqlHelper.java:211)
	at com.baomidou.mybatisplus.extension.service.impl.ServiceImpl.executeBatch(ServiceImpl.java:234)
	at com.baomidou.mybatisplus.extension.service.impl.ServiceImpl.saveBatch(ServiceImpl.java:130)
	at com.baomidou.mybatisplus.extension.service.impl.ServiceImpl$$FastClassBySpringCGLIB$$76535273.invoke(<generated>)
	at org.springframework.cglib.proxy.MethodProxy.invoke(MethodProxy.java:218)
	at org.springframework.aop.framework.CglibAopProxy$CglibMethodInvocation.invokeJoinpoint(CglibAopProxy.java:771)
	at org.springframework.aop.framework.ReflectiveMethodInvocation.proceed(ReflectiveMethodInvocation.java:163)
	at org.springframework.aop.framework.CglibAopProxy$CglibMethodInvocation.proceed(CglibAopProxy.java:749)
	at org.springframework.dao.support.PersistenceExceptionTranslationInterceptor.invoke(PersistenceExceptionTranslationInterceptor.java:139)
	at org.springframework.aop.framework.ReflectiveMethodInvocation.proceed(ReflectiveMethodInvocation.java:186)
	at org.springframework.aop.framework.CglibAopProxy$CglibMethodInvocation.proceed(CglibAopProxy.java:749)
	at org.springframework.transaction.interceptor.TransactionAspectSupport.invokeWithinTransaction(TransactionAspectSupport.java:367)
	at org.springframework.transaction.interceptor.TransactionInterceptor.invoke(TransactionInterceptor.java:118)
	at org.springframework.aop.framework.ReflectiveMethodInvocation.proceed(ReflectiveMethodInvocation.java:186)
	at org.springframework.aop.framework.CglibAopProxy$CglibMethodInvocation.proceed(CglibAopProxy.java:749)
	at org.springframework.aop.framework.CglibAopProxy$DynamicAdvisedInterceptor.intercept(CglibAopProxy.java:691)
	at com.mock.example.modules.entrance.repository.impl.CeProfessionRepoImpl$$EnhancerBySpringCGLIB$$5517fd5b.saveBatch(<generated>)
	at com.mock.example.modules.entrance.service.CeCollegeService.processImportBatch(CeCollegeService.java:221)
	at com.mock.example.modules.entrance.service.CeCollegeService.lambda$importCollegeDataAsync$6(CeCollegeService.java:133)
	at com.mock.example.common.utils.ExcelUtil$1.handle(ExcelUtil.java:261)
	at cn.hutool.poi.excel.sax.Excel07SaxReader.endElement(Excel07SaxReader.java:259)
	at org.apache.xerces.parsers.AbstractSAXParser.endElement(Unknown Source)
	at org.apache.xerces.impl.XMLNSDocumentScannerImpl.scanEndElement(Unknown Source)
	at org.apache.xerces.impl.XMLDocumentFragmentScannerImpl$FragmentContentDispatcher.dispatch(Unknown Source)
	at org.apache.xerces.impl.XMLDocumentFragmentScannerImpl.scanDocument(Unknown Source)
	at org.apache.xerces.parsers.XML11Configuration.parse(Unknown Source)
	at org.apache.xerces.parsers.XML11Configuration.parse(Unknown Source)
	at org.apache.xerces.parsers.XMLParser.parse(Unknown Source)
	at org.apache.xerces.parsers.AbstractSAXParser.parse(Unknown Source)
	at cn.hutool.poi.excel.sax.Excel07SaxReader.parse(Excel07SaxReader.java:337)
	at cn.hutool.poi.excel.sax.Excel07SaxReader.read(Excel07SaxReader.java:152)
	at cn.hutool.poi.excel.sax.Excel07SaxReader.read(Excel07SaxReader.java:122)
	at cn.hutool.poi.excel.ExcelUtil.read07BySax(ExcelUtil.java:84)
	at cn.hutool.poi.excel.ExcelUtil.readBySax(ExcelUtil.java:67)
	at cn.hutool.poi.excel.ExcelUtil.readBySax(ExcelUtil.java:53)
	at com.mock.example.common.utils.ExcelUtil.importExcelStreaming(ExcelUtil.java:186)
	at com.mock.example.modules.entrance.service.CeCollegeService.importCollegeDataAsync(CeCollegeService.java:132)
	at com.mock.example.modules.entrance.service.CeCollegeService$$FastClassBySpringCGLIB$$f1f9cc0f.invoke(<generated>)
	at org.springframework.cglib.proxy.MethodProxy.invoke(MethodProxy.java:218)
	at org.springframework.aop.framework.CglibAopProxy$CglibMethodInvocation.invokeJoinpoint(CglibAopProxy.java:771)
	at org.springframework.aop.framework.ReflectiveMethodInvocation.proceed(ReflectiveMethodInvocation.java:163)
	at org.springframework.aop.framework.CglibAopProxy$CglibMethodInvocation.proceed(CglibAopProxy.java:749)
	at org.springframework.transaction.interceptor.TransactionAspectSupport.invokeWithinTransaction(TransactionAspectSupport.java:367)
	at org.springframework.transaction.interceptor.TransactionInterceptor.invoke(TransactionInterceptor.java:118)
	at org.springframework.aop.framework.ReflectiveMethodInvocation.proceed(ReflectiveMethodInvocation.java:186)
	at org.springframework.aop.framework.CglibAopProxy$CglibMethodInvocation.proceed(CglibAopProxy.java:749)
	at org.springframework.aop.interceptor.AsyncExecutionInterceptor.lambda$invoke$0(AsyncExecutionInterceptor.java:115)
	at java.util.concurrent.FutureTask.run(FutureTask.java:266)
	at java.util.concurrent.ThreadPoolExecutor.runWorker(ThreadPoolExecutor.java:1149)
	at java.util.concurrent.ThreadPoolExecutor$Worker.run(ThreadPoolExecutor.java:624)
	at java.lang.Thread.run(Thread.java:750)
Caused by: java.sql.BatchUpdateException: Data truncation: Data too long for column 'profession_name' at row 10
	at sun.reflect.GeneratedConstructorAccessor89.newInstance(Unknown Source)
	at sun.reflect.DelegatingConstructorAccessorImpl.newInstance(DelegatingConstructorAccessorImpl.java:45)
	at java.lang.reflect.Constructor.newInstance(Constructor.java:423)
	at com.mysql.cj.util.Util.handleNewInstance(Util.java:192)
	at com.mysql.cj.util.Util.getInstance(Util.java:167)
	at com.mysql.cj.util.Util.getInstance(Util.java:174)
	at com.mysql.cj.jdbc.exceptions.SQLError.createBatchUpdateException(SQLError.java:224)
	at com.mysql.cj.jdbc.ClientPreparedStatement.executeBatchedInserts(ClientPreparedStatement.java:755)
	at com.mysql.cj.jdbc.ClientPreparedStatement.executeBatchInternal(ClientPreparedStatement.java:426)
	at com.mysql.cj.jdbc.StatementImpl.executeBatch(StatementImpl.java:796)
	at com.alibaba.druid.filter.FilterChainImpl.statement_executeBatch(FilterChainImpl.java:3066)
	at com.alibaba.druid.filter.FilterAdapter.statement_executeBatch(FilterAdapter.java:2496)
	at com.alibaba.druid.filter.FilterEventAdapter.statement_executeBatch(FilterEventAdapter.java:279)
	at com.alibaba.druid.filter.FilterChainImpl.statement_executeBatch(FilterChainImpl.java:3064)
	at com.alibaba.druid.proxy.jdbc.StatementProxyImpl.executeBatch(StatementProxyImpl.java:202)
	at com.alibaba.druid.pool.DruidPooledPreparedStatement.executeBatch(DruidPooledPreparedStatement.java:566)
	at sun.reflect.GeneratedMethodAccessor212.invoke(Unknown Source)
	at sun.reflect.DelegatingMethodAccessorImpl.invoke(DelegatingMethodAccessorImpl.java:43)
	at java.lang.reflect.Method.invoke(Method.java:498)
	at org.apache.ibatis.logging.jdbc.PreparedStatementLogger.invoke(PreparedStatementLogger.java:78)
	at com.sun.proxy.$Proxy151.executeBatch(Unknown Source)
	at com.baomidou.mybatisplus.core.executor.MybatisBatchExecutor.doFlushStatements(MybatisBatchExecutor.java:135)
	at org.apache.ibatis.executor.BaseExecutor.flushStatements(BaseExecutor.java:129)
	at org.apache.ibatis.executor.BaseExecutor.flushStatements(BaseExecutor.java:122)
	at com.baomidou.mybatisplus.core.executor.MybatisCachingExecutor.flushStatements(MybatisCachingExecutor.java:218)
	at sun.reflect.GeneratedMethodAccessor213.invoke(Unknown Source)
	at sun.reflect.DelegatingMethodAccessorImpl.invoke(DelegatingMethodAccessorImpl.java:43)
	at java.lang.reflect.Method.invoke(Method.java:498)
	at org.apache.ibatis.plugin.Plugin.invoke(Plugin.java:64)
	at com.sun.proxy.$Proxy148.flushStatements(Unknown Source)
	at sun.reflect.GeneratedMethodAccessor213.invoke(Unknown Source)
	at sun.reflect.DelegatingMethodAccessorImpl.invoke(DelegatingMethodAccessorImpl.java:43)
	at java.lang.reflect.Method.invoke(Method.java:498)
	at org.apache.ibatis.plugin.Plugin.invoke(Plugin.java:64)
	at com.sun.proxy.$Proxy148.flushStatements(Unknown Source)
	at org.apache.ibatis.session.defaults.DefaultSqlSession.flushStatements(DefaultSqlSession.java:249)
	at com.baomidou.mybatisplus.extension.toolkit.SqlHelper.lambda$executeBatch$0(SqlHelper.java:217)
	at com.baomidou.mybatisplus.extension.toolkit.SqlHelper.executeBatch(SqlHelper.java:179)
	... 51 common frames omitted
Caused by: com.mysql.cj.jdbc.exceptions.MysqlDataTruncation: Data truncation: Data too long for column 'profession_name' at row 10
	at com.mysql.cj.jdbc.exceptions.SQLExceptionsMapping.translateException(SQLExceptionsMapping.java:104)
	at com.mysql.cj.jdbc.ClientPreparedStatement.executeInternal(ClientPreparedStatement.java:953)
	at com.mysql.cj.jdbc.ClientPreparedStatement.executeUpdateInternal(ClientPreparedStatement.java:1092)
	at com.mysql.cj.jdbc.ClientPreparedStatement.executeUpdateInternal(ClientPreparedStatement.java:1040)
	at com.mysql.cj.jdbc.ClientPreparedStatement.executeLargeUpdate(ClientPreparedStatement.java:1347)
	at com.mysql.cj.jdbc.ClientPreparedStatement.executeBatchedInserts(ClientPreparedStatement.java:716)
	... 81 common frames omitted
2026-04-17 17:24:18.733 [[36mthreadPoolTaskExecutor-1[0;39m] [[1;31mERROR[0;39m] [[32mcom.mock.example.common.utils.ExcelUtil[0;39m]: 流式解析 Excel 行失败: rowIndex=66024
org.springframework.dao.DataIntegrityViolationException: com.mock.example.modules.entrance.mapper.CeProfessionMapper.insert (batch index #1) failed. Cause: java.sql.BatchUpdateException: Data truncation: Data too long for column 'profession_name' at row 306
; Data truncation: Data too long for column 'profession_name' at row 306; nested exception is java.sql.BatchUpdateException: Data truncation: Data too long for column 'profession_name' at row 306
	at org.springframework.jdbc.support.SQLStateSQLExceptionTranslator.doTranslate(SQLStateSQLExceptionTranslator.java:104)
	at org.springframework.jdbc.support.AbstractFallbackSQLExceptionTranslator.translate(AbstractFallbackSQLExceptionTranslator.java:72)
	at org.springframework.jdbc.support.AbstractFallbackSQLExceptionTranslator.translate(AbstractFallbackSQLExceptionTranslator.java:81)
	at org.springframework.jdbc.support.AbstractFallbackSQLExceptionTranslator.translate(AbstractFallbackSQLExceptionTranslator.java:81)
	at org.mybatis.spring.MyBatisExceptionTranslator.translateExceptionIfPossible(MyBatisExceptionTranslator.java:88)
	at com.baomidou.mybatisplus.extension.toolkit.SqlHelper.executeBatch(SqlHelper.java:189)
	at com.baomidou.mybatisplus.extension.toolkit.SqlHelper.executeBatch(SqlHelper.java:211)
	at com.baomidou.mybatisplus.extension.service.impl.ServiceImpl.executeBatch(ServiceImpl.java:234)
	at com.baomidou.mybatisplus.extension.service.impl.ServiceImpl.saveBatch(ServiceImpl.java:130)
	at com.baomidou.mybatisplus.extension.service.impl.ServiceImpl$$FastClassBySpringCGLIB$$76535273.invoke(<generated>)
	at org.springframework.cglib.proxy.MethodProxy.invoke(MethodProxy.java:218)
	at org.springframework.aop.framework.CglibAopProxy$CglibMethodInvocation.invokeJoinpoint(CglibAopProxy.java:771)
	at org.springframework.aop.framework.ReflectiveMethodInvocation.proceed(ReflectiveMethodInvocation.java:163)
	at org.springframework.aop.framework.CglibAopProxy$CglibMethodInvocation.proceed(CglibAopProxy.java:749)
	at org.springframework.dao.support.PersistenceExceptionTranslationInterceptor.invoke(PersistenceExceptionTranslationInterceptor.java:139)
	at org.springframework.aop.framework.ReflectiveMethodInvocation.proceed(ReflectiveMethodInvocation.java:186)
	at org.springframework.aop.framework.CglibAopProxy$CglibMethodInvocation.proceed(CglibAopProxy.java:749)
	at org.springframework.transaction.interceptor.TransactionAspectSupport.invokeWithinTransaction(TransactionAspectSupport.java:367)
	at org.springframework.transaction.interceptor.TransactionInterceptor.invoke(TransactionInterceptor.java:118)
	at org.springframework.aop.framework.ReflectiveMethodInvocation.proceed(ReflectiveMethodInvocation.java:186)
	at org.springframework.aop.framework.CglibAopProxy$CglibMethodInvocation.proceed(CglibAopProxy.java:749)
	at org.springframework.aop.framework.CglibAopProxy$DynamicAdvisedInterceptor.intercept(CglibAopProxy.java:691)
	at com.mock.example.modules.entrance.repository.impl.CeProfessionRepoImpl$$EnhancerBySpringCGLIB$$5517fd5b.saveBatch(<generated>)
	at com.mock.example.modules.entrance.service.CeCollegeService.processImportBatch(CeCollegeService.java:221)
	at com.mock.example.modules.entrance.service.CeCollegeService.lambda$importCollegeDataAsync$6(CeCollegeService.java:133)
	at com.mock.example.common.utils.ExcelUtil$1.handle(ExcelUtil.java:261)
	at cn.hutool.poi.excel.sax.Excel07SaxReader.endElement(Excel07SaxReader.java:259)
	at org.apache.xerces.parsers.AbstractSAXParser.endElement(Unknown Source)
	at org.apache.xerces.impl.XMLNSDocumentScannerImpl.scanEndElement(Unknown Source)
	at org.apache.xerces.impl.XMLDocumentFragmentScannerImpl$FragmentContentDispatcher.dispatch(Unknown Source)
	at org.apache.xerces.impl.XMLDocumentFragmentScannerImpl.scanDocument(Unknown Source)
	at org.apache.xerces.parsers.XML11Configuration.parse(Unknown Source)
	at org.apache.xerces.parsers.XML11Configuration.parse(Unknown Source)
	at org.apache.xerces.parsers.XMLParser.parse(Unknown Source)
	at org.apache.xerces.parsers.AbstractSAXParser.parse(Unknown Source)
	at cn.hutool.poi.excel.sax.Excel07SaxReader.parse(Excel07SaxReader.java:337)
	at cn.hutool.poi.excel.sax.Excel07SaxReader.read(Excel07SaxReader.java:152)
	at cn.hutool.poi.excel.sax.Excel07SaxReader.read(Excel07SaxReader.java:122)
	at cn.hutool.poi.excel.ExcelUtil.read07BySax(ExcelUtil.java:84)
	at cn.hutool.poi.excel.ExcelUtil.readBySax(ExcelUtil.java:67)
	at cn.hutool.poi.excel.ExcelUtil.readBySax(ExcelUtil.java:53)
	at com.mock.example.common.utils.ExcelUtil.importExcelStreaming(ExcelUtil.java:186)
	at com.mock.example.modules.entrance.service.CeCollegeService.importCollegeDataAsync(CeCollegeService.java:132)
	at com.mock.example.modules.entrance.service.CeCollegeService$$FastClassBySpringCGLIB$$f1f9cc0f.invoke(<generated>)
	at org.springframework.cglib.proxy.MethodProxy.invoke(MethodProxy.java:218)
	at org.springframework.aop.framework.CglibAopProxy$CglibMethodInvocation.invokeJoinpoint(CglibAopProxy.java:771)
	at org.springframework.aop.framework.ReflectiveMethodInvocation.proceed(ReflectiveMethodInvocation.java:163)
	at org.springframework.aop.framework.CglibAopProxy$CglibMethodInvocation.proceed(CglibAopProxy.java:749)
	at org.springframework.transaction.interceptor.TransactionAspectSupport.invokeWithinTransaction(TransactionAspectSupport.java:367)
	at org.springframework.transaction.interceptor.TransactionInterceptor.invoke(TransactionInterceptor.java:118)
	at org.springframework.aop.framework.ReflectiveMethodInvocation.proceed(ReflectiveMethodInvocation.java:186)
	at org.springframework.aop.framework.CglibAopProxy$CglibMethodInvocation.proceed(CglibAopProxy.java:749)
	at org.springframework.aop.interceptor.AsyncExecutionInterceptor.lambda$invoke$0(AsyncExecutionInterceptor.java:115)
	at java.util.concurrent.FutureTask.run(FutureTask.java:266)
	at java.util.concurrent.ThreadPoolExecutor.runWorker(ThreadPoolExecutor.java:1149)
	at java.util.concurrent.ThreadPoolExecutor$Worker.run(ThreadPoolExecutor.java:624)
	at java.lang.Thread.run(Thread.java:750)
Caused by: java.sql.BatchUpdateException: Data truncation: Data too long for column 'profession_name' at row 306
	at sun.reflect.GeneratedConstructorAccessor89.newInstance(Unknown Source)
	at sun.reflect.DelegatingConstructorAccessorImpl.newInstance(DelegatingConstructorAccessorImpl.java:45)
	at java.lang.reflect.Constructor.newInstance(Constructor.java:423)
	at com.mysql.cj.util.Util.handleNewInstance(Util.java:192)
	at com.mysql.cj.util.Util.getInstance(Util.java:167)
	at com.mysql.cj.util.Util.getInstance(Util.java:174)
	at com.mysql.cj.jdbc.exceptions.SQLError.createBatchUpdateException(SQLError.java:224)
	at com.mysql.cj.jdbc.ClientPreparedStatement.executeBatchedInserts(ClientPreparedStatement.java:755)
	at com.mysql.cj.jdbc.ClientPreparedStatement.executeBatchInternal(ClientPreparedStatement.java:426)
	at com.mysql.cj.jdbc.StatementImpl.executeBatch(StatementImpl.java:796)
	at com.alibaba.druid.filter.FilterChainImpl.statement_executeBatch(FilterChainImpl.java:3066)
	at com.alibaba.druid.filter.FilterAdapter.statement_executeBatch(FilterAdapter.java:2496)
	at com.alibaba.druid.filter.FilterEventAdapter.statement_executeBatch(FilterEventAdapter.java:279)
	at com.alibaba.druid.filter.FilterChainImpl.statement_executeBatch(FilterChainImpl.java:3064)
	at com.alibaba.druid.proxy.jdbc.StatementProxyImpl.executeBatch(StatementProxyImpl.java:202)
	at com.alibaba.druid.pool.DruidPooledPreparedStatement.executeBatch(DruidPooledPreparedStatement.java:566)
	at sun.reflect.GeneratedMethodAccessor212.invoke(Unknown Source)
	at sun.reflect.DelegatingMethodAccessorImpl.invoke(DelegatingMethodAccessorImpl.java:43)
	at java.lang.reflect.Method.invoke(Method.java:498)
	at org.apache.ibatis.logging.jdbc.PreparedStatementLogger.invoke(PreparedStatementLogger.java:78)
	at com.sun.proxy.$Proxy151.executeBatch(Unknown Source)
	at com.baomidou.mybatisplus.core.executor.MybatisBatchExecutor.doFlushStatements(MybatisBatchExecutor.java:135)
	at org.apache.ibatis.executor.BaseExecutor.flushStatements(BaseExecutor.java:129)
	at org.apache.ibatis.executor.BaseExecutor.flushStatements(BaseExecutor.java:122)
	at com.baomidou.mybatisplus.core.executor.MybatisCachingExecutor.flushStatements(MybatisCachingExecutor.java:218)
	at sun.reflect.GeneratedMethodAccessor213.invoke(Unknown Source)
	at sun.reflect.DelegatingMethodAccessorImpl.invoke(DelegatingMethodAccessorImpl.java:43)
	at java.lang.reflect.Method.invoke(Method.java:498)
	at org.apache.ibatis.plugin.Plugin.invoke(Plugin.java:64)
	at com.sun.proxy.$Proxy148.flushStatements(Unknown Source)
	at sun.reflect.GeneratedMethodAccessor213.invoke(Unknown Source)
	at sun.reflect.DelegatingMethodAccessorImpl.invoke(DelegatingMethodAccessorImpl.java:43)
	at java.lang.reflect.Method.invoke(Method.java:498)
	at org.apache.ibatis.plugin.Plugin.invoke(Plugin.java:64)
	at com.sun.proxy.$Proxy148.flushStatements(Unknown Source)
	at org.apache.ibatis.session.defaults.DefaultSqlSession.flushStatements(DefaultSqlSession.java:249)
	at com.baomidou.mybatisplus.extension.toolkit.SqlHelper.lambda$executeBatch$0(SqlHelper.java:217)
	at com.baomidou.mybatisplus.extension.toolkit.SqlHelper.executeBatch(SqlHelper.java:179)
	... 51 common frames omitted
Caused by: com.mysql.cj.jdbc.exceptions.MysqlDataTruncation: Data truncation: Data too long for column 'profession_name' at row 306
	at com.mysql.cj.jdbc.exceptions.SQLExceptionsMapping.translateException(SQLExceptionsMapping.java:104)
	at com.mysql.cj.jdbc.ClientPreparedStatement.executeInternal(ClientPreparedStatement.java:953)
	at com.mysql.cj.jdbc.ClientPreparedStatement.executeUpdateInternal(ClientPreparedStatement.java:1092)
	at com.mysql.cj.jdbc.ClientPreparedStatement.executeUpdateInternal(ClientPreparedStatement.java:1040)
	at com.mysql.cj.jdbc.ClientPreparedStatement.executeLargeUpdate(ClientPreparedStatement.java:1347)
	at com.mysql.cj.jdbc.ClientPreparedStatement.executeBatchedInserts(ClientPreparedStatement.java:716)
	... 81 common frames omitted
2026-04-17 17:24:20.361 [[36mthreadPoolTaskExecutor-1[0;39m] [[1;31mERROR[0;39m] [[32mcom.mock.example.common.utils.ExcelUtil[0;39m]: 流式解析 Excel 行失败: rowIndex=68025
org.springframework.dao.DataIntegrityViolationException: com.mock.example.modules.entrance.mapper.CeProfessionMapper.insert (batch index #7) failed. 6 prior sub executor(s) completed successfully, but will be rolled back. Cause: java.sql.BatchUpdateException: Data truncation: Data too long for column 'profession_name' at row 663
; Data truncation: Data too long for column 'profession_name' at row 663; nested exception is java.sql.BatchUpdateException: Data truncation: Data too long for column 'profession_name' at row 663
	at org.springframework.jdbc.support.SQLStateSQLExceptionTranslator.doTranslate(SQLStateSQLExceptionTranslator.java:104)
	at org.springframework.jdbc.support.AbstractFallbackSQLExceptionTranslator.translate(AbstractFallbackSQLExceptionTranslator.java:72)
	at org.springframework.jdbc.support.AbstractFallbackSQLExceptionTranslator.translate(AbstractFallbackSQLExceptionTranslator.java:81)
	at org.springframework.jdbc.support.AbstractFallbackSQLExceptionTranslator.translate(AbstractFallbackSQLExceptionTranslator.java:81)
	at org.mybatis.spring.MyBatisExceptionTranslator.translateExceptionIfPossible(MyBatisExceptionTranslator.java:88)
	at com.baomidou.mybatisplus.extension.toolkit.SqlHelper.executeBatch(SqlHelper.java:189)
	at com.baomidou.mybatisplus.extension.toolkit.SqlHelper.executeBatch(SqlHelper.java:211)
	at com.baomidou.mybatisplus.extension.service.impl.ServiceImpl.executeBatch(ServiceImpl.java:234)
	at com.baomidou.mybatisplus.extension.service.impl.ServiceImpl.saveBatch(ServiceImpl.java:130)
	at com.baomidou.mybatisplus.extension.service.impl.ServiceImpl$$FastClassBySpringCGLIB$$76535273.invoke(<generated>)
	at org.springframework.cglib.proxy.MethodProxy.invoke(MethodProxy.java:218)
	at org.springframework.aop.framework.CglibAopProxy$CglibMethodInvocation.invokeJoinpoint(CglibAopProxy.java:771)
	at org.springframework.aop.framework.ReflectiveMethodInvocation.proceed(ReflectiveMethodInvocation.java:163)
	at org.springframework.aop.framework.CglibAopProxy$CglibMethodInvocation.proceed(CglibAopProxy.java:749)
	at org.springframework.dao.support.PersistenceExceptionTranslationInterceptor.invoke(PersistenceExceptionTranslationInterceptor.java:139)
	at org.springframework.aop.framework.ReflectiveMethodInvocation.proceed(ReflectiveMethodInvocation.java:186)
	at org.springframework.aop.framework.CglibAopProxy$CglibMethodInvocation.proceed(CglibAopProxy.java:749)
	at org.springframework.transaction.interceptor.TransactionAspectSupport.invokeWithinTransaction(TransactionAspectSupport.java:367)
	at org.springframework.transaction.interceptor.TransactionInterceptor.invoke(TransactionInterceptor.java:118)
	at org.springframework.aop.framework.ReflectiveMethodInvocation.proceed(ReflectiveMethodInvocation.java:186)
	at org.springframework.aop.framework.CglibAopProxy$CglibMethodInvocation.proceed(CglibAopProxy.java:749)
	at org.springframework.aop.framework.CglibAopProxy$DynamicAdvisedInterceptor.intercept(CglibAopProxy.java:691)
	at com.mock.example.modules.entrance.repository.impl.CeProfessionRepoImpl$$EnhancerBySpringCGLIB$$5517fd5b.saveBatch(<generated>)
	at com.mock.example.modules.entrance.service.CeCollegeService.processImportBatch(CeCollegeService.java:221)
	at com.mock.example.modules.entrance.service.CeCollegeService.lambda$importCollegeDataAsync$6(CeCollegeService.java:133)
	at com.mock.example.common.utils.ExcelUtil$1.handle(ExcelUtil.java:261)
	at cn.hutool.poi.excel.sax.Excel07SaxReader.endElement(Excel07SaxReader.java:259)
	at org.apache.xerces.parsers.AbstractSAXParser.endElement(Unknown Source)
	at org.apache.xerces.impl.XMLNSDocumentScannerImpl.scanEndElement(Unknown Source)
	at org.apache.xerces.impl.XMLDocumentFragmentScannerImpl$FragmentContentDispatcher.dispatch(Unknown Source)
	at org.apache.xerces.impl.XMLDocumentFragmentScannerImpl.scanDocument(Unknown Source)
	at org.apache.xerces.parsers.XML11Configuration.parse(Unknown Source)
	at org.apache.xerces.parsers.XML11Configuration.parse(Unknown Source)
	at org.apache.xerces.parsers.XMLParser.parse(Unknown Source)
	at org.apache.xerces.parsers.AbstractSAXParser.parse(Unknown Source)
	at cn.hutool.poi.excel.sax.Excel07SaxReader.parse(Excel07SaxReader.java:337)
	at cn.hutool.poi.excel.sax.Excel07SaxReader.read(Excel07SaxReader.java:152)
	at cn.hutool.poi.excel.sax.Excel07SaxReader.read(Excel07SaxReader.java:122)
	at cn.hutool.poi.excel.ExcelUtil.read07BySax(ExcelUtil.java:84)
	at cn.hutool.poi.excel.ExcelUtil.readBySax(ExcelUtil.java:67)
	at cn.hutool.poi.excel.ExcelUtil.readBySax(ExcelUtil.java:53)
	at com.mock.example.common.utils.ExcelUtil.importExcelStreaming(ExcelUtil.java:186)
	at com.mock.example.modules.entrance.service.CeCollegeService.importCollegeDataAsync(CeCollegeService.java:132)
	at com.mock.example.modules.entrance.service.CeCollegeService$$FastClassBySpringCGLIB$$f1f9cc0f.invoke(<generated>)
	at org.springframework.cglib.proxy.MethodProxy.invoke(MethodProxy.java:218)
	at org.springframework.aop.framework.CglibAopProxy$CglibMethodInvocation.invokeJoinpoint(CglibAopProxy.java:771)
	at org.springframework.aop.framework.ReflectiveMethodInvocation.proceed(ReflectiveMethodInvocation.java:163)
	at org.springframework.aop.framework.CglibAopProxy$CglibMethodInvocation.proceed(CglibAopProxy.java:749)
	at org.springframework.transaction.interceptor.TransactionAspectSupport.invokeWithinTransaction(TransactionAspectSupport.java:367)
	at org.springframework.transaction.interceptor.TransactionInterceptor.invoke(TransactionInterceptor.java:118)
	at org.springframework.aop.framework.ReflectiveMethodInvocation.proceed(ReflectiveMethodInvocation.java:186)
	at org.springframework.aop.framework.CglibAopProxy$CglibMethodInvocation.proceed(CglibAopProxy.java:749)
	at org.springframework.aop.interceptor.AsyncExecutionInterceptor.lambda$invoke$0(AsyncExecutionInterceptor.java:115)
	at java.util.concurrent.FutureTask.run(FutureTask.java:266)
	at java.util.concurrent.ThreadPoolExecutor.runWorker(ThreadPoolExecutor.java:1149)
	at java.util.concurrent.ThreadPoolExecutor$Worker.run(ThreadPoolExecutor.java:624)
	at java.lang.Thread.run(Thread.java:750)
Caused by: java.sql.BatchUpdateException: Data truncation: Data too long for column 'profession_name' at row 663
	at sun.reflect.GeneratedConstructorAccessor89.newInstance(Unknown Source)
	at sun.reflect.DelegatingConstructorAccessorImpl.newInstance(DelegatingConstructorAccessorImpl.java:45)
	at java.lang.reflect.Constructor.newInstance(Constructor.java:423)
	at com.mysql.cj.util.Util.handleNewInstance(Util.java:192)
	at com.mysql.cj.util.Util.getInstance(Util.java:167)
	at com.mysql.cj.util.Util.getInstance(Util.java:174)
	at com.mysql.cj.jdbc.exceptions.SQLError.createBatchUpdateException(SQLError.java:224)
	at com.mysql.cj.jdbc.ClientPreparedStatement.executeBatchedInserts(ClientPreparedStatement.java:755)
	at com.mysql.cj.jdbc.ClientPreparedStatement.executeBatchInternal(ClientPreparedStatement.java:426)
	at com.mysql.cj.jdbc.StatementImpl.executeBatch(StatementImpl.java:796)
	at com.alibaba.druid.filter.FilterChainImpl.statement_executeBatch(FilterChainImpl.java:3066)
	at com.alibaba.druid.filter.FilterAdapter.statement_executeBatch(FilterAdapter.java:2496)
	at com.alibaba.druid.filter.FilterEventAdapter.statement_executeBatch(FilterEventAdapter.java:279)
	at com.alibaba.druid.filter.FilterChainImpl.statement_executeBatch(FilterChainImpl.java:3064)
	at com.alibaba.druid.proxy.jdbc.StatementProxyImpl.executeBatch(StatementProxyImpl.java:202)
	at com.alibaba.druid.pool.DruidPooledPreparedStatement.executeBatch(DruidPooledPreparedStatement.java:566)
	at sun.reflect.GeneratedMethodAccessor212.invoke(Unknown Source)
	at sun.reflect.DelegatingMethodAccessorImpl.invoke(DelegatingMethodAccessorImpl.java:43)
	at java.lang.reflect.Method.invoke(Method.java:498)
	at org.apache.ibatis.logging.jdbc.PreparedStatementLogger.invoke(PreparedStatementLogger.java:78)
	at com.sun.proxy.$Proxy151.executeBatch(Unknown Source)
	at com.baomidou.mybatisplus.core.executor.MybatisBatchExecutor.doFlushStatements(MybatisBatchExecutor.java:135)
	at org.apache.ibatis.executor.BaseExecutor.flushStatements(BaseExecutor.java:129)
	at org.apache.ibatis.executor.BaseExecutor.flushStatements(BaseExecutor.java:122)
	at com.baomidou.mybatisplus.core.executor.MybatisCachingExecutor.flushStatements(MybatisCachingExecutor.java:218)
	at sun.reflect.GeneratedMethodAccessor213.invoke(Unknown Source)
	at sun.reflect.DelegatingMethodAccessorImpl.invoke(DelegatingMethodAccessorImpl.java:43)
	at java.lang.reflect.Method.invoke(Method.java:498)
	at org.apache.ibatis.plugin.Plugin.invoke(Plugin.java:64)
	at com.sun.proxy.$Proxy148.flushStatements(Unknown Source)
	at sun.reflect.GeneratedMethodAccessor213.invoke(Unknown Source)
	at sun.reflect.DelegatingMethodAccessorImpl.invoke(DelegatingMethodAccessorImpl.java:43)
	at java.lang.reflect.Method.invoke(Method.java:498)
	at org.apache.ibatis.plugin.Plugin.invoke(Plugin.java:64)
	at com.sun.proxy.$Proxy148.flushStatements(Unknown Source)
	at org.apache.ibatis.session.defaults.DefaultSqlSession.flushStatements(DefaultSqlSession.java:249)
	at com.baomidou.mybatisplus.extension.toolkit.SqlHelper.lambda$executeBatch$0(SqlHelper.java:217)
	at com.baomidou.mybatisplus.extension.toolkit.SqlHelper.executeBatch(SqlHelper.java:179)
	... 51 common frames omitted
Caused by: com.mysql.cj.jdbc.exceptions.MysqlDataTruncation: Data truncation: Data too long for column 'profession_name' at row 663
	at com.mysql.cj.jdbc.exceptions.SQLExceptionsMapping.translateException(SQLExceptionsMapping.java:104)
	at com.mysql.cj.jdbc.ClientPreparedStatement.executeInternal(ClientPreparedStatement.java:953)
	at com.mysql.cj.jdbc.ClientPreparedStatement.executeUpdateInternal(ClientPreparedStatement.java:1092)
	at com.mysql.cj.jdbc.ClientPreparedStatement.executeUpdateInternal(ClientPreparedStatement.java:1040)
	at com.mysql.cj.jdbc.ClientPreparedStatement.executeLargeUpdate(ClientPreparedStatement.java:1347)
	at com.mysql.cj.jdbc.ClientPreparedStatement.executeBatchedInserts(ClientPreparedStatement.java:716)
	... 81 common frames omitted
2026-04-17 17:24:21.826 [[36mthreadPoolTaskExecutor-1[0;39m] [[1;31mERROR[0;39m] [[32mcom.mock.example.common.utils.ExcelUtil[0;39m]: 流式解析 Excel 行失败: rowIndex=70026
org.springframework.dao.DataIntegrityViolationException: com.mock.example.modules.entrance.mapper.CeProfessionMapper.insert (batch index #1) failed. Cause: java.sql.BatchUpdateException: Data truncation: Data too long for column 'profession_name' at row 693
; Data truncation: Data too long for column 'profession_name' at row 693; nested exception is java.sql.BatchUpdateException: Data truncation: Data too long for column 'profession_name' at row 693
	at org.springframework.jdbc.support.SQLStateSQLExceptionTranslator.doTranslate(SQLStateSQLExceptionTranslator.java:104)
	at org.springframework.jdbc.support.AbstractFallbackSQLExceptionTranslator.translate(AbstractFallbackSQLExceptionTranslator.java:72)
	at org.springframework.jdbc.support.AbstractFallbackSQLExceptionTranslator.translate(AbstractFallbackSQLExceptionTranslator.java:81)
	at org.springframework.jdbc.support.AbstractFallbackSQLExceptionTranslator.translate(AbstractFallbackSQLExceptionTranslator.java:81)
	at org.mybatis.spring.MyBatisExceptionTranslator.translateExceptionIfPossible(MyBatisExceptionTranslator.java:88)
	at com.baomidou.mybatisplus.extension.toolkit.SqlHelper.executeBatch(SqlHelper.java:189)
	at com.baomidou.mybatisplus.extension.toolkit.SqlHelper.executeBatch(SqlHelper.java:211)
	at com.baomidou.mybatisplus.extension.service.impl.ServiceImpl.executeBatch(ServiceImpl.java:234)
	at com.baomidou.mybatisplus.extension.service.impl.ServiceImpl.saveBatch(ServiceImpl.java:130)
	at com.baomidou.mybatisplus.extension.service.impl.ServiceImpl$$FastClassBySpringCGLIB$$76535273.invoke(<generated>)
	at org.springframework.cglib.proxy.MethodProxy.invoke(MethodProxy.java:218)
	at org.springframework.aop.framework.CglibAopProxy$CglibMethodInvocation.invokeJoinpoint(CglibAopProxy.java:771)
	at org.springframework.aop.framework.ReflectiveMethodInvocation.proceed(ReflectiveMethodInvocation.java:163)
	at org.springframework.aop.framework.CglibAopProxy$CglibMethodInvocation.proceed(CglibAopProxy.java:749)
	at org.springframework.dao.support.PersistenceExceptionTranslationInterceptor.invoke(PersistenceExceptionTranslationInterceptor.java:139)
	at org.springframework.aop.framework.ReflectiveMethodInvocation.proceed(ReflectiveMethodInvocation.java:186)
	at org.springframework.aop.framework.CglibAopProxy$CglibMethodInvocation.proceed(CglibAopProxy.java:749)
	at org.springframework.transaction.interceptor.TransactionAspectSupport.invokeWithinTransaction(TransactionAspectSupport.java:367)
	at org.springframework.transaction.interceptor.TransactionInterceptor.invoke(TransactionInterceptor.java:118)
	at org.springframework.aop.framework.ReflectiveMethodInvocation.proceed(ReflectiveMethodInvocation.java:186)
	at org.springframework.aop.framework.CglibAopProxy$CglibMethodInvocation.proceed(CglibAopProxy.java:749)
	at org.springframework.aop.framework.CglibAopProxy$DynamicAdvisedInterceptor.intercept(CglibAopProxy.java:691)
	at com.mock.example.modules.entrance.repository.impl.CeProfessionRepoImpl$$EnhancerBySpringCGLIB$$5517fd5b.saveBatch(<generated>)
	at com.mock.example.modules.entrance.service.CeCollegeService.processImportBatch(CeCollegeService.java:221)
	at com.mock.example.modules.entrance.service.CeCollegeService.lambda$importCollegeDataAsync$6(CeCollegeService.java:133)
	at com.mock.example.common.utils.ExcelUtil$1.handle(ExcelUtil.java:261)
	at cn.hutool.poi.excel.sax.Excel07SaxReader.endElement(Excel07SaxReader.java:259)
	at org.apache.xerces.parsers.AbstractSAXParser.endElement(Unknown Source)
	at org.apache.xerces.impl.XMLNSDocumentScannerImpl.scanEndElement(Unknown Source)
	at org.apache.xerces.impl.XMLDocumentFragmentScannerImpl$FragmentContentDispatcher.dispatch(Unknown Source)
	at org.apache.xerces.impl.XMLDocumentFragmentScannerImpl.scanDocument(Unknown Source)
	at org.apache.xerces.parsers.XML11Configuration.parse(Unknown Source)
	at org.apache.xerces.parsers.XML11Configuration.parse(Unknown Source)
	at org.apache.xerces.parsers.XMLParser.parse(Unknown Source)
	at org.apache.xerces.parsers.AbstractSAXParser.parse(Unknown Source)
	at cn.hutool.poi.excel.sax.Excel07SaxReader.parse(Excel07SaxReader.java:337)
	at cn.hutool.poi.excel.sax.Excel07SaxReader.read(Excel07SaxReader.java:152)
	at cn.hutool.poi.excel.sax.Excel07SaxReader.read(Excel07SaxReader.java:122)
	at cn.hutool.poi.excel.ExcelUtil.read07BySax(ExcelUtil.java:84)
	at cn.hutool.poi.excel.ExcelUtil.readBySax(ExcelUtil.java:67)
	at cn.hutool.poi.excel.ExcelUtil.readBySax(ExcelUtil.java:53)
	at com.mock.example.common.utils.ExcelUtil.importExcelStreaming(ExcelUtil.java:186)
	at com.mock.example.modules.entrance.service.CeCollegeService.importCollegeDataAsync(CeCollegeService.java:132)
	at com.mock.example.modules.entrance.service.CeCollegeService$$FastClassBySpringCGLIB$$f1f9cc0f.invoke(<generated>)
	at org.springframework.cglib.proxy.MethodProxy.invoke(MethodProxy.java:218)
	at org.springframework.aop.framework.CglibAopProxy$CglibMethodInvocation.invokeJoinpoint(CglibAopProxy.java:771)
	at org.springframework.aop.framework.ReflectiveMethodInvocation.proceed(ReflectiveMethodInvocation.java:163)
	at org.springframework.aop.framework.CglibAopProxy$CglibMethodInvocation.proceed(CglibAopProxy.java:749)
	at org.springframework.transaction.interceptor.TransactionAspectSupport.invokeWithinTransaction(TransactionAspectSupport.java:367)
	at org.springframework.transaction.interceptor.TransactionInterceptor.invoke(TransactionInterceptor.java:118)
	at org.springframework.aop.framework.ReflectiveMethodInvocation.proceed(ReflectiveMethodInvocation.java:186)
	at org.springframework.aop.framework.CglibAopProxy$CglibMethodInvocation.proceed(CglibAopProxy.java:749)
	at org.springframework.aop.interceptor.AsyncExecutionInterceptor.lambda$invoke$0(AsyncExecutionInterceptor.java:115)
	at java.util.concurrent.FutureTask.run(FutureTask.java:266)
	at java.util.concurrent.ThreadPoolExecutor.runWorker(ThreadPoolExecutor.java:1149)
	at java.util.concurrent.ThreadPoolExecutor$Worker.run(ThreadPoolExecutor.java:624)
	at java.lang.Thread.run(Thread.java:750)
Caused by: java.sql.BatchUpdateException: Data truncation: Data too long for column 'profession_name' at row 693
	at sun.reflect.GeneratedConstructorAccessor89.newInstance(Unknown Source)
	at sun.reflect.DelegatingConstructorAccessorImpl.newInstance(DelegatingConstructorAccessorImpl.java:45)
	at java.lang.reflect.Constructor.newInstance(Constructor.java:423)
	at com.mysql.cj.util.Util.handleNewInstance(Util.java:192)
	at com.mysql.cj.util.Util.getInstance(Util.java:167)
	at com.mysql.cj.util.Util.getInstance(Util.java:174)
	at com.mysql.cj.jdbc.exceptions.SQLError.createBatchUpdateException(SQLError.java:224)
	at com.mysql.cj.jdbc.ClientPreparedStatement.executeBatchedInserts(ClientPreparedStatement.java:755)
	at com.mysql.cj.jdbc.ClientPreparedStatement.executeBatchInternal(ClientPreparedStatement.java:426)
	at com.mysql.cj.jdbc.StatementImpl.executeBatch(StatementImpl.java:796)
	at com.alibaba.druid.filter.FilterChainImpl.statement_executeBatch(FilterChainImpl.java:3066)
	at com.alibaba.druid.filter.FilterAdapter.statement_executeBatch(FilterAdapter.java:2496)
	at com.alibaba.druid.filter.FilterEventAdapter.statement_executeBatch(FilterEventAdapter.java:279)
	at com.alibaba.druid.filter.FilterChainImpl.statement_executeBatch(FilterChainImpl.java:3064)
	at com.alibaba.druid.proxy.jdbc.StatementProxyImpl.executeBatch(StatementProxyImpl.java:202)
	at com.alibaba.druid.pool.DruidPooledPreparedStatement.executeBatch(DruidPooledPreparedStatement.java:566)
	at sun.reflect.GeneratedMethodAccessor212.invoke(Unknown Source)
	at sun.reflect.DelegatingMethodAccessorImpl.invoke(DelegatingMethodAccessorImpl.java:43)
	at java.lang.reflect.Method.invoke(Method.java:498)
	at org.apache.ibatis.logging.jdbc.PreparedStatementLogger.invoke(PreparedStatementLogger.java:78)
	at com.sun.proxy.$Proxy151.executeBatch(Unknown Source)
	at com.baomidou.mybatisplus.core.executor.MybatisBatchExecutor.doFlushStatements(MybatisBatchExecutor.java:135)
	at org.apache.ibatis.executor.BaseExecutor.flushStatements(BaseExecutor.java:129)
	at org.apache.ibatis.executor.BaseExecutor.flushStatements(BaseExecutor.java:122)
	at com.baomidou.mybatisplus.core.executor.MybatisCachingExecutor.flushStatements(MybatisCachingExecutor.java:218)
	at sun.reflect.GeneratedMethodAccessor213.invoke(Unknown Source)
	at sun.reflect.DelegatingMethodAccessorImpl.invoke(DelegatingMethodAccessorImpl.java:43)
	at java.lang.reflect.Method.invoke(Method.java:498)
	at org.apache.ibatis.plugin.Plugin.invoke(Plugin.java:64)
	at com.sun.proxy.$Proxy148.flushStatements(Unknown Source)
	at sun.reflect.GeneratedMethodAccessor213.invoke(Unknown Source)
	at sun.reflect.DelegatingMethodAccessorImpl.invoke(DelegatingMethodAccessorImpl.java:43)
	at java.lang.reflect.Method.invoke(Method.java:498)
	at org.apache.ibatis.plugin.Plugin.invoke(Plugin.java:64)
	at com.sun.proxy.$Proxy148.flushStatements(Unknown Source)
	at org.apache.ibatis.session.defaults.DefaultSqlSession.flushStatements(DefaultSqlSession.java:249)
	at com.baomidou.mybatisplus.extension.toolkit.SqlHelper.lambda$executeBatch$0(SqlHelper.java:217)
	at com.baomidou.mybatisplus.extension.toolkit.SqlHelper.executeBatch(SqlHelper.java:179)
	... 51 common frames omitted
Caused by: com.mysql.cj.jdbc.exceptions.MysqlDataTruncation: Data truncation: Data too long for column 'profession_name' at row 693
	at com.mysql.cj.jdbc.exceptions.SQLExceptionsMapping.translateException(SQLExceptionsMapping.java:104)
	at com.mysql.cj.jdbc.ClientPreparedStatement.executeInternal(ClientPreparedStatement.java:953)
	at com.mysql.cj.jdbc.ClientPreparedStatement.executeUpdateInternal(ClientPreparedStatement.java:1092)
	at com.mysql.cj.jdbc.ClientPreparedStatement.executeUpdateInternal(ClientPreparedStatement.java:1040)
	at com.mysql.cj.jdbc.ClientPreparedStatement.executeLargeUpdate(ClientPreparedStatement.java:1347)
	at com.mysql.cj.jdbc.ClientPreparedStatement.executeBatchedInserts(ClientPreparedStatement.java:716)
	... 81 common frames omitted
2026-04-17 17:24:23.279 [[36mthreadPoolTaskExecutor-1[0;39m] [[1;31mERROR[0;39m] [[32mcom.mock.example.common.utils.ExcelUtil[0;39m]: 流式解析 Excel 行失败: rowIndex=72027
org.springframework.dao.DataIntegrityViolationException: com.mock.example.modules.entrance.mapper.CeProfessionMapper.insert (batch index #1) failed. Cause: java.sql.BatchUpdateException: Data truncation: Data too long for column 'profession_name' at row 72
; Data truncation: Data too long for column 'profession_name' at row 72; nested exception is java.sql.BatchUpdateException: Data truncation: Data too long for column 'profession_name' at row 72
	at org.springframework.jdbc.support.SQLStateSQLExceptionTranslator.doTranslate(SQLStateSQLExceptionTranslator.java:104)
	at org.springframework.jdbc.support.AbstractFallbackSQLExceptionTranslator.translate(AbstractFallbackSQLExceptionTranslator.java:72)
	at org.springframework.jdbc.support.AbstractFallbackSQLExceptionTranslator.translate(AbstractFallbackSQLExceptionTranslator.java:81)
	at org.springframework.jdbc.support.AbstractFallbackSQLExceptionTranslator.translate(AbstractFallbackSQLExceptionTranslator.java:81)
	at org.mybatis.spring.MyBatisExceptionTranslator.translateExceptionIfPossible(MyBatisExceptionTranslator.java:88)
	at com.baomidou.mybatisplus.extension.toolkit.SqlHelper.executeBatch(SqlHelper.java:189)
	at com.baomidou.mybatisplus.extension.toolkit.SqlHelper.executeBatch(SqlHelper.java:211)
	at com.baomidou.mybatisplus.extension.service.impl.ServiceImpl.executeBatch(ServiceImpl.java:234)
	at com.baomidou.mybatisplus.extension.service.impl.ServiceImpl.saveBatch(ServiceImpl.java:130)
	at com.baomidou.mybatisplus.extension.service.impl.ServiceImpl$$FastClassBySpringCGLIB$$76535273.invoke(<generated>)
	at org.springframework.cglib.proxy.MethodProxy.invoke(MethodProxy.java:218)
	at org.springframework.aop.framework.CglibAopProxy$CglibMethodInvocation.invokeJoinpoint(CglibAopProxy.java:771)
	at org.springframework.aop.framework.ReflectiveMethodInvocation.proceed(ReflectiveMethodInvocation.java:163)
	at org.springframework.aop.framework.CglibAopProxy$CglibMethodInvocation.proceed(CglibAopProxy.java:749)
	at org.springframework.dao.support.PersistenceExceptionTranslationInterceptor.invoke(PersistenceExceptionTranslationInterceptor.java:139)
	at org.springframework.aop.framework.ReflectiveMethodInvocation.proceed(ReflectiveMethodInvocation.java:186)
	at org.springframework.aop.framework.CglibAopProxy$CglibMethodInvocation.proceed(CglibAopProxy.java:749)
	at org.springframework.transaction.interceptor.TransactionAspectSupport.invokeWithinTransaction(TransactionAspectSupport.java:367)
	at org.springframework.transaction.interceptor.TransactionInterceptor.invoke(TransactionInterceptor.java:118)
	at org.springframework.aop.framework.ReflectiveMethodInvocation.proceed(ReflectiveMethodInvocation.java:186)
	at org.springframework.aop.framework.CglibAopProxy$CglibMethodInvocation.proceed(CglibAopProxy.java:749)
	at org.springframework.aop.framework.CglibAopProxy$DynamicAdvisedInterceptor.intercept(CglibAopProxy.java:691)
	at com.mock.example.modules.entrance.repository.impl.CeProfessionRepoImpl$$EnhancerBySpringCGLIB$$5517fd5b.saveBatch(<generated>)
	at com.mock.example.modules.entrance.service.CeCollegeService.processImportBatch(CeCollegeService.java:221)
	at com.mock.example.modules.entrance.service.CeCollegeService.lambda$importCollegeDataAsync$6(CeCollegeService.java:133)
	at com.mock.example.common.utils.ExcelUtil$1.handle(ExcelUtil.java:261)
	at cn.hutool.poi.excel.sax.Excel07SaxReader.endElement(Excel07SaxReader.java:259)
	at org.apache.xerces.parsers.AbstractSAXParser.endElement(Unknown Source)
	at org.apache.xerces.impl.XMLNSDocumentScannerImpl.scanEndElement(Unknown Source)
	at org.apache.xerces.impl.XMLDocumentFragmentScannerImpl$FragmentContentDispatcher.dispatch(Unknown Source)
	at org.apache.xerces.impl.XMLDocumentFragmentScannerImpl.scanDocument(Unknown Source)
	at org.apache.xerces.parsers.XML11Configuration.parse(Unknown Source)
	at org.apache.xerces.parsers.XML11Configuration.parse(Unknown Source)
	at org.apache.xerces.parsers.XMLParser.parse(Unknown Source)
	at org.apache.xerces.parsers.AbstractSAXParser.parse(Unknown Source)
	at cn.hutool.poi.excel.sax.Excel07SaxReader.parse(Excel07SaxReader.java:337)
	at cn.hutool.poi.excel.sax.Excel07SaxReader.read(Excel07SaxReader.java:152)
	at cn.hutool.poi.excel.sax.Excel07SaxReader.read(Excel07SaxReader.java:122)
	at cn.hutool.poi.excel.ExcelUtil.read07BySax(ExcelUtil.java:84)
	at cn.hutool.poi.excel.ExcelUtil.readBySax(ExcelUtil.java:67)
	at cn.hutool.poi.excel.ExcelUtil.readBySax(ExcelUtil.java:53)
	at com.mock.example.common.utils.ExcelUtil.importExcelStreaming(ExcelUtil.java:186)
	at com.mock.example.modules.entrance.service.CeCollegeService.importCollegeDataAsync(CeCollegeService.java:132)
	at com.mock.example.modules.entrance.service.CeCollegeService$$FastClassBySpringCGLIB$$f1f9cc0f.invoke(<generated>)
	at org.springframework.cglib.proxy.MethodProxy.invoke(MethodProxy.java:218)
	at org.springframework.aop.framework.CglibAopProxy$CglibMethodInvocation.invokeJoinpoint(CglibAopProxy.java:771)
	at org.springframework.aop.framework.ReflectiveMethodInvocation.proceed(ReflectiveMethodInvocation.java:163)
	at org.springframework.aop.framework.CglibAopProxy$CglibMethodInvocation.proceed(CglibAopProxy.java:749)
	at org.springframework.transaction.interceptor.TransactionAspectSupport.invokeWithinTransaction(TransactionAspectSupport.java:367)
	at org.springframework.transaction.interceptor.TransactionInterceptor.invoke(TransactionInterceptor.java:118)
	at org.springframework.aop.framework.ReflectiveMethodInvocation.proceed(ReflectiveMethodInvocation.java:186)
	at org.springframework.aop.framework.CglibAopProxy$CglibMethodInvocation.proceed(CglibAopProxy.java:749)
	at org.springframework.aop.interceptor.AsyncExecutionInterceptor.lambda$invoke$0(AsyncExecutionInterceptor.java:115)
	at java.util.concurrent.FutureTask.run(FutureTask.java:266)
	at java.util.concurrent.ThreadPoolExecutor.runWorker(ThreadPoolExecutor.java:1149)
	at java.util.concurrent.ThreadPoolExecutor$Worker.run(ThreadPoolExecutor.java:624)
	at java.lang.Thread.run(Thread.java:750)
Caused by: java.sql.BatchUpdateException: Data truncation: Data too long for column 'profession_name' at row 72
	at sun.reflect.GeneratedConstructorAccessor89.newInstance(Unknown Source)
	at sun.reflect.DelegatingConstructorAccessorImpl.newInstance(DelegatingConstructorAccessorImpl.java:45)
	at java.lang.reflect.Constructor.newInstance(Constructor.java:423)
	at com.mysql.cj.util.Util.handleNewInstance(Util.java:192)
	at com.mysql.cj.util.Util.getInstance(Util.java:167)
	at com.mysql.cj.util.Util.getInstance(Util.java:174)
	at com.mysql.cj.jdbc.exceptions.SQLError.createBatchUpdateException(SQLError.java:224)
	at com.mysql.cj.jdbc.ClientPreparedStatement.executeBatchedInserts(ClientPreparedStatement.java:755)
	at com.mysql.cj.jdbc.ClientPreparedStatement.executeBatchInternal(ClientPreparedStatement.java:426)
	at com.mysql.cj.jdbc.StatementImpl.executeBatch(StatementImpl.java:796)
	at com.alibaba.druid.filter.FilterChainImpl.statement_executeBatch(FilterChainImpl.java:3066)
	at com.alibaba.druid.filter.FilterAdapter.statement_executeBatch(FilterAdapter.java:2496)
	at com.alibaba.druid.filter.FilterEventAdapter.statement_executeBatch(FilterEventAdapter.java:279)
	at com.alibaba.druid.filter.FilterChainImpl.statement_executeBatch(FilterChainImpl.java:3064)
	at com.alibaba.druid.proxy.jdbc.StatementProxyImpl.executeBatch(StatementProxyImpl.java:202)
	at com.alibaba.druid.pool.DruidPooledPreparedStatement.executeBatch(DruidPooledPreparedStatement.java:566)
	at sun.reflect.GeneratedMethodAccessor212.invoke(Unknown Source)
	at sun.reflect.DelegatingMethodAccessorImpl.invoke(DelegatingMethodAccessorImpl.java:43)
	at java.lang.reflect.Method.invoke(Method.java:498)
	at org.apache.ibatis.logging.jdbc.PreparedStatementLogger.invoke(PreparedStatementLogger.java:78)
	at com.sun.proxy.$Proxy151.executeBatch(Unknown Source)
	at com.baomidou.mybatisplus.core.executor.MybatisBatchExecutor.doFlushStatements(MybatisBatchExecutor.java:135)
	at org.apache.ibatis.executor.BaseExecutor.flushStatements(BaseExecutor.java:129)
	at org.apache.ibatis.executor.BaseExecutor.flushStatements(BaseExecutor.java:122)
	at com.baomidou.mybatisplus.core.executor.MybatisCachingExecutor.flushStatements(MybatisCachingExecutor.java:218)
	at sun.reflect.GeneratedMethodAccessor213.invoke(Unknown Source)
	at sun.reflect.DelegatingMethodAccessorImpl.invoke(DelegatingMethodAccessorImpl.java:43)
	at java.lang.reflect.Method.invoke(Method.java:498)
	at org.apache.ibatis.plugin.Plugin.invoke(Plugin.java:64)
	at com.sun.proxy.$Proxy148.flushStatements(Unknown Source)
	at sun.reflect.GeneratedMethodAccessor213.invoke(Unknown Source)
	at sun.reflect.DelegatingMethodAccessorImpl.invoke(DelegatingMethodAccessorImpl.java:43)
	at java.lang.reflect.Method.invoke(Method.java:498)
	at org.apache.ibatis.plugin.Plugin.invoke(Plugin.java:64)
	at com.sun.proxy.$Proxy148.flushStatements(Unknown Source)
	at org.apache.ibatis.session.defaults.DefaultSqlSession.flushStatements(DefaultSqlSession.java:249)
	at com.baomidou.mybatisplus.extension.toolkit.SqlHelper.lambda$executeBatch$0(SqlHelper.java:217)
	at com.baomidou.mybatisplus.extension.toolkit.SqlHelper.executeBatch(SqlHelper.java:179)
	... 51 common frames omitted
Caused by: com.mysql.cj.jdbc.exceptions.MysqlDataTruncation: Data truncation: Data too long for column 'profession_name' at row 72
	at com.mysql.cj.jdbc.exceptions.SQLExceptionsMapping.translateException(SQLExceptionsMapping.java:104)
	at com.mysql.cj.jdbc.ClientPreparedStatement.executeInternal(ClientPreparedStatement.java:953)
	at com.mysql.cj.jdbc.ClientPreparedStatement.executeUpdateInternal(ClientPreparedStatement.java:1092)
	at com.mysql.cj.jdbc.ClientPreparedStatement.executeUpdateInternal(ClientPreparedStatement.java:1040)
	at com.mysql.cj.jdbc.ClientPreparedStatement.executeLargeUpdate(ClientPreparedStatement.java:1347)
	at com.mysql.cj.jdbc.ClientPreparedStatement.executeBatchedInserts(ClientPreparedStatement.java:716)
	... 81 common frames omitted
2026-04-17 17:24:24.597 [[36mthreadPoolTaskExecutor-1[0;39m] [[1;31mERROR[0;39m] [[32mcom.mock.example.common.utils.ExcelUtil[0;39m]: 流式解析 Excel 行失败: rowIndex=74028
org.springframework.dao.DataIntegrityViolationException: com.mock.example.modules.entrance.mapper.CeProfessionMapper.insert (batch index #1) failed. Cause: java.sql.BatchUpdateException: Data truncation: Data too long for column 'profession_name' at row 179
; Data truncation: Data too long for column 'profession_name' at row 179; nested exception is java.sql.BatchUpdateException: Data truncation: Data too long for column 'profession_name' at row 179
	at org.springframework.jdbc.support.SQLStateSQLExceptionTranslator.doTranslate(SQLStateSQLExceptionTranslator.java:104)
	at org.springframework.jdbc.support.AbstractFallbackSQLExceptionTranslator.translate(AbstractFallbackSQLExceptionTranslator.java:72)
	at org.springframework.jdbc.support.AbstractFallbackSQLExceptionTranslator.translate(AbstractFallbackSQLExceptionTranslator.java:81)
	at org.springframework.jdbc.support.AbstractFallbackSQLExceptionTranslator.translate(AbstractFallbackSQLExceptionTranslator.java:81)
	at org.mybatis.spring.MyBatisExceptionTranslator.translateExceptionIfPossible(MyBatisExceptionTranslator.java:88)
	at com.baomidou.mybatisplus.extension.toolkit.SqlHelper.executeBatch(SqlHelper.java:189)
	at com.baomidou.mybatisplus.extension.toolkit.SqlHelper.executeBatch(SqlHelper.java:211)
	at com.baomidou.mybatisplus.extension.service.impl.ServiceImpl.executeBatch(ServiceImpl.java:234)
	at com.baomidou.mybatisplus.extension.service.impl.ServiceImpl.saveBatch(ServiceImpl.java:130)
	at com.baomidou.mybatisplus.extension.service.impl.ServiceImpl$$FastClassBySpringCGLIB$$76535273.invoke(<generated>)
	at org.springframework.cglib.proxy.MethodProxy.invoke(MethodProxy.java:218)
	at org.springframework.aop.framework.CglibAopProxy$CglibMethodInvocation.invokeJoinpoint(CglibAopProxy.java:771)
	at org.springframework.aop.framework.ReflectiveMethodInvocation.proceed(ReflectiveMethodInvocation.java:163)
	at org.springframework.aop.framework.CglibAopProxy$CglibMethodInvocation.proceed(CglibAopProxy.java:749)
	at org.springframework.dao.support.PersistenceExceptionTranslationInterceptor.invoke(PersistenceExceptionTranslationInterceptor.java:139)
	at org.springframework.aop.framework.ReflectiveMethodInvocation.proceed(ReflectiveMethodInvocation.java:186)
	at org.springframework.aop.framework.CglibAopProxy$CglibMethodInvocation.proceed(CglibAopProxy.java:749)
	at org.springframework.transaction.interceptor.TransactionAspectSupport.invokeWithinTransaction(TransactionAspectSupport.java:367)
	at org.springframework.transaction.interceptor.TransactionInterceptor.invoke(TransactionInterceptor.java:118)
	at org.springframework.aop.framework.ReflectiveMethodInvocation.proceed(ReflectiveMethodInvocation.java:186)
	at org.springframework.aop.framework.CglibAopProxy$CglibMethodInvocation.proceed(CglibAopProxy.java:749)
	at org.springframework.aop.framework.CglibAopProxy$DynamicAdvisedInterceptor.intercept(CglibAopProxy.java:691)
	at com.mock.example.modules.entrance.repository.impl.CeProfessionRepoImpl$$EnhancerBySpringCGLIB$$5517fd5b.saveBatch(<generated>)
	at com.mock.example.modules.entrance.service.CeCollegeService.processImportBatch(CeCollegeService.java:221)
	at com.mock.example.modules.entrance.service.CeCollegeService.lambda$importCollegeDataAsync$6(CeCollegeService.java:133)
	at com.mock.example.common.utils.ExcelUtil$1.handle(ExcelUtil.java:261)
	at cn.hutool.poi.excel.sax.Excel07SaxReader.endElement(Excel07SaxReader.java:259)
	at org.apache.xerces.parsers.AbstractSAXParser.endElement(Unknown Source)
	at org.apache.xerces.impl.XMLNSDocumentScannerImpl.scanEndElement(Unknown Source)
	at org.apache.xerces.impl.XMLDocumentFragmentScannerImpl$FragmentContentDispatcher.dispatch(Unknown Source)
	at org.apache.xerces.impl.XMLDocumentFragmentScannerImpl.scanDocument(Unknown Source)
	at org.apache.xerces.parsers.XML11Configuration.parse(Unknown Source)
	at org.apache.xerces.parsers.XML11Configuration.parse(Unknown Source)
	at org.apache.xerces.parsers.XMLParser.parse(Unknown Source)
	at org.apache.xerces.parsers.AbstractSAXParser.parse(Unknown Source)
	at cn.hutool.poi.excel.sax.Excel07SaxReader.parse(Excel07SaxReader.java:337)
	at cn.hutool.poi.excel.sax.Excel07SaxReader.read(Excel07SaxReader.java:152)
	at cn.hutool.poi.excel.sax.Excel07SaxReader.read(Excel07SaxReader.java:122)
	at cn.hutool.poi.excel.ExcelUtil.read07BySax(ExcelUtil.java:84)
	at cn.hutool.poi.excel.ExcelUtil.readBySax(ExcelUtil.java:67)
	at cn.hutool.poi.excel.ExcelUtil.readBySax(ExcelUtil.java:53)
	at com.mock.example.common.utils.ExcelUtil.importExcelStreaming(ExcelUtil.java:186)
	at com.mock.example.modules.entrance.service.CeCollegeService.importCollegeDataAsync(CeCollegeService.java:132)
	at com.mock.example.modules.entrance.service.CeCollegeService$$FastClassBySpringCGLIB$$f1f9cc0f.invoke(<generated>)
	at org.springframework.cglib.proxy.MethodProxy.invoke(MethodProxy.java:218)
	at org.springframework.aop.framework.CglibAopProxy$CglibMethodInvocation.invokeJoinpoint(CglibAopProxy.java:771)
	at org.springframework.aop.framework.ReflectiveMethodInvocation.proceed(ReflectiveMethodInvocation.java:163)
	at org.springframework.aop.framework.CglibAopProxy$CglibMethodInvocation.proceed(CglibAopProxy.java:749)
	at org.springframework.transaction.interceptor.TransactionAspectSupport.invokeWithinTransaction(TransactionAspectSupport.java:367)
	at org.springframework.transaction.interceptor.TransactionInterceptor.invoke(TransactionInterceptor.java:118)
	at org.springframework.aop.framework.ReflectiveMethodInvocation.proceed(ReflectiveMethodInvocation.java:186)
	at org.springframework.aop.framework.CglibAopProxy$CglibMethodInvocation.proceed(CglibAopProxy.java:749)
	at org.springframework.aop.interceptor.AsyncExecutionInterceptor.lambda$invoke$0(AsyncExecutionInterceptor.java:115)
	at java.util.concurrent.FutureTask.run(FutureTask.java:266)
	at java.util.concurrent.ThreadPoolExecutor.runWorker(ThreadPoolExecutor.java:1149)
	at java.util.concurrent.ThreadPoolExecutor$Worker.run(ThreadPoolExecutor.java:624)
	at java.lang.Thread.run(Thread.java:750)
Caused by: java.sql.BatchUpdateException: Data truncation: Data too long for column 'profession_name' at row 179
	at sun.reflect.GeneratedConstructorAccessor89.newInstance(Unknown Source)
	at sun.reflect.DelegatingConstructorAccessorImpl.newInstance(DelegatingConstructorAccessorImpl.java:45)
	at java.lang.reflect.Constructor.newInstance(Constructor.java:423)
	at com.mysql.cj.util.Util.handleNewInstance(Util.java:192)
	at com.mysql.cj.util.Util.getInstance(Util.java:167)
	at com.mysql.cj.util.Util.getInstance(Util.java:174)
	at com.mysql.cj.jdbc.exceptions.SQLError.createBatchUpdateException(SQLError.java:224)
	at com.mysql.cj.jdbc.ClientPreparedStatement.executeBatchedInserts(ClientPreparedStatement.java:755)
	at com.mysql.cj.jdbc.ClientPreparedStatement.executeBatchInternal(ClientPreparedStatement.java:426)
	at com.mysql.cj.jdbc.StatementImpl.executeBatch(StatementImpl.java:796)
	at com.alibaba.druid.filter.FilterChainImpl.statement_executeBatch(FilterChainImpl.java:3066)
	at com.alibaba.druid.filter.FilterAdapter.statement_executeBatch(FilterAdapter.java:2496)
	at com.alibaba.druid.filter.FilterEventAdapter.statement_executeBatch(FilterEventAdapter.java:279)
	at com.alibaba.druid.filter.FilterChainImpl.statement_executeBatch(FilterChainImpl.java:3064)
	at com.alibaba.druid.proxy.jdbc.StatementProxyImpl.executeBatch(StatementProxyImpl.java:202)
	at com.alibaba.druid.pool.DruidPooledPreparedStatement.executeBatch(DruidPooledPreparedStatement.java:566)
	at sun.reflect.GeneratedMethodAccessor212.invoke(Unknown Source)
	at sun.reflect.DelegatingMethodAccessorImpl.invoke(DelegatingMethodAccessorImpl.java:43)
	at java.lang.reflect.Method.invoke(Method.java:498)
	at org.apache.ibatis.logging.jdbc.PreparedStatementLogger.invoke(PreparedStatementLogger.java:78)
	at com.sun.proxy.$Proxy151.executeBatch(Unknown Source)
	at com.baomidou.mybatisplus.core.executor.MybatisBatchExecutor.doFlushStatements(MybatisBatchExecutor.java:135)
	at org.apache.ibatis.executor.BaseExecutor.flushStatements(BaseExecutor.java:129)
	at org.apache.ibatis.executor.BaseExecutor.flushStatements(BaseExecutor.java:122)
	at com.baomidou.mybatisplus.core.executor.MybatisCachingExecutor.flushStatements(MybatisCachingExecutor.java:218)
	at sun.reflect.GeneratedMethodAccessor213.invoke(Unknown Source)
	at sun.reflect.DelegatingMethodAccessorImpl.invoke(DelegatingMethodAccessorImpl.java:43)
	at java.lang.reflect.Method.invoke(Method.java:498)
	at org.apache.ibatis.plugin.Plugin.invoke(Plugin.java:64)
	at com.sun.proxy.$Proxy148.flushStatements(Unknown Source)
	at sun.reflect.GeneratedMethodAccessor213.invoke(Unknown Source)
	at sun.reflect.DelegatingMethodAccessorImpl.invoke(DelegatingMethodAccessorImpl.java:43)
	at java.lang.reflect.Method.invoke(Method.java:498)
	at org.apache.ibatis.plugin.Plugin.invoke(Plugin.java:64)
	at com.sun.proxy.$Proxy148.flushStatements(Unknown Source)
	at org.apache.ibatis.session.defaults.DefaultSqlSession.flushStatements(DefaultSqlSession.java:249)
	at com.baomidou.mybatisplus.extension.toolkit.SqlHelper.lambda$executeBatch$0(SqlHelper.java:217)
	at com.baomidou.mybatisplus.extension.toolkit.SqlHelper.executeBatch(SqlHelper.java:179)
	... 51 common frames omitted
Caused by: com.mysql.cj.jdbc.exceptions.MysqlDataTruncation: Data truncation: Data too long for column 'profession_name' at row 179
	at com.mysql.cj.jdbc.exceptions.SQLExceptionsMapping.translateException(SQLExceptionsMapping.java:104)
	at com.mysql.cj.jdbc.ClientPreparedStatement.executeInternal(ClientPreparedStatement.java:953)
	at com.mysql.cj.jdbc.ClientPreparedStatement.executeUpdateInternal(ClientPreparedStatement.java:1092)
	at com.mysql.cj.jdbc.ClientPreparedStatement.executeUpdateInternal(ClientPreparedStatement.java:1040)
	at com.mysql.cj.jdbc.ClientPreparedStatement.executeLargeUpdate(ClientPreparedStatement.java:1347)
	at com.mysql.cj.jdbc.ClientPreparedStatement.executeBatchedInserts(ClientPreparedStatement.java:716)
	... 81 common frames omitted
2026-04-17 17:24:26.377 [[36mthreadPoolTaskExecutor-1[0;39m] [[1;31mERROR[0;39m] [[32mcom.mock.example.common.utils.ExcelUtil[0;39m]: 流式解析 Excel 行失败: rowIndex=78029
org.springframework.dao.DataIntegrityViolationException: com.mock.example.modules.entrance.mapper.CeProfessionMapper.insert (batch index #5) failed. 4 prior sub executor(s) completed successfully, but will be rolled back. Cause: java.sql.BatchUpdateException: Data truncation: Data too long for column 'profession_name' at row 8
; Data truncation: Data too long for column 'profession_name' at row 8; nested exception is java.sql.BatchUpdateException: Data truncation: Data too long for column 'profession_name' at row 8
	at org.springframework.jdbc.support.SQLStateSQLExceptionTranslator.doTranslate(SQLStateSQLExceptionTranslator.java:104)
	at org.springframework.jdbc.support.AbstractFallbackSQLExceptionTranslator.translate(AbstractFallbackSQLExceptionTranslator.java:72)
	at org.springframework.jdbc.support.AbstractFallbackSQLExceptionTranslator.translate(AbstractFallbackSQLExceptionTranslator.java:81)
	at org.springframework.jdbc.support.AbstractFallbackSQLExceptionTranslator.translate(AbstractFallbackSQLExceptionTranslator.java:81)
	at org.mybatis.spring.MyBatisExceptionTranslator.translateExceptionIfPossible(MyBatisExceptionTranslator.java:88)
	at com.baomidou.mybatisplus.extension.toolkit.SqlHelper.executeBatch(SqlHelper.java:189)
	at com.baomidou.mybatisplus.extension.toolkit.SqlHelper.executeBatch(SqlHelper.java:211)
	at com.baomidou.mybatisplus.extension.service.impl.ServiceImpl.executeBatch(ServiceImpl.java:234)
	at com.baomidou.mybatisplus.extension.service.impl.ServiceImpl.saveBatch(ServiceImpl.java:130)
	at com.baomidou.mybatisplus.extension.service.impl.ServiceImpl$$FastClassBySpringCGLIB$$76535273.invoke(<generated>)
	at org.springframework.cglib.proxy.MethodProxy.invoke(MethodProxy.java:218)
	at org.springframework.aop.framework.CglibAopProxy$CglibMethodInvocation.invokeJoinpoint(CglibAopProxy.java:771)
	at org.springframework.aop.framework.ReflectiveMethodInvocation.proceed(ReflectiveMethodInvocation.java:163)
	at org.springframework.aop.framework.CglibAopProxy$CglibMethodInvocation.proceed(CglibAopProxy.java:749)
	at org.springframework.dao.support.PersistenceExceptionTranslationInterceptor.invoke(PersistenceExceptionTranslationInterceptor.java:139)
	at org.springframework.aop.framework.ReflectiveMethodInvocation.proceed(ReflectiveMethodInvocation.java:186)
	at org.springframework.aop.framework.CglibAopProxy$CglibMethodInvocation.proceed(CglibAopProxy.java:749)
	at org.springframework.transaction.interceptor.TransactionAspectSupport.invokeWithinTransaction(TransactionAspectSupport.java:367)
	at org.springframework.transaction.interceptor.TransactionInterceptor.invoke(TransactionInterceptor.java:118)
	at org.springframework.aop.framework.ReflectiveMethodInvocation.proceed(ReflectiveMethodInvocation.java:186)
	at org.springframework.aop.framework.CglibAopProxy$CglibMethodInvocation.proceed(CglibAopProxy.java:749)
	at org.springframework.aop.framework.CglibAopProxy$DynamicAdvisedInterceptor.intercept(CglibAopProxy.java:691)
	at com.mock.example.modules.entrance.repository.impl.CeProfessionRepoImpl$$EnhancerBySpringCGLIB$$5517fd5b.saveBatch(<generated>)
	at com.mock.example.modules.entrance.service.CeCollegeService.processImportBatch(CeCollegeService.java:221)
	at com.mock.example.modules.entrance.service.CeCollegeService.lambda$importCollegeDataAsync$6(CeCollegeService.java:133)
	at com.mock.example.common.utils.ExcelUtil$1.handle(ExcelUtil.java:261)
	at cn.hutool.poi.excel.sax.Excel07SaxReader.endElement(Excel07SaxReader.java:259)
	at org.apache.xerces.parsers.AbstractSAXParser.endElement(Unknown Source)
	at org.apache.xerces.impl.XMLNSDocumentScannerImpl.scanEndElement(Unknown Source)
	at org.apache.xerces.impl.XMLDocumentFragmentScannerImpl$FragmentContentDispatcher.dispatch(Unknown Source)
	at org.apache.xerces.impl.XMLDocumentFragmentScannerImpl.scanDocument(Unknown Source)
	at org.apache.xerces.parsers.XML11Configuration.parse(Unknown Source)
	at org.apache.xerces.parsers.XML11Configuration.parse(Unknown Source)
	at org.apache.xerces.parsers.XMLParser.parse(Unknown Source)
	at org.apache.xerces.parsers.AbstractSAXParser.parse(Unknown Source)
	at cn.hutool.poi.excel.sax.Excel07SaxReader.parse(Excel07SaxReader.java:337)
	at cn.hutool.poi.excel.sax.Excel07SaxReader.read(Excel07SaxReader.java:152)
	at cn.hutool.poi.excel.sax.Excel07SaxReader.read(Excel07SaxReader.java:122)
	at cn.hutool.poi.excel.ExcelUtil.read07BySax(ExcelUtil.java:84)
	at cn.hutool.poi.excel.ExcelUtil.readBySax(ExcelUtil.java:67)
	at cn.hutool.poi.excel.ExcelUtil.readBySax(ExcelUtil.java:53)
	at com.mock.example.common.utils.ExcelUtil.importExcelStreaming(ExcelUtil.java:186)
	at com.mock.example.modules.entrance.service.CeCollegeService.importCollegeDataAsync(CeCollegeService.java:132)
	at com.mock.example.modules.entrance.service.CeCollegeService$$FastClassBySpringCGLIB$$f1f9cc0f.invoke(<generated>)
	at org.springframework.cglib.proxy.MethodProxy.invoke(MethodProxy.java:218)
	at org.springframework.aop.framework.CglibAopProxy$CglibMethodInvocation.invokeJoinpoint(CglibAopProxy.java:771)
	at org.springframework.aop.framework.ReflectiveMethodInvocation.proceed(ReflectiveMethodInvocation.java:163)
	at org.springframework.aop.framework.CglibAopProxy$CglibMethodInvocation.proceed(CglibAopProxy.java:749)
	at org.springframework.transaction.interceptor.TransactionAspectSupport.invokeWithinTransaction(TransactionAspectSupport.java:367)
	at org.springframework.transaction.interceptor.TransactionInterceptor.invoke(TransactionInterceptor.java:118)
	at org.springframework.aop.framework.ReflectiveMethodInvocation.proceed(ReflectiveMethodInvocation.java:186)
	at org.springframework.aop.framework.CglibAopProxy$CglibMethodInvocation.proceed(CglibAopProxy.java:749)
	at org.springframework.aop.interceptor.AsyncExecutionInterceptor.lambda$invoke$0(AsyncExecutionInterceptor.java:115)
	at java.util.concurrent.FutureTask.run(FutureTask.java:266)
	at java.util.concurrent.ThreadPoolExecutor.runWorker(ThreadPoolExecutor.java:1149)
	at java.util.concurrent.ThreadPoolExecutor$Worker.run(ThreadPoolExecutor.java:624)
	at java.lang.Thread.run(Thread.java:750)
Caused by: java.sql.BatchUpdateException: Data truncation: Data too long for column 'profession_name' at row 8
	at sun.reflect.GeneratedConstructorAccessor89.newInstance(Unknown Source)
	at sun.reflect.DelegatingConstructorAccessorImpl.newInstance(DelegatingConstructorAccessorImpl.java:45)
	at java.lang.reflect.Constructor.newInstance(Constructor.java:423)
	at com.mysql.cj.util.Util.handleNewInstance(Util.java:192)
	at com.mysql.cj.util.Util.getInstance(Util.java:167)
	at com.mysql.cj.util.Util.getInstance(Util.java:174)
	at com.mysql.cj.jdbc.exceptions.SQLError.createBatchUpdateException(SQLError.java:224)
	at com.mysql.cj.jdbc.ClientPreparedStatement.executeBatchedInserts(ClientPreparedStatement.java:755)
	at com.mysql.cj.jdbc.ClientPreparedStatement.executeBatchInternal(ClientPreparedStatement.java:426)
	at com.mysql.cj.jdbc.StatementImpl.executeBatch(StatementImpl.java:796)
	at com.alibaba.druid.filter.FilterChainImpl.statement_executeBatch(FilterChainImpl.java:3066)
	at com.alibaba.druid.filter.FilterAdapter.statement_executeBatch(FilterAdapter.java:2496)
	at com.alibaba.druid.filter.FilterEventAdapter.statement_executeBatch(FilterEventAdapter.java:279)
	at com.alibaba.druid.filter.FilterChainImpl.statement_executeBatch(FilterChainImpl.java:3064)
	at com.alibaba.druid.proxy.jdbc.StatementProxyImpl.executeBatch(StatementProxyImpl.java:202)
	at com.alibaba.druid.pool.DruidPooledPreparedStatement.executeBatch(DruidPooledPreparedStatement.java:566)
	at sun.reflect.GeneratedMethodAccessor212.invoke(Unknown Source)
	at sun.reflect.DelegatingMethodAccessorImpl.invoke(DelegatingMethodAccessorImpl.java:43)
	at java.lang.reflect.Method.invoke(Method.java:498)
	at org.apache.ibatis.logging.jdbc.PreparedStatementLogger.invoke(PreparedStatementLogger.java:78)
	at com.sun.proxy.$Proxy151.executeBatch(Unknown Source)
	at com.baomidou.mybatisplus.core.executor.MybatisBatchExecutor.doFlushStatements(MybatisBatchExecutor.java:135)
	at org.apache.ibatis.executor.BaseExecutor.flushStatements(BaseExecutor.java:129)
	at org.apache.ibatis.executor.BaseExecutor.flushStatements(BaseExecutor.java:122)
	at com.baomidou.mybatisplus.core.executor.MybatisCachingExecutor.flushStatements(MybatisCachingExecutor.java:218)
	at sun.reflect.GeneratedMethodAccessor213.invoke(Unknown Source)
	at sun.reflect.DelegatingMethodAccessorImpl.invoke(DelegatingMethodAccessorImpl.java:43)
	at java.lang.reflect.Method.invoke(Method.java:498)
	at org.apache.ibatis.plugin.Plugin.invoke(Plugin.java:64)
	at com.sun.proxy.$Proxy148.flushStatements(Unknown Source)
	at sun.reflect.GeneratedMethodAccessor213.invoke(Unknown Source)
	at sun.reflect.DelegatingMethodAccessorImpl.invoke(DelegatingMethodAccessorImpl.java:43)
	at java.lang.reflect.Method.invoke(Method.java:498)
	at org.apache.ibatis.plugin.Plugin.invoke(Plugin.java:64)
	at com.sun.proxy.$Proxy148.flushStatements(Unknown Source)
	at org.apache.ibatis.session.defaults.DefaultSqlSession.flushStatements(DefaultSqlSession.java:249)
	at com.baomidou.mybatisplus.extension.toolkit.SqlHelper.lambda$executeBatch$0(SqlHelper.java:217)
	at com.baomidou.mybatisplus.extension.toolkit.SqlHelper.executeBatch(SqlHelper.java:179)
	... 51 common frames omitted
Caused by: com.mysql.cj.jdbc.exceptions.MysqlDataTruncation: Data truncation: Data too long for column 'profession_name' at row 8
	at com.mysql.cj.jdbc.exceptions.SQLExceptionsMapping.translateException(SQLExceptionsMapping.java:104)
	at com.mysql.cj.jdbc.ClientPreparedStatement.executeInternal(ClientPreparedStatement.java:953)
	at com.mysql.cj.jdbc.ClientPreparedStatement.executeUpdateInternal(ClientPreparedStatement.java:1092)
	at com.mysql.cj.jdbc.ClientPreparedStatement.executeUpdateInternal(ClientPreparedStatement.java:1040)
	at com.mysql.cj.jdbc.ClientPreparedStatement.executeLargeUpdate(ClientPreparedStatement.java:1347)
	at com.mysql.cj.jdbc.ClientPreparedStatement.executeBatchedInserts(ClientPreparedStatement.java:716)
	... 81 common frames omitted
2026-04-17 17:24:28.187 [[36mthreadPoolTaskExecutor-1[0;39m] [[1;31mERROR[0;39m] [[32mcom.mock.example.common.utils.ExcelUtil[0;39m]: 流式解析 Excel 行失败: rowIndex=82030
org.springframework.dao.DataIntegrityViolationException: com.mock.example.modules.entrance.mapper.CeProfessionMapper.insert (batch index #1) failed. Cause: java.sql.BatchUpdateException: Data truncation: Data too long for column 'profession_name' at row 345
; Data truncation: Data too long for column 'profession_name' at row 345; nested exception is java.sql.BatchUpdateException: Data truncation: Data too long for column 'profession_name' at row 345
	at org.springframework.jdbc.support.SQLStateSQLExceptionTranslator.doTranslate(SQLStateSQLExceptionTranslator.java:104)
	at org.springframework.jdbc.support.AbstractFallbackSQLExceptionTranslator.translate(AbstractFallbackSQLExceptionTranslator.java:72)
	at org.springframework.jdbc.support.AbstractFallbackSQLExceptionTranslator.translate(AbstractFallbackSQLExceptionTranslator.java:81)
	at org.springframework.jdbc.support.AbstractFallbackSQLExceptionTranslator.translate(AbstractFallbackSQLExceptionTranslator.java:81)
	at org.mybatis.spring.MyBatisExceptionTranslator.translateExceptionIfPossible(MyBatisExceptionTranslator.java:88)
	at com.baomidou.mybatisplus.extension.toolkit.SqlHelper.executeBatch(SqlHelper.java:189)
	at com.baomidou.mybatisplus.extension.toolkit.SqlHelper.executeBatch(SqlHelper.java:211)
	at com.baomidou.mybatisplus.extension.service.impl.ServiceImpl.executeBatch(ServiceImpl.java:234)
	at com.baomidou.mybatisplus.extension.service.impl.ServiceImpl.saveBatch(ServiceImpl.java:130)
	at com.baomidou.mybatisplus.extension.service.impl.ServiceImpl$$FastClassBySpringCGLIB$$76535273.invoke(<generated>)
	at org.springframework.cglib.proxy.MethodProxy.invoke(MethodProxy.java:218)
	at org.springframework.aop.framework.CglibAopProxy$CglibMethodInvocation.invokeJoinpoint(CglibAopProxy.java:771)
	at org.springframework.aop.framework.ReflectiveMethodInvocation.proceed(ReflectiveMethodInvocation.java:163)
	at org.springframework.aop.framework.CglibAopProxy$CglibMethodInvocation.proceed(CglibAopProxy.java:749)
	at org.springframework.dao.support.PersistenceExceptionTranslationInterceptor.invoke(PersistenceExceptionTranslationInterceptor.java:139)
	at org.springframework.aop.framework.ReflectiveMethodInvocation.proceed(ReflectiveMethodInvocation.java:186)
	at org.springframework.aop.framework.CglibAopProxy$CglibMethodInvocation.proceed(CglibAopProxy.java:749)
	at org.springframework.transaction.interceptor.TransactionAspectSupport.invokeWithinTransaction(TransactionAspectSupport.java:367)
	at org.springframework.transaction.interceptor.TransactionInterceptor.invoke(TransactionInterceptor.java:118)
	at org.springframework.aop.framework.ReflectiveMethodInvocation.proceed(ReflectiveMethodInvocation.java:186)
	at org.springframework.aop.framework.CglibAopProxy$CglibMethodInvocation.proceed(CglibAopProxy.java:749)
	at org.springframework.aop.framework.CglibAopProxy$DynamicAdvisedInterceptor.intercept(CglibAopProxy.java:691)
	at com.mock.example.modules.entrance.repository.impl.CeProfessionRepoImpl$$EnhancerBySpringCGLIB$$5517fd5b.saveBatch(<generated>)
	at com.mock.example.modules.entrance.service.CeCollegeService.processImportBatch(CeCollegeService.java:221)
	at com.mock.example.modules.entrance.service.CeCollegeService.lambda$importCollegeDataAsync$6(CeCollegeService.java:133)
	at com.mock.example.common.utils.ExcelUtil$1.handle(ExcelUtil.java:261)
	at cn.hutool.poi.excel.sax.Excel07SaxReader.endElement(Excel07SaxReader.java:259)
	at org.apache.xerces.parsers.AbstractSAXParser.endElement(Unknown Source)
	at org.apache.xerces.impl.XMLNSDocumentScannerImpl.scanEndElement(Unknown Source)
	at org.apache.xerces.impl.XMLDocumentFragmentScannerImpl$FragmentContentDispatcher.dispatch(Unknown Source)
	at org.apache.xerces.impl.XMLDocumentFragmentScannerImpl.scanDocument(Unknown Source)
	at org.apache.xerces.parsers.XML11Configuration.parse(Unknown Source)
	at org.apache.xerces.parsers.XML11Configuration.parse(Unknown Source)
	at org.apache.xerces.parsers.XMLParser.parse(Unknown Source)
	at org.apache.xerces.parsers.AbstractSAXParser.parse(Unknown Source)
	at cn.hutool.poi.excel.sax.Excel07SaxReader.parse(Excel07SaxReader.java:337)
	at cn.hutool.poi.excel.sax.Excel07SaxReader.read(Excel07SaxReader.java:152)
	at cn.hutool.poi.excel.sax.Excel07SaxReader.read(Excel07SaxReader.java:122)
	at cn.hutool.poi.excel.ExcelUtil.read07BySax(ExcelUtil.java:84)
	at cn.hutool.poi.excel.ExcelUtil.readBySax(ExcelUtil.java:67)
	at cn.hutool.poi.excel.ExcelUtil.readBySax(ExcelUtil.java:53)
	at com.mock.example.common.utils.ExcelUtil.importExcelStreaming(ExcelUtil.java:186)
	at com.mock.example.modules.entrance.service.CeCollegeService.importCollegeDataAsync(CeCollegeService.java:132)
	at com.mock.example.modules.entrance.service.CeCollegeService$$FastClassBySpringCGLIB$$f1f9cc0f.invoke(<generated>)
	at org.springframework.cglib.proxy.MethodProxy.invoke(MethodProxy.java:218)
	at org.springframework.aop.framework.CglibAopProxy$CglibMethodInvocation.invokeJoinpoint(CglibAopProxy.java:771)
	at org.springframework.aop.framework.ReflectiveMethodInvocation.proceed(ReflectiveMethodInvocation.java:163)
	at org.springframework.aop.framework.CglibAopProxy$CglibMethodInvocation.proceed(CglibAopProxy.java:749)
	at org.springframework.transaction.interceptor.TransactionAspectSupport.invokeWithinTransaction(TransactionAspectSupport.java:367)
	at org.springframework.transaction.interceptor.TransactionInterceptor.invoke(TransactionInterceptor.java:118)
	at org.springframework.aop.framework.ReflectiveMethodInvocation.proceed(ReflectiveMethodInvocation.java:186)
	at org.springframework.aop.framework.CglibAopProxy$CglibMethodInvocation.proceed(CglibAopProxy.java:749)
	at org.springframework.aop.interceptor.AsyncExecutionInterceptor.lambda$invoke$0(AsyncExecutionInterceptor.java:115)
	at java.util.concurrent.FutureTask.run(FutureTask.java:266)
	at java.util.concurrent.ThreadPoolExecutor.runWorker(ThreadPoolExecutor.java:1149)
	at java.util.concurrent.ThreadPoolExecutor$Worker.run(ThreadPoolExecutor.java:624)
	at java.lang.Thread.run(Thread.java:750)
Caused by: java.sql.BatchUpdateException: Data truncation: Data too long for column 'profession_name' at row 345
	at sun.reflect.GeneratedConstructorAccessor89.newInstance(Unknown Source)
	at sun.reflect.DelegatingConstructorAccessorImpl.newInstance(DelegatingConstructorAccessorImpl.java:45)
	at java.lang.reflect.Constructor.newInstance(Constructor.java:423)
	at com.mysql.cj.util.Util.handleNewInstance(Util.java:192)
	at com.mysql.cj.util.Util.getInstance(Util.java:167)
	at com.mysql.cj.util.Util.getInstance(Util.java:174)
	at com.mysql.cj.jdbc.exceptions.SQLError.createBatchUpdateException(SQLError.java:224)
	at com.mysql.cj.jdbc.ClientPreparedStatement.executeBatchedInserts(ClientPreparedStatement.java:755)
	at com.mysql.cj.jdbc.ClientPreparedStatement.executeBatchInternal(ClientPreparedStatement.java:426)
	at com.mysql.cj.jdbc.StatementImpl.executeBatch(StatementImpl.java:796)
	at com.alibaba.druid.filter.FilterChainImpl.statement_executeBatch(FilterChainImpl.java:3066)
	at com.alibaba.druid.filter.FilterAdapter.statement_executeBatch(FilterAdapter.java:2496)
	at com.alibaba.druid.filter.FilterEventAdapter.statement_executeBatch(FilterEventAdapter.java:279)
	at com.alibaba.druid.filter.FilterChainImpl.statement_executeBatch(FilterChainImpl.java:3064)
	at com.alibaba.druid.proxy.jdbc.StatementProxyImpl.executeBatch(StatementProxyImpl.java:202)
	at com.alibaba.druid.pool.DruidPooledPreparedStatement.executeBatch(DruidPooledPreparedStatement.java:566)
	at sun.reflect.GeneratedMethodAccessor212.invoke(Unknown Source)
	at sun.reflect.DelegatingMethodAccessorImpl.invoke(DelegatingMethodAccessorImpl.java:43)
	at java.lang.reflect.Method.invoke(Method.java:498)
	at org.apache.ibatis.logging.jdbc.PreparedStatementLogger.invoke(PreparedStatementLogger.java:78)
	at com.sun.proxy.$Proxy151.executeBatch(Unknown Source)
	at com.baomidou.mybatisplus.core.executor.MybatisBatchExecutor.doFlushStatements(MybatisBatchExecutor.java:135)
	at org.apache.ibatis.executor.BaseExecutor.flushStatements(BaseExecutor.java:129)
	at org.apache.ibatis.executor.BaseExecutor.flushStatements(BaseExecutor.java:122)
	at com.baomidou.mybatisplus.core.executor.MybatisCachingExecutor.flushStatements(MybatisCachingExecutor.java:218)
	at sun.reflect.GeneratedMethodAccessor213.invoke(Unknown Source)
	at sun.reflect.DelegatingMethodAccessorImpl.invoke(DelegatingMethodAccessorImpl.java:43)
	at java.lang.reflect.Method.invoke(Method.java:498)
	at org.apache.ibatis.plugin.Plugin.invoke(Plugin.java:64)
	at com.sun.proxy.$Proxy148.flushStatements(Unknown Source)
	at sun.reflect.GeneratedMethodAccessor213.invoke(Unknown Source)
	at sun.reflect.DelegatingMethodAccessorImpl.invoke(DelegatingMethodAccessorImpl.java:43)
	at java.lang.reflect.Method.invoke(Method.java:498)
	at org.apache.ibatis.plugin.Plugin.invoke(Plugin.java:64)
	at com.sun.proxy.$Proxy148.flushStatements(Unknown Source)
	at org.apache.ibatis.session.defaults.DefaultSqlSession.flushStatements(DefaultSqlSession.java:249)
	at com.baomidou.mybatisplus.extension.toolkit.SqlHelper.lambda$executeBatch$0(SqlHelper.java:217)
	at com.baomidou.mybatisplus.extension.toolkit.SqlHelper.executeBatch(SqlHelper.java:179)
	... 51 common frames omitted
Caused by: com.mysql.cj.jdbc.exceptions.MysqlDataTruncation: Data truncation: Data too long for column 'profession_name' at row 345
	at com.mysql.cj.jdbc.exceptions.SQLExceptionsMapping.translateException(SQLExceptionsMapping.java:104)
	at com.mysql.cj.jdbc.ClientPreparedStatement.executeInternal(ClientPreparedStatement.java:953)
	at com.mysql.cj.jdbc.ClientPreparedStatement.executeUpdateInternal(ClientPreparedStatement.java:1092)
	at com.mysql.cj.jdbc.ClientPreparedStatement.executeUpdateInternal(ClientPreparedStatement.java:1040)
	at com.mysql.cj.jdbc.ClientPreparedStatement.executeLargeUpdate(ClientPreparedStatement.java:1347)
	at com.mysql.cj.jdbc.ClientPreparedStatement.executeBatchedInserts(ClientPreparedStatement.java:716)
	... 81 common frames omitted
2026-04-17 17:24:29.628 [[36mthreadPoolTaskExecutor-1[0;39m] [[1;31mERROR[0;39m] [[32mcom.mock.example.common.utils.ExcelUtil[0;39m]: 流式解析 Excel 行失败: rowIndex=84031
org.springframework.dao.DataIntegrityViolationException: com.mock.example.modules.entrance.mapper.CeProfessionMapper.insert (batch index #1) failed. Cause: java.sql.BatchUpdateException: Data truncation: Data too long for column 'profession_name' at row 286
; Data truncation: Data too long for column 'profession_name' at row 286; nested exception is java.sql.BatchUpdateException: Data truncation: Data too long for column 'profession_name' at row 286
	at org.springframework.jdbc.support.SQLStateSQLExceptionTranslator.doTranslate(SQLStateSQLExceptionTranslator.java:104)
	at org.springframework.jdbc.support.AbstractFallbackSQLExceptionTranslator.translate(AbstractFallbackSQLExceptionTranslator.java:72)
	at org.springframework.jdbc.support.AbstractFallbackSQLExceptionTranslator.translate(AbstractFallbackSQLExceptionTranslator.java:81)
	at org.springframework.jdbc.support.AbstractFallbackSQLExceptionTranslator.translate(AbstractFallbackSQLExceptionTranslator.java:81)
	at org.mybatis.spring.MyBatisExceptionTranslator.translateExceptionIfPossible(MyBatisExceptionTranslator.java:88)
	at com.baomidou.mybatisplus.extension.toolkit.SqlHelper.executeBatch(SqlHelper.java:189)
	at com.baomidou.mybatisplus.extension.toolkit.SqlHelper.executeBatch(SqlHelper.java:211)
	at com.baomidou.mybatisplus.extension.service.impl.ServiceImpl.executeBatch(ServiceImpl.java:234)
	at com.baomidou.mybatisplus.extension.service.impl.ServiceImpl.saveBatch(ServiceImpl.java:130)
	at com.baomidou.mybatisplus.extension.service.impl.ServiceImpl$$FastClassBySpringCGLIB$$76535273.invoke(<generated>)
	at org.springframework.cglib.proxy.MethodProxy.invoke(MethodProxy.java:218)
	at org.springframework.aop.framework.CglibAopProxy$CglibMethodInvocation.invokeJoinpoint(CglibAopProxy.java:771)
	at org.springframework.aop.framework.ReflectiveMethodInvocation.proceed(ReflectiveMethodInvocation.java:163)
	at org.springframework.aop.framework.CglibAopProxy$CglibMethodInvocation.proceed(CglibAopProxy.java:749)
	at org.springframework.dao.support.PersistenceExceptionTranslationInterceptor.invoke(PersistenceExceptionTranslationInterceptor.java:139)
	at org.springframework.aop.framework.ReflectiveMethodInvocation.proceed(ReflectiveMethodInvocation.java:186)
	at org.springframework.aop.framework.CglibAopProxy$CglibMethodInvocation.proceed(CglibAopProxy.java:749)
	at org.springframework.transaction.interceptor.TransactionAspectSupport.invokeWithinTransaction(TransactionAspectSupport.java:367)
	at org.springframework.transaction.interceptor.TransactionInterceptor.invoke(TransactionInterceptor.java:118)
	at org.springframework.aop.framework.ReflectiveMethodInvocation.proceed(ReflectiveMethodInvocation.java:186)
	at org.springframework.aop.framework.CglibAopProxy$CglibMethodInvocation.proceed(CglibAopProxy.java:749)
	at org.springframework.aop.framework.CglibAopProxy$DynamicAdvisedInterceptor.intercept(CglibAopProxy.java:691)
	at com.mock.example.modules.entrance.repository.impl.CeProfessionRepoImpl$$EnhancerBySpringCGLIB$$5517fd5b.saveBatch(<generated>)
	at com.mock.example.modules.entrance.service.CeCollegeService.processImportBatch(CeCollegeService.java:221)
	at com.mock.example.modules.entrance.service.CeCollegeService.lambda$importCollegeDataAsync$6(CeCollegeService.java:133)
	at com.mock.example.common.utils.ExcelUtil$1.handle(ExcelUtil.java:261)
	at cn.hutool.poi.excel.sax.Excel07SaxReader.endElement(Excel07SaxReader.java:259)
	at org.apache.xerces.parsers.AbstractSAXParser.endElement(Unknown Source)
	at org.apache.xerces.impl.XMLNSDocumentScannerImpl.scanEndElement(Unknown Source)
	at org.apache.xerces.impl.XMLDocumentFragmentScannerImpl$FragmentContentDispatcher.dispatch(Unknown Source)
	at org.apache.xerces.impl.XMLDocumentFragmentScannerImpl.scanDocument(Unknown Source)
	at org.apache.xerces.parsers.XML11Configuration.parse(Unknown Source)
	at org.apache.xerces.parsers.XML11Configuration.parse(Unknown Source)
	at org.apache.xerces.parsers.XMLParser.parse(Unknown Source)
	at org.apache.xerces.parsers.AbstractSAXParser.parse(Unknown Source)
	at cn.hutool.poi.excel.sax.Excel07SaxReader.parse(Excel07SaxReader.java:337)
	at cn.hutool.poi.excel.sax.Excel07SaxReader.read(Excel07SaxReader.java:152)
	at cn.hutool.poi.excel.sax.Excel07SaxReader.read(Excel07SaxReader.java:122)
	at cn.hutool.poi.excel.ExcelUtil.read07BySax(ExcelUtil.java:84)
	at cn.hutool.poi.excel.ExcelUtil.readBySax(ExcelUtil.java:67)
	at cn.hutool.poi.excel.ExcelUtil.readBySax(ExcelUtil.java:53)
	at com.mock.example.common.utils.ExcelUtil.importExcelStreaming(ExcelUtil.java:186)
	at com.mock.example.modules.entrance.service.CeCollegeService.importCollegeDataAsync(CeCollegeService.java:132)
	at com.mock.example.modules.entrance.service.CeCollegeService$$FastClassBySpringCGLIB$$f1f9cc0f.invoke(<generated>)
	at org.springframework.cglib.proxy.MethodProxy.invoke(MethodProxy.java:218)
	at org.springframework.aop.framework.CglibAopProxy$CglibMethodInvocation.invokeJoinpoint(CglibAopProxy.java:771)
	at org.springframework.aop.framework.ReflectiveMethodInvocation.proceed(ReflectiveMethodInvocation.java:163)
	at org.springframework.aop.framework.CglibAopProxy$CglibMethodInvocation.proceed(CglibAopProxy.java:749)
	at org.springframework.transaction.interceptor.TransactionAspectSupport.invokeWithinTransaction(TransactionAspectSupport.java:367)
	at org.springframework.transaction.interceptor.TransactionInterceptor.invoke(TransactionInterceptor.java:118)
	at org.springframework.aop.framework.ReflectiveMethodInvocation.proceed(ReflectiveMethodInvocation.java:186)
	at org.springframework.aop.framework.CglibAopProxy$CglibMethodInvocation.proceed(CglibAopProxy.java:749)
	at org.springframework.aop.interceptor.AsyncExecutionInterceptor.lambda$invoke$0(AsyncExecutionInterceptor.java:115)
	at java.util.concurrent.FutureTask.run(FutureTask.java:266)
	at java.util.concurrent.ThreadPoolExecutor.runWorker(ThreadPoolExecutor.java:1149)
	at java.util.concurrent.ThreadPoolExecutor$Worker.run(ThreadPoolExecutor.java:624)
	at java.lang.Thread.run(Thread.java:750)
Caused by: java.sql.BatchUpdateException: Data truncation: Data too long for column 'profession_name' at row 286
	at sun.reflect.GeneratedConstructorAccessor89.newInstance(Unknown Source)
	at sun.reflect.DelegatingConstructorAccessorImpl.newInstance(DelegatingConstructorAccessorImpl.java:45)
	at java.lang.reflect.Constructor.newInstance(Constructor.java:423)
	at com.mysql.cj.util.Util.handleNewInstance(Util.java:192)
	at com.mysql.cj.util.Util.getInstance(Util.java:167)
	at com.mysql.cj.util.Util.getInstance(Util.java:174)
	at com.mysql.cj.jdbc.exceptions.SQLError.createBatchUpdateException(SQLError.java:224)
	at com.mysql.cj.jdbc.ClientPreparedStatement.executeBatchedInserts(ClientPreparedStatement.java:755)
	at com.mysql.cj.jdbc.ClientPreparedStatement.executeBatchInternal(ClientPreparedStatement.java:426)
	at com.mysql.cj.jdbc.StatementImpl.executeBatch(StatementImpl.java:796)
	at com.alibaba.druid.filter.FilterChainImpl.statement_executeBatch(FilterChainImpl.java:3066)
	at com.alibaba.druid.filter.FilterAdapter.statement_executeBatch(FilterAdapter.java:2496)
	at com.alibaba.druid.filter.FilterEventAdapter.statement_executeBatch(FilterEventAdapter.java:279)
	at com.alibaba.druid.filter.FilterChainImpl.statement_executeBatch(FilterChainImpl.java:3064)
	at com.alibaba.druid.proxy.jdbc.StatementProxyImpl.executeBatch(StatementProxyImpl.java:202)
	at com.alibaba.druid.pool.DruidPooledPreparedStatement.executeBatch(DruidPooledPreparedStatement.java:566)
	at sun.reflect.GeneratedMethodAccessor212.invoke(Unknown Source)
	at sun.reflect.DelegatingMethodAccessorImpl.invoke(DelegatingMethodAccessorImpl.java:43)
	at java.lang.reflect.Method.invoke(Method.java:498)
	at org.apache.ibatis.logging.jdbc.PreparedStatementLogger.invoke(PreparedStatementLogger.java:78)
	at com.sun.proxy.$Proxy151.executeBatch(Unknown Source)
	at com.baomidou.mybatisplus.core.executor.MybatisBatchExecutor.doFlushStatements(MybatisBatchExecutor.java:135)
	at org.apache.ibatis.executor.BaseExecutor.flushStatements(BaseExecutor.java:129)
	at org.apache.ibatis.executor.BaseExecutor.flushStatements(BaseExecutor.java:122)
	at com.baomidou.mybatisplus.core.executor.MybatisCachingExecutor.flushStatements(MybatisCachingExecutor.java:218)
	at sun.reflect.GeneratedMethodAccessor213.invoke(Unknown Source)
	at sun.reflect.DelegatingMethodAccessorImpl.invoke(DelegatingMethodAccessorImpl.java:43)
	at java.lang.reflect.Method.invoke(Method.java:498)
	at org.apache.ibatis.plugin.Plugin.invoke(Plugin.java:64)
	at com.sun.proxy.$Proxy148.flushStatements(Unknown Source)
	at sun.reflect.GeneratedMethodAccessor213.invoke(Unknown Source)
	at sun.reflect.DelegatingMethodAccessorImpl.invoke(DelegatingMethodAccessorImpl.java:43)
	at java.lang.reflect.Method.invoke(Method.java:498)
	at org.apache.ibatis.plugin.Plugin.invoke(Plugin.java:64)
	at com.sun.proxy.$Proxy148.flushStatements(Unknown Source)
	at org.apache.ibatis.session.defaults.DefaultSqlSession.flushStatements(DefaultSqlSession.java:249)
	at com.baomidou.mybatisplus.extension.toolkit.SqlHelper.lambda$executeBatch$0(SqlHelper.java:217)
	at com.baomidou.mybatisplus.extension.toolkit.SqlHelper.executeBatch(SqlHelper.java:179)
	... 51 common frames omitted
Caused by: com.mysql.cj.jdbc.exceptions.MysqlDataTruncation: Data truncation: Data too long for column 'profession_name' at row 286
	at com.mysql.cj.jdbc.exceptions.SQLExceptionsMapping.translateException(SQLExceptionsMapping.java:104)
	at com.mysql.cj.jdbc.ClientPreparedStatement.executeInternal(ClientPreparedStatement.java:953)
	at com.mysql.cj.jdbc.ClientPreparedStatement.executeUpdateInternal(ClientPreparedStatement.java:1092)
	at com.mysql.cj.jdbc.ClientPreparedStatement.executeUpdateInternal(ClientPreparedStatement.java:1040)
	at com.mysql.cj.jdbc.ClientPreparedStatement.executeLargeUpdate(ClientPreparedStatement.java:1347)
	at com.mysql.cj.jdbc.ClientPreparedStatement.executeBatchedInserts(ClientPreparedStatement.java:716)
	... 81 common frames omitted
2026-04-17 17:24:31.057 [[36mthreadPoolTaskExecutor-1[0;39m] [[1;31mERROR[0;39m] [[32mcom.mock.example.common.utils.ExcelUtil[0;39m]: 流式解析 Excel 行失败: rowIndex=86032
org.springframework.dao.DataIntegrityViolationException: com.mock.example.modules.entrance.mapper.CeProfessionMapper.insert (batch index #1) failed. Cause: java.sql.BatchUpdateException: Data truncation: Data too long for column 'profession_name' at row 135
; Data truncation: Data too long for column 'profession_name' at row 135; nested exception is java.sql.BatchUpdateException: Data truncation: Data too long for column 'profession_name' at row 135
	at org.springframework.jdbc.support.SQLStateSQLExceptionTranslator.doTranslate(SQLStateSQLExceptionTranslator.java:104)
	at org.springframework.jdbc.support.AbstractFallbackSQLExceptionTranslator.translate(AbstractFallbackSQLExceptionTranslator.java:72)
	at org.springframework.jdbc.support.AbstractFallbackSQLExceptionTranslator.translate(AbstractFallbackSQLExceptionTranslator.java:81)
	at org.springframework.jdbc.support.AbstractFallbackSQLExceptionTranslator.translate(AbstractFallbackSQLExceptionTranslator.java:81)
	at org.mybatis.spring.MyBatisExceptionTranslator.translateExceptionIfPossible(MyBatisExceptionTranslator.java:88)
	at com.baomidou.mybatisplus.extension.toolkit.SqlHelper.executeBatch(SqlHelper.java:189)
	at com.baomidou.mybatisplus.extension.toolkit.SqlHelper.executeBatch(SqlHelper.java:211)
	at com.baomidou.mybatisplus.extension.service.impl.ServiceImpl.executeBatch(ServiceImpl.java:234)
	at com.baomidou.mybatisplus.extension.service.impl.ServiceImpl.saveBatch(ServiceImpl.java:130)
	at com.baomidou.mybatisplus.extension.service.impl.ServiceImpl$$FastClassBySpringCGLIB$$76535273.invoke(<generated>)
	at org.springframework.cglib.proxy.MethodProxy.invoke(MethodProxy.java:218)
	at org.springframework.aop.framework.CglibAopProxy$CglibMethodInvocation.invokeJoinpoint(CglibAopProxy.java:771)
	at org.springframework.aop.framework.ReflectiveMethodInvocation.proceed(ReflectiveMethodInvocation.java:163)
	at org.springframework.aop.framework.CglibAopProxy$CglibMethodInvocation.proceed(CglibAopProxy.java:749)
	at org.springframework.dao.support.PersistenceExceptionTranslationInterceptor.invoke(PersistenceExceptionTranslationInterceptor.java:139)
	at org.springframework.aop.framework.ReflectiveMethodInvocation.proceed(ReflectiveMethodInvocation.java:186)
	at org.springframework.aop.framework.CglibAopProxy$CglibMethodInvocation.proceed(CglibAopProxy.java:749)
	at org.springframework.transaction.interceptor.TransactionAspectSupport.invokeWithinTransaction(TransactionAspectSupport.java:367)
	at org.springframework.transaction.interceptor.TransactionInterceptor.invoke(TransactionInterceptor.java:118)
	at org.springframework.aop.framework.ReflectiveMethodInvocation.proceed(ReflectiveMethodInvocation.java:186)
	at org.springframework.aop.framework.CglibAopProxy$CglibMethodInvocation.proceed(CglibAopProxy.java:749)
	at org.springframework.aop.framework.CglibAopProxy$DynamicAdvisedInterceptor.intercept(CglibAopProxy.java:691)
	at com.mock.example.modules.entrance.repository.impl.CeProfessionRepoImpl$$EnhancerBySpringCGLIB$$5517fd5b.saveBatch(<generated>)
	at com.mock.example.modules.entrance.service.CeCollegeService.processImportBatch(CeCollegeService.java:221)
	at com.mock.example.modules.entrance.service.CeCollegeService.lambda$importCollegeDataAsync$6(CeCollegeService.java:133)
	at com.mock.example.common.utils.ExcelUtil$1.handle(ExcelUtil.java:261)
	at cn.hutool.poi.excel.sax.Excel07SaxReader.endElement(Excel07SaxReader.java:259)
	at org.apache.xerces.parsers.AbstractSAXParser.endElement(Unknown Source)
	at org.apache.xerces.impl.XMLNSDocumentScannerImpl.scanEndElement(Unknown Source)
	at org.apache.xerces.impl.XMLDocumentFragmentScannerImpl$FragmentContentDispatcher.dispatch(Unknown Source)
	at org.apache.xerces.impl.XMLDocumentFragmentScannerImpl.scanDocument(Unknown Source)
	at org.apache.xerces.parsers.XML11Configuration.parse(Unknown Source)
	at org.apache.xerces.parsers.XML11Configuration.parse(Unknown Source)
	at org.apache.xerces.parsers.XMLParser.parse(Unknown Source)
	at org.apache.xerces.parsers.AbstractSAXParser.parse(Unknown Source)
	at cn.hutool.poi.excel.sax.Excel07SaxReader.parse(Excel07SaxReader.java:337)
	at cn.hutool.poi.excel.sax.Excel07SaxReader.read(Excel07SaxReader.java:152)
	at cn.hutool.poi.excel.sax.Excel07SaxReader.read(Excel07SaxReader.java:122)
	at cn.hutool.poi.excel.ExcelUtil.read07BySax(ExcelUtil.java:84)
	at cn.hutool.poi.excel.ExcelUtil.readBySax(ExcelUtil.java:67)
	at cn.hutool.poi.excel.ExcelUtil.readBySax(ExcelUtil.java:53)
	at com.mock.example.common.utils.ExcelUtil.importExcelStreaming(ExcelUtil.java:186)
	at com.mock.example.modules.entrance.service.CeCollegeService.importCollegeDataAsync(CeCollegeService.java:132)
	at com.mock.example.modules.entrance.service.CeCollegeService$$FastClassBySpringCGLIB$$f1f9cc0f.invoke(<generated>)
	at org.springframework.cglib.proxy.MethodProxy.invoke(MethodProxy.java:218)
	at org.springframework.aop.framework.CglibAopProxy$CglibMethodInvocation.invokeJoinpoint(CglibAopProxy.java:771)
	at org.springframework.aop.framework.ReflectiveMethodInvocation.proceed(ReflectiveMethodInvocation.java:163)
	at org.springframework.aop.framework.CglibAopProxy$CglibMethodInvocation.proceed(CglibAopProxy.java:749)
	at org.springframework.transaction.interceptor.TransactionAspectSupport.invokeWithinTransaction(TransactionAspectSupport.java:367)
	at org.springframework.transaction.interceptor.TransactionInterceptor.invoke(TransactionInterceptor.java:118)
	at org.springframework.aop.framework.ReflectiveMethodInvocation.proceed(ReflectiveMethodInvocation.java:186)
	at org.springframework.aop.framework.CglibAopProxy$CglibMethodInvocation.proceed(CglibAopProxy.java:749)
	at org.springframework.aop.interceptor.AsyncExecutionInterceptor.lambda$invoke$0(AsyncExecutionInterceptor.java:115)
	at java.util.concurrent.FutureTask.run(FutureTask.java:266)
	at java.util.concurrent.ThreadPoolExecutor.runWorker(ThreadPoolExecutor.java:1149)
	at java.util.concurrent.ThreadPoolExecutor$Worker.run(ThreadPoolExecutor.java:624)
	at java.lang.Thread.run(Thread.java:750)
Caused by: java.sql.BatchUpdateException: Data truncation: Data too long for column 'profession_name' at row 135
	at sun.reflect.GeneratedConstructorAccessor89.newInstance(Unknown Source)
	at sun.reflect.DelegatingConstructorAccessorImpl.newInstance(DelegatingConstructorAccessorImpl.java:45)
	at java.lang.reflect.Constructor.newInstance(Constructor.java:423)
	at com.mysql.cj.util.Util.handleNewInstance(Util.java:192)
	at com.mysql.cj.util.Util.getInstance(Util.java:167)
	at com.mysql.cj.util.Util.getInstance(Util.java:174)
	at com.mysql.cj.jdbc.exceptions.SQLError.createBatchUpdateException(SQLError.java:224)
	at com.mysql.cj.jdbc.ClientPreparedStatement.executeBatchedInserts(ClientPreparedStatement.java:755)
	at com.mysql.cj.jdbc.ClientPreparedStatement.executeBatchInternal(ClientPreparedStatement.java:426)
	at com.mysql.cj.jdbc.StatementImpl.executeBatch(StatementImpl.java:796)
	at com.alibaba.druid.filter.FilterChainImpl.statement_executeBatch(FilterChainImpl.java:3066)
	at com.alibaba.druid.filter.FilterAdapter.statement_executeBatch(FilterAdapter.java:2496)
	at com.alibaba.druid.filter.FilterEventAdapter.statement_executeBatch(FilterEventAdapter.java:279)
	at com.alibaba.druid.filter.FilterChainImpl.statement_executeBatch(FilterChainImpl.java:3064)
	at com.alibaba.druid.proxy.jdbc.StatementProxyImpl.executeBatch(StatementProxyImpl.java:202)
	at com.alibaba.druid.pool.DruidPooledPreparedStatement.executeBatch(DruidPooledPreparedStatement.java:566)
	at sun.reflect.GeneratedMethodAccessor212.invoke(Unknown Source)
	at sun.reflect.DelegatingMethodAccessorImpl.invoke(DelegatingMethodAccessorImpl.java:43)
	at java.lang.reflect.Method.invoke(Method.java:498)
	at org.apache.ibatis.logging.jdbc.PreparedStatementLogger.invoke(PreparedStatementLogger.java:78)
	at com.sun.proxy.$Proxy151.executeBatch(Unknown Source)
	at com.baomidou.mybatisplus.core.executor.MybatisBatchExecutor.doFlushStatements(MybatisBatchExecutor.java:135)
	at org.apache.ibatis.executor.BaseExecutor.flushStatements(BaseExecutor.java:129)
	at org.apache.ibatis.executor.BaseExecutor.flushStatements(BaseExecutor.java:122)
	at com.baomidou.mybatisplus.core.executor.MybatisCachingExecutor.flushStatements(MybatisCachingExecutor.java:218)
	at sun.reflect.GeneratedMethodAccessor213.invoke(Unknown Source)
	at sun.reflect.DelegatingMethodAccessorImpl.invoke(DelegatingMethodAccessorImpl.java:43)
	at java.lang.reflect.Method.invoke(Method.java:498)
	at org.apache.ibatis.plugin.Plugin.invoke(Plugin.java:64)
	at com.sun.proxy.$Proxy148.flushStatements(Unknown Source)
	at sun.reflect.GeneratedMethodAccessor213.invoke(Unknown Source)
	at sun.reflect.DelegatingMethodAccessorImpl.invoke(DelegatingMethodAccessorImpl.java:43)
	at java.lang.reflect.Method.invoke(Method.java:498)
	at org.apache.ibatis.plugin.Plugin.invoke(Plugin.java:64)
	at com.sun.proxy.$Proxy148.flushStatements(Unknown Source)
	at org.apache.ibatis.session.defaults.DefaultSqlSession.flushStatements(DefaultSqlSession.java:249)
	at com.baomidou.mybatisplus.extension.toolkit.SqlHelper.lambda$executeBatch$0(SqlHelper.java:217)
	at com.baomidou.mybatisplus.extension.toolkit.SqlHelper.executeBatch(SqlHelper.java:179)
	... 51 common frames omitted
Caused by: com.mysql.cj.jdbc.exceptions.MysqlDataTruncation: Data truncation: Data too long for column 'profession_name' at row 135
	at com.mysql.cj.jdbc.exceptions.SQLExceptionsMapping.translateException(SQLExceptionsMapping.java:104)
	at com.mysql.cj.jdbc.ClientPreparedStatement.executeInternal(ClientPreparedStatement.java:953)
	at com.mysql.cj.jdbc.ClientPreparedStatement.executeUpdateInternal(ClientPreparedStatement.java:1092)
	at com.mysql.cj.jdbc.ClientPreparedStatement.executeUpdateInternal(ClientPreparedStatement.java:1040)
	at com.mysql.cj.jdbc.ClientPreparedStatement.executeLargeUpdate(ClientPreparedStatement.java:1347)
	at com.mysql.cj.jdbc.ClientPreparedStatement.executeBatchedInserts(ClientPreparedStatement.java:716)
	... 81 common frames omitted
2026-04-17 17:24:32.455 [[36mthreadPoolTaskExecutor-1[0;39m] [[1;31mERROR[0;39m] [[32mcom.mock.example.common.utils.ExcelUtil[0;39m]: 流式解析 Excel 行失败: rowIndex=88033
org.springframework.dao.DataIntegrityViolationException: com.mock.example.modules.entrance.mapper.CeProfessionMapper.insert (batch index #1) failed. Cause: java.sql.BatchUpdateException: Data truncation: Data too long for column 'profession_name' at row 973
; Data truncation: Data too long for column 'profession_name' at row 973; nested exception is java.sql.BatchUpdateException: Data truncation: Data too long for column 'profession_name' at row 973
	at org.springframework.jdbc.support.SQLStateSQLExceptionTranslator.doTranslate(SQLStateSQLExceptionTranslator.java:104)
	at org.springframework.jdbc.support.AbstractFallbackSQLExceptionTranslator.translate(AbstractFallbackSQLExceptionTranslator.java:72)
	at org.springframework.jdbc.support.AbstractFallbackSQLExceptionTranslator.translate(AbstractFallbackSQLExceptionTranslator.java:81)
	at org.springframework.jdbc.support.AbstractFallbackSQLExceptionTranslator.translate(AbstractFallbackSQLExceptionTranslator.java:81)
	at org.mybatis.spring.MyBatisExceptionTranslator.translateExceptionIfPossible(MyBatisExceptionTranslator.java:88)
	at com.baomidou.mybatisplus.extension.toolkit.SqlHelper.executeBatch(SqlHelper.java:189)
	at com.baomidou.mybatisplus.extension.toolkit.SqlHelper.executeBatch(SqlHelper.java:211)
	at com.baomidou.mybatisplus.extension.service.impl.ServiceImpl.executeBatch(ServiceImpl.java:234)
	at com.baomidou.mybatisplus.extension.service.impl.ServiceImpl.saveBatch(ServiceImpl.java:130)
	at com.baomidou.mybatisplus.extension.service.impl.ServiceImpl$$FastClassBySpringCGLIB$$76535273.invoke(<generated>)
	at org.springframework.cglib.proxy.MethodProxy.invoke(MethodProxy.java:218)
	at org.springframework.aop.framework.CglibAopProxy$CglibMethodInvocation.invokeJoinpoint(CglibAopProxy.java:771)
	at org.springframework.aop.framework.ReflectiveMethodInvocation.proceed(ReflectiveMethodInvocation.java:163)
	at org.springframework.aop.framework.CglibAopProxy$CglibMethodInvocation.proceed(CglibAopProxy.java:749)
	at org.springframework.dao.support.PersistenceExceptionTranslationInterceptor.invoke(PersistenceExceptionTranslationInterceptor.java:139)
	at org.springframework.aop.framework.ReflectiveMethodInvocation.proceed(ReflectiveMethodInvocation.java:186)
	at org.springframework.aop.framework.CglibAopProxy$CglibMethodInvocation.proceed(CglibAopProxy.java:749)
	at org.springframework.transaction.interceptor.TransactionAspectSupport.invokeWithinTransaction(TransactionAspectSupport.java:367)
	at org.springframework.transaction.interceptor.TransactionInterceptor.invoke(TransactionInterceptor.java:118)
	at org.springframework.aop.framework.ReflectiveMethodInvocation.proceed(ReflectiveMethodInvocation.java:186)
	at org.springframework.aop.framework.CglibAopProxy$CglibMethodInvocation.proceed(CglibAopProxy.java:749)
	at org.springframework.aop.framework.CglibAopProxy$DynamicAdvisedInterceptor.intercept(CglibAopProxy.java:691)
	at com.mock.example.modules.entrance.repository.impl.CeProfessionRepoImpl$$EnhancerBySpringCGLIB$$5517fd5b.saveBatch(<generated>)
	at com.mock.example.modules.entrance.service.CeCollegeService.processImportBatch(CeCollegeService.java:221)
	at com.mock.example.modules.entrance.service.CeCollegeService.lambda$importCollegeDataAsync$6(CeCollegeService.java:133)
	at com.mock.example.common.utils.ExcelUtil$1.handle(ExcelUtil.java:261)
	at cn.hutool.poi.excel.sax.Excel07SaxReader.endElement(Excel07SaxReader.java:259)
	at org.apache.xerces.parsers.AbstractSAXParser.endElement(Unknown Source)
	at org.apache.xerces.impl.XMLNSDocumentScannerImpl.scanEndElement(Unknown Source)
	at org.apache.xerces.impl.XMLDocumentFragmentScannerImpl$FragmentContentDispatcher.dispatch(Unknown Source)
	at org.apache.xerces.impl.XMLDocumentFragmentScannerImpl.scanDocument(Unknown Source)
	at org.apache.xerces.parsers.XML11Configuration.parse(Unknown Source)
	at org.apache.xerces.parsers.XML11Configuration.parse(Unknown Source)
	at org.apache.xerces.parsers.XMLParser.parse(Unknown Source)
	at org.apache.xerces.parsers.AbstractSAXParser.parse(Unknown Source)
	at cn.hutool.poi.excel.sax.Excel07SaxReader.parse(Excel07SaxReader.java:337)
	at cn.hutool.poi.excel.sax.Excel07SaxReader.read(Excel07SaxReader.java:152)
	at cn.hutool.poi.excel.sax.Excel07SaxReader.read(Excel07SaxReader.java:122)
	at cn.hutool.poi.excel.ExcelUtil.read07BySax(ExcelUtil.java:84)
	at cn.hutool.poi.excel.ExcelUtil.readBySax(ExcelUtil.java:67)
	at cn.hutool.poi.excel.ExcelUtil.readBySax(ExcelUtil.java:53)
	at com.mock.example.common.utils.ExcelUtil.importExcelStreaming(ExcelUtil.java:186)
	at com.mock.example.modules.entrance.service.CeCollegeService.importCollegeDataAsync(CeCollegeService.java:132)
	at com.mock.example.modules.entrance.service.CeCollegeService$$FastClassBySpringCGLIB$$f1f9cc0f.invoke(<generated>)
	at org.springframework.cglib.proxy.MethodProxy.invoke(MethodProxy.java:218)
	at org.springframework.aop.framework.CglibAopProxy$CglibMethodInvocation.invokeJoinpoint(CglibAopProxy.java:771)
	at org.springframework.aop.framework.ReflectiveMethodInvocation.proceed(ReflectiveMethodInvocation.java:163)
	at org.springframework.aop.framework.CglibAopProxy$CglibMethodInvocation.proceed(CglibAopProxy.java:749)
	at org.springframework.transaction.interceptor.TransactionAspectSupport.invokeWithinTransaction(TransactionAspectSupport.java:367)
	at org.springframework.transaction.interceptor.TransactionInterceptor.invoke(TransactionInterceptor.java:118)
	at org.springframework.aop.framework.ReflectiveMethodInvocation.proceed(ReflectiveMethodInvocation.java:186)
	at org.springframework.aop.framework.CglibAopProxy$CglibMethodInvocation.proceed(CglibAopProxy.java:749)
	at org.springframework.aop.interceptor.AsyncExecutionInterceptor.lambda$invoke$0(AsyncExecutionInterceptor.java:115)
	at java.util.concurrent.FutureTask.run(FutureTask.java:266)
	at java.util.concurrent.ThreadPoolExecutor.runWorker(ThreadPoolExecutor.java:1149)
	at java.util.concurrent.ThreadPoolExecutor$Worker.run(ThreadPoolExecutor.java:624)
	at java.lang.Thread.run(Thread.java:750)
Caused by: java.sql.BatchUpdateException: Data truncation: Data too long for column 'profession_name' at row 973
	at sun.reflect.GeneratedConstructorAccessor89.newInstance(Unknown Source)
	at sun.reflect.DelegatingConstructorAccessorImpl.newInstance(DelegatingConstructorAccessorImpl.java:45)
	at java.lang.reflect.Constructor.newInstance(Constructor.java:423)
	at com.mysql.cj.util.Util.handleNewInstance(Util.java:192)
	at com.mysql.cj.util.Util.getInstance(Util.java:167)
	at com.mysql.cj.util.Util.getInstance(Util.java:174)
	at com.mysql.cj.jdbc.exceptions.SQLError.createBatchUpdateException(SQLError.java:224)
	at com.mysql.cj.jdbc.ClientPreparedStatement.executeBatchedInserts(ClientPreparedStatement.java:755)
	at com.mysql.cj.jdbc.ClientPreparedStatement.executeBatchInternal(ClientPreparedStatement.java:426)
	at com.mysql.cj.jdbc.StatementImpl.executeBatch(StatementImpl.java:796)
	at com.alibaba.druid.filter.FilterChainImpl.statement_executeBatch(FilterChainImpl.java:3066)
	at com.alibaba.druid.filter.FilterAdapter.statement_executeBatch(FilterAdapter.java:2496)
	at com.alibaba.druid.filter.FilterEventAdapter.statement_executeBatch(FilterEventAdapter.java:279)
	at com.alibaba.druid.filter.FilterChainImpl.statement_executeBatch(FilterChainImpl.java:3064)
	at com.alibaba.druid.proxy.jdbc.StatementProxyImpl.executeBatch(StatementProxyImpl.java:202)
	at com.alibaba.druid.pool.DruidPooledPreparedStatement.executeBatch(DruidPooledPreparedStatement.java:566)
	at sun.reflect.GeneratedMethodAccessor212.invoke(Unknown Source)
	at sun.reflect.DelegatingMethodAccessorImpl.invoke(DelegatingMethodAccessorImpl.java:43)
	at java.lang.reflect.Method.invoke(Method.java:498)
	at org.apache.ibatis.logging.jdbc.PreparedStatementLogger.invoke(PreparedStatementLogger.java:78)
	at com.sun.proxy.$Proxy151.executeBatch(Unknown Source)
	at com.baomidou.mybatisplus.core.executor.MybatisBatchExecutor.doFlushStatements(MybatisBatchExecutor.java:135)
	at org.apache.ibatis.executor.BaseExecutor.flushStatements(BaseExecutor.java:129)
	at org.apache.ibatis.executor.BaseExecutor.flushStatements(BaseExecutor.java:122)
	at com.baomidou.mybatisplus.core.executor.MybatisCachingExecutor.flushStatements(MybatisCachingExecutor.java:218)
	at sun.reflect.GeneratedMethodAccessor213.invoke(Unknown Source)
	at sun.reflect.DelegatingMethodAccessorImpl.invoke(DelegatingMethodAccessorImpl.java:43)
	at java.lang.reflect.Method.invoke(Method.java:498)
	at org.apache.ibatis.plugin.Plugin.invoke(Plugin.java:64)
	at com.sun.proxy.$Proxy148.flushStatements(Unknown Source)
	at sun.reflect.GeneratedMethodAccessor213.invoke(Unknown Source)
	at sun.reflect.DelegatingMethodAccessorImpl.invoke(DelegatingMethodAccessorImpl.java:43)
	at java.lang.reflect.Method.invoke(Method.java:498)
	at org.apache.ibatis.plugin.Plugin.invoke(Plugin.java:64)
	at com.sun.proxy.$Proxy148.flushStatements(Unknown Source)
	at org.apache.ibatis.session.defaults.DefaultSqlSession.flushStatements(DefaultSqlSession.java:249)
	at com.baomidou.mybatisplus.extension.toolkit.SqlHelper.lambda$executeBatch$0(SqlHelper.java:217)
	at com.baomidou.mybatisplus.extension.toolkit.SqlHelper.executeBatch(SqlHelper.java:179)
	... 51 common frames omitted
Caused by: com.mysql.cj.jdbc.exceptions.MysqlDataTruncation: Data truncation: Data too long for column 'profession_name' at row 973
	at com.mysql.cj.jdbc.exceptions.SQLExceptionsMapping.translateException(SQLExceptionsMapping.java:104)
	at com.mysql.cj.jdbc.ClientPreparedStatement.executeInternal(ClientPreparedStatement.java:953)
	at com.mysql.cj.jdbc.ClientPreparedStatement.executeUpdateInternal(ClientPreparedStatement.java:1092)
	at com.mysql.cj.jdbc.ClientPreparedStatement.executeUpdateInternal(ClientPreparedStatement.java:1040)
	at com.mysql.cj.jdbc.ClientPreparedStatement.executeLargeUpdate(ClientPreparedStatement.java:1347)
	at com.mysql.cj.jdbc.ClientPreparedStatement.executeBatchedInserts(ClientPreparedStatement.java:716)
	... 81 common frames omitted
2026-04-17 17:24:33.876 [[36mthreadPoolTaskExecutor-1[0;39m] [[1;31mERROR[0;39m] [[32mcom.mock.example.common.utils.ExcelUtil[0;39m]: 流式解析 Excel 行失败: rowIndex=90034
org.springframework.dao.DataIntegrityViolationException: com.mock.example.modules.entrance.mapper.CeProfessionMapper.insert (batch index #3) failed. 2 prior sub executor(s) completed successfully, but will be rolled back. Cause: java.sql.BatchUpdateException: Data truncation: Data too long for column 'profession_name' at row 108
; Data truncation: Data too long for column 'profession_name' at row 108; nested exception is java.sql.BatchUpdateException: Data truncation: Data too long for column 'profession_name' at row 108
	at org.springframework.jdbc.support.SQLStateSQLExceptionTranslator.doTranslate(SQLStateSQLExceptionTranslator.java:104)
	at org.springframework.jdbc.support.AbstractFallbackSQLExceptionTranslator.translate(AbstractFallbackSQLExceptionTranslator.java:72)
	at org.springframework.jdbc.support.AbstractFallbackSQLExceptionTranslator.translate(AbstractFallbackSQLExceptionTranslator.java:81)
	at org.springframework.jdbc.support.AbstractFallbackSQLExceptionTranslator.translate(AbstractFallbackSQLExceptionTranslator.java:81)
	at org.mybatis.spring.MyBatisExceptionTranslator.translateExceptionIfPossible(MyBatisExceptionTranslator.java:88)
	at com.baomidou.mybatisplus.extension.toolkit.SqlHelper.executeBatch(SqlHelper.java:189)
	at com.baomidou.mybatisplus.extension.toolkit.SqlHelper.executeBatch(SqlHelper.java:211)
	at com.baomidou.mybatisplus.extension.service.impl.ServiceImpl.executeBatch(ServiceImpl.java:234)
	at com.baomidou.mybatisplus.extension.service.impl.ServiceImpl.saveBatch(ServiceImpl.java:130)
	at com.baomidou.mybatisplus.extension.service.impl.ServiceImpl$$FastClassBySpringCGLIB$$76535273.invoke(<generated>)
	at org.springframework.cglib.proxy.MethodProxy.invoke(MethodProxy.java:218)
	at org.springframework.aop.framework.CglibAopProxy$CglibMethodInvocation.invokeJoinpoint(CglibAopProxy.java:771)
	at org.springframework.aop.framework.ReflectiveMethodInvocation.proceed(ReflectiveMethodInvocation.java:163)
	at org.springframework.aop.framework.CglibAopProxy$CglibMethodInvocation.proceed(CglibAopProxy.java:749)
	at org.springframework.dao.support.PersistenceExceptionTranslationInterceptor.invoke(PersistenceExceptionTranslationInterceptor.java:139)
	at org.springframework.aop.framework.ReflectiveMethodInvocation.proceed(ReflectiveMethodInvocation.java:186)
	at org.springframework.aop.framework.CglibAopProxy$CglibMethodInvocation.proceed(CglibAopProxy.java:749)
	at org.springframework.transaction.interceptor.TransactionAspectSupport.invokeWithinTransaction(TransactionAspectSupport.java:367)
	at org.springframework.transaction.interceptor.TransactionInterceptor.invoke(TransactionInterceptor.java:118)
	at org.springframework.aop.framework.ReflectiveMethodInvocation.proceed(ReflectiveMethodInvocation.java:186)
	at org.springframework.aop.framework.CglibAopProxy$CglibMethodInvocation.proceed(CglibAopProxy.java:749)
	at org.springframework.aop.framework.CglibAopProxy$DynamicAdvisedInterceptor.intercept(CglibAopProxy.java:691)
	at com.mock.example.modules.entrance.repository.impl.CeProfessionRepoImpl$$EnhancerBySpringCGLIB$$5517fd5b.saveBatch(<generated>)
	at com.mock.example.modules.entrance.service.CeCollegeService.processImportBatch(CeCollegeService.java:221)
	at com.mock.example.modules.entrance.service.CeCollegeService.lambda$importCollegeDataAsync$6(CeCollegeService.java:133)
	at com.mock.example.common.utils.ExcelUtil$1.handle(ExcelUtil.java:261)
	at cn.hutool.poi.excel.sax.Excel07SaxReader.endElement(Excel07SaxReader.java:259)
	at org.apache.xerces.parsers.AbstractSAXParser.endElement(Unknown Source)
	at org.apache.xerces.impl.XMLNSDocumentScannerImpl.scanEndElement(Unknown Source)
	at org.apache.xerces.impl.XMLDocumentFragmentScannerImpl$FragmentContentDispatcher.dispatch(Unknown Source)
	at org.apache.xerces.impl.XMLDocumentFragmentScannerImpl.scanDocument(Unknown Source)
	at org.apache.xerces.parsers.XML11Configuration.parse(Unknown Source)
	at org.apache.xerces.parsers.XML11Configuration.parse(Unknown Source)
	at org.apache.xerces.parsers.XMLParser.parse(Unknown Source)
	at org.apache.xerces.parsers.AbstractSAXParser.parse(Unknown Source)
	at cn.hutool.poi.excel.sax.Excel07SaxReader.parse(Excel07SaxReader.java:337)
	at cn.hutool.poi.excel.sax.Excel07SaxReader.read(Excel07SaxReader.java:152)
	at cn.hutool.poi.excel.sax.Excel07SaxReader.read(Excel07SaxReader.java:122)
	at cn.hutool.poi.excel.ExcelUtil.read07BySax(ExcelUtil.java:84)
	at cn.hutool.poi.excel.ExcelUtil.readBySax(ExcelUtil.java:67)
	at cn.hutool.poi.excel.ExcelUtil.readBySax(ExcelUtil.java:53)
	at com.mock.example.common.utils.ExcelUtil.importExcelStreaming(ExcelUtil.java:186)
	at com.mock.example.modules.entrance.service.CeCollegeService.importCollegeDataAsync(CeCollegeService.java:132)
	at com.mock.example.modules.entrance.service.CeCollegeService$$FastClassBySpringCGLIB$$f1f9cc0f.invoke(<generated>)
	at org.springframework.cglib.proxy.MethodProxy.invoke(MethodProxy.java:218)
	at org.springframework.aop.framework.CglibAopProxy$CglibMethodInvocation.invokeJoinpoint(CglibAopProxy.java:771)
	at org.springframework.aop.framework.ReflectiveMethodInvocation.proceed(ReflectiveMethodInvocation.java:163)
	at org.springframework.aop.framework.CglibAopProxy$CglibMethodInvocation.proceed(CglibAopProxy.java:749)
	at org.springframework.transaction.interceptor.TransactionAspectSupport.invokeWithinTransaction(TransactionAspectSupport.java:367)
	at org.springframework.transaction.interceptor.TransactionInterceptor.invoke(TransactionInterceptor.java:118)
	at org.springframework.aop.framework.ReflectiveMethodInvocation.proceed(ReflectiveMethodInvocation.java:186)
	at org.springframework.aop.framework.CglibAopProxy$CglibMethodInvocation.proceed(CglibAopProxy.java:749)
	at org.springframework.aop.interceptor.AsyncExecutionInterceptor.lambda$invoke$0(AsyncExecutionInterceptor.java:115)
	at java.util.concurrent.FutureTask.run(FutureTask.java:266)
	at java.util.concurrent.ThreadPoolExecutor.runWorker(ThreadPoolExecutor.java:1149)
	at java.util.concurrent.ThreadPoolExecutor$Worker.run(ThreadPoolExecutor.java:624)
	at java.lang.Thread.run(Thread.java:750)
Caused by: java.sql.BatchUpdateException: Data truncation: Data too long for column 'profession_name' at row 108
	at sun.reflect.GeneratedConstructorAccessor89.newInstance(Unknown Source)
	at sun.reflect.DelegatingConstructorAccessorImpl.newInstance(DelegatingConstructorAccessorImpl.java:45)
	at java.lang.reflect.Constructor.newInstance(Constructor.java:423)
	at com.mysql.cj.util.Util.handleNewInstance(Util.java:192)
	at com.mysql.cj.util.Util.getInstance(Util.java:167)
	at com.mysql.cj.util.Util.getInstance(Util.java:174)
	at com.mysql.cj.jdbc.exceptions.SQLError.createBatchUpdateException(SQLError.java:224)
	at com.mysql.cj.jdbc.ClientPreparedStatement.executeBatchedInserts(ClientPreparedStatement.java:755)
	at com.mysql.cj.jdbc.ClientPreparedStatement.executeBatchInternal(ClientPreparedStatement.java:426)
	at com.mysql.cj.jdbc.StatementImpl.executeBatch(StatementImpl.java:796)
	at com.alibaba.druid.filter.FilterChainImpl.statement_executeBatch(FilterChainImpl.java:3066)
	at com.alibaba.druid.filter.FilterAdapter.statement_executeBatch(FilterAdapter.java:2496)
	at com.alibaba.druid.filter.FilterEventAdapter.statement_executeBatch(FilterEventAdapter.java:279)
	at com.alibaba.druid.filter.FilterChainImpl.statement_executeBatch(FilterChainImpl.java:3064)
	at com.alibaba.druid.proxy.jdbc.StatementProxyImpl.executeBatch(StatementProxyImpl.java:202)
	at com.alibaba.druid.pool.DruidPooledPreparedStatement.executeBatch(DruidPooledPreparedStatement.java:566)
	at sun.reflect.GeneratedMethodAccessor212.invoke(Unknown Source)
	at sun.reflect.DelegatingMethodAccessorImpl.invoke(DelegatingMethodAccessorImpl.java:43)
	at java.lang.reflect.Method.invoke(Method.java:498)
	at org.apache.ibatis.logging.jdbc.PreparedStatementLogger.invoke(PreparedStatementLogger.java:78)
	at com.sun.proxy.$Proxy151.executeBatch(Unknown Source)
	at com.baomidou.mybatisplus.core.executor.MybatisBatchExecutor.doFlushStatements(MybatisBatchExecutor.java:135)
	at org.apache.ibatis.executor.BaseExecutor.flushStatements(BaseExecutor.java:129)
	at org.apache.ibatis.executor.BaseExecutor.flushStatements(BaseExecutor.java:122)
	at com.baomidou.mybatisplus.core.executor.MybatisCachingExecutor.flushStatements(MybatisCachingExecutor.java:218)
	at sun.reflect.GeneratedMethodAccessor213.invoke(Unknown Source)
	at sun.reflect.DelegatingMethodAccessorImpl.invoke(DelegatingMethodAccessorImpl.java:43)
	at java.lang.reflect.Method.invoke(Method.java:498)
	at org.apache.ibatis.plugin.Plugin.invoke(Plugin.java:64)
	at com.sun.proxy.$Proxy148.flushStatements(Unknown Source)
	at sun.reflect.GeneratedMethodAccessor213.invoke(Unknown Source)
	at sun.reflect.DelegatingMethodAccessorImpl.invoke(DelegatingMethodAccessorImpl.java:43)
	at java.lang.reflect.Method.invoke(Method.java:498)
	at org.apache.ibatis.plugin.Plugin.invoke(Plugin.java:64)
	at com.sun.proxy.$Proxy148.flushStatements(Unknown Source)
	at org.apache.ibatis.session.defaults.DefaultSqlSession.flushStatements(DefaultSqlSession.java:249)
	at com.baomidou.mybatisplus.extension.toolkit.SqlHelper.lambda$executeBatch$0(SqlHelper.java:217)
	at com.baomidou.mybatisplus.extension.toolkit.SqlHelper.executeBatch(SqlHelper.java:179)
	... 51 common frames omitted
Caused by: com.mysql.cj.jdbc.exceptions.MysqlDataTruncation: Data truncation: Data too long for column 'profession_name' at row 108
	at com.mysql.cj.jdbc.exceptions.SQLExceptionsMapping.translateException(SQLExceptionsMapping.java:104)
	at com.mysql.cj.jdbc.ClientPreparedStatement.executeInternal(ClientPreparedStatement.java:953)
	at com.mysql.cj.jdbc.ClientPreparedStatement.executeUpdateInternal(ClientPreparedStatement.java:1092)
	at com.mysql.cj.jdbc.ClientPreparedStatement.executeUpdateInternal(ClientPreparedStatement.java:1040)
	at com.mysql.cj.jdbc.ClientPreparedStatement.executeLargeUpdate(ClientPreparedStatement.java:1347)
	at com.mysql.cj.jdbc.ClientPreparedStatement.executeBatchedInserts(ClientPreparedStatement.java:716)
	... 81 common frames omitted
2026-04-17 17:24:35.454 [[36mthreadPoolTaskExecutor-1[0;39m] [[34mINFO [0;39m] [[32mc.mock.example.modules.entrance.service.CeCollegeService[0;39m]: 【异步任务】导入完成，总处理: 161900, 成功: 161900, 失败: 0
2026-04-17 17:24:36.258 [[36mthreadPoolTaskExecutor-1[0;39m] [[1;31mERROR[0;39m] [[32mo.s.aop.interceptor.SimpleAsyncUncaughtExceptionHandler[0;39m]: Unexpected exception occurred invoking async method: public void com.mock.example.modules.entrance.service.CeCollegeService.importCollegeDataAsync(java.lang.String,boolean,java.lang.String,java.lang.String)
org.springframework.transaction.UnexpectedRollbackException: Transaction rolled back because it has been marked as rollback-only
	at org.springframework.transaction.support.AbstractPlatformTransactionManager.processRollback(AbstractPlatformTransactionManager.java:870)
	at org.springframework.transaction.support.AbstractPlatformTransactionManager.commit(AbstractPlatformTransactionManager.java:707)
	at org.springframework.transaction.interceptor.TransactionAspectSupport.commitTransactionAfterReturning(TransactionAspectSupport.java:633)
	at org.springframework.transaction.interceptor.TransactionAspectSupport.invokeWithinTransaction(TransactionAspectSupport.java:386)
	at org.springframework.transaction.interceptor.TransactionInterceptor.invoke(TransactionInterceptor.java:118)
	at org.springframework.aop.framework.ReflectiveMethodInvocation.proceed(ReflectiveMethodInvocation.java:186)
	at org.springframework.aop.framework.CglibAopProxy$CglibMethodInvocation.proceed(CglibAopProxy.java:749)
	at org.springframework.aop.interceptor.AsyncExecutionInterceptor.lambda$invoke$0(AsyncExecutionInterceptor.java:115)
	at java.util.concurrent.FutureTask.run(FutureTask.java:266)
	at java.util.concurrent.ThreadPoolExecutor.runWorker(ThreadPoolExecutor.java:1149)
	at java.util.concurrent.ThreadPoolExecutor$Worker.run(ThreadPoolExecutor.java:624)
	at java.lang.Thread.run(Thread.java:750)
2026-04-17 17:24:54.307 [[36mSpringContextShutdownHook[0;39m] [[34mINFO [0;39m] [[32mo.s.scheduling.concurrent.ThreadPoolTaskExecutor[0;39m]: Shutting down ExecutorService 'threadPoolTaskExecutor'
2026-04-17 17:24:54.322 [[36mSpringContextShutdownHook[0;39m] [[34mINFO [0;39m] [[32mcom.alibaba.druid.pool.DruidDataSource[0;39m]: {dataSource-1} closed
2026-04-17 17:24:54.322 [[36mSpringContextShutdownHook[0;39m] [[34mINFO [0;39m] [[32msys-user[0;39m]: ====关闭后台任务任务线程池====
2026-04-17 17:24:54.326 [[36mSpringContextShutdownHook[0;39m] [[31mWARN [0;39m] [[32mo.s.context.annotation.CommonAnnotationBeanPostProcessor[0;39m]: Destroy method on bean with name 'shutdownManager' threw an exception: java.lang.ExceptionInInitializerError
2026-04-17 17:24:58.355 [[36mbackground-preinit[0;39m] [[34mINFO [0;39m] [[32morg.hibernate.validator.internal.util.Version[0;39m]: HV000001: Hibernate Validator 6.0.22.Final
2026-04-17 17:24:58.384 [[36mmain[0;39m] [[34mINFO [0;39m] [[32mcom.mock.example.WebApplication[0;39m]: Starting WebApplication on DESKTOP-7M1N7N1 with PID 24308 (C:\Users\Tuilg\OneDrive\Desktop\springboot+vue gaokao\后端代码\example\deploy\target\classes started by Tuilg in C:\Users\Tuilg\OneDrive\Desktop\springboot+vue gaokao)
2026-04-17 17:24:58.385 [[36mmain[0;39m] [[34mINFO [0;39m] [[32mcom.mock.example.WebApplication[0;39m]: The following profiles are active: dev
2026-04-17 17:24:59.720 [[36mmain[0;39m] [[34mINFO [0;39m] [[32mo.s.c.s.PostProcessorRegistrationDelegate$BeanPostProcessorChecker[0;39m]: Bean 'org.springframework.security.access.expression.method.DefaultMethodSecurityExpressionHandler@65bad087' of type [org.springframework.security.access.expression.method.DefaultMethodSecurityExpressionHandler] is not eligible for getting processed by all BeanPostProcessors (for example: not eligible for auto-proxying)
2026-04-17 17:24:59.726 [[36mmain[0;39m] [[34mINFO [0;39m] [[32mo.s.c.s.PostProcessorRegistrationDelegate$BeanPostProcessorChecker[0;39m]: Bean 'methodSecurityMetadataSource' of type [org.springframework.security.access.method.DelegatingMethodSecurityMetadataSource] is not eligible for getting processed by all BeanPostProcessors (for example: not eligible for auto-proxying)
2026-04-17 17:24:59.920 [[36mmain[0;39m] [[34mINFO [0;39m] [[32mo.s.boot.web.embedded.tomcat.TomcatWebServer[0;39m]: Tomcat initialized with port(s): 8082 (http)
2026-04-17 17:24:59.927 [[36mmain[0;39m] [[34mINFO [0;39m] [[32morg.apache.coyote.http11.Http11NioProtocol[0;39m]: Initializing ProtocolHandler ["http-nio-8082"]
2026-04-17 17:24:59.928 [[36mmain[0;39m] [[34mINFO [0;39m] [[32morg.apache.catalina.core.StandardService[0;39m]: Starting service [Tomcat]
2026-04-17 17:24:59.928 [[36mmain[0;39m] [[34mINFO [0;39m] [[32morg.apache.catalina.core.StandardEngine[0;39m]: Starting Servlet engine: [Apache Tomcat/9.0.41]
2026-04-17 17:25:00.063 [[36mmain[0;39m] [[34mINFO [0;39m] [[32mo.a.catalina.core.ContainerBase.[Tomcat].[localhost].[/][0;39m]: Initializing Spring embedded WebApplicationContext
2026-04-17 17:25:00.063 [[36mmain[0;39m] [[34mINFO [0;39m] [[32mo.s.b.w.s.context.ServletWebServerApplicationContext[0;39m]: Root WebApplicationContext: initialization completed in 1646 ms
2026-04-17 17:25:00.298 [[36mmain[0;39m] [[34mINFO [0;39m] [[32mc.a.d.s.boot.autoconfigure.DruidDataSourceAutoConfigure[0;39m]: Init DruidDataSource
2026-04-17 17:25:00.418 [[36mmain[0;39m] [[34mINFO [0;39m] [[32mcom.alibaba.druid.pool.DruidDataSource[0;39m]: {dataSource-1} inited
2026-04-17 17:25:02.835 [[36mmain[0;39m] [[34mINFO [0;39m] [[32mo.s.scheduling.concurrent.ThreadPoolTaskExecutor[0;39m]: Initializing ExecutorService 'threadPoolTaskExecutor'
2026-04-17 17:25:03.146 [[36mmain[0;39m] [[34mINFO [0;39m] [[32mo.s.security.web.DefaultSecurityFilterChain[0;39m]: Creating filter chain: any request, [org.springframework.security.web.context.request.async.WebAsyncManagerIntegrationFilter@46591e98, org.springframework.security.web.context.SecurityContextPersistenceFilter@65259c53, org.springframework.security.web.header.HeaderWriterFilter@30bd39d5, org.springframework.web.filter.CorsFilter@68b11545, org.springframework.web.filter.CorsFilter@68b11545, org.springframework.security.web.authentication.logout.LogoutFilter@64eeddd8, com.mock.example.common.config.security.filter.JwtAuthenticationTokenFilter@721d5b74, org.springframework.security.web.savedrequest.RequestCacheAwareFilter@141b011a, org.springframework.security.web.servletapi.SecurityContextHolderAwareRequestFilter@492c8137, org.springframework.security.web.authentication.AnonymousAuthenticationFilter@5b6cc344, org.springframework.security.web.session.SessionManagementFilter@5bf523e3, org.springframework.security.web.access.ExceptionTranslationFilter@d2cb2d0, org.springframework.security.web.access.intercept.FilterSecurityInterceptor@71668a67]
2026-04-17 17:25:03.781 [[36mmain[0;39m] [[34mINFO [0;39m] [[32morg.apache.coyote.http11.Http11NioProtocol[0;39m]: Starting ProtocolHandler ["http-nio-8082"]
2026-04-17 17:25:03.802 [[36mmain[0;39m] [[34mINFO [0;39m] [[32mo.s.boot.web.embedded.tomcat.TomcatWebServer[0;39m]: Tomcat started on port(s): 8082 (http) with context path ''
2026-04-17 17:25:03.804 [[36mmain[0;39m] [[34mINFO [0;39m] [[32mcom.mock.example.WebApplication[0;39m]: Started WebApplication in 5.845 seconds (JVM running for 7.072)
2026-04-17 17:25:07.440 [[36mhttp-nio-8082-exec-1[0;39m] [[34mINFO [0;39m] [[32mo.a.catalina.core.ContainerBase.[Tomcat].[localhost].[/][0;39m]: Initializing Spring DispatcherServlet 'dispatcherServlet'
2026-04-17 17:25:07.441 [[36mhttp-nio-8082-exec-1[0;39m] [[34mINFO [0;39m] [[32morg.springframework.web.servlet.DispatcherServlet[0;39m]: Initializing Servlet 'dispatcherServlet'
2026-04-17 17:25:07.446 [[36mhttp-nio-8082-exec-1[0;39m] [[34mINFO [0;39m] [[32morg.springframework.web.servlet.DispatcherServlet[0;39m]: Completed initialization in 5 ms
2026-04-17 17:30:32.872 [[36mSpringContextShutdownHook[0;39m] [[34mINFO [0;39m] [[32mo.s.scheduling.concurrent.ThreadPoolTaskExecutor[0;39m]: Shutting down ExecutorService 'threadPoolTaskExecutor'
2026-04-17 17:30:32.881 [[36mSpringContextShutdownHook[0;39m] [[34mINFO [0;39m] [[32mcom.alibaba.druid.pool.DruidDataSource[0;39m]: {dataSource-1} closed
2026-04-17 17:30:32.881 [[36mSpringContextShutdownHook[0;39m] [[34mINFO [0;39m] [[32msys-user[0;39m]: ====关闭后台任务任务线程池====
2026-04-17 17:30:32.884 [[36mSpringContextShutdownHook[0;39m] [[31mWARN [0;39m] [[32mo.s.context.annotation.CommonAnnotationBeanPostProcessor[0;39m]: Destroy method on bean with name 'shutdownManager' threw an exception: java.lang.ExceptionInInitializerError
